/*M!999999\- enable the sandbox mode */ 
-- MariaDB dump 10.19-11.7.2-MariaDB, for debian-linux-gnu (x86_64)
--
-- Host: localhost    Database: mes_backend_server
-- ------------------------------------------------------
-- Server version	11.7.2-MariaDB-ubu2404

/*!40101 SET @OLD_CHARACTER_SET_CLIENT=@@CHARACTER_SET_CLIENT */;
/*!40101 SET @OLD_CHARACTER_SET_RESULTS=@@CHARACTER_SET_RESULTS */;
/*!40101 SET @OLD_COLLATION_CONNECTION=@@COLLATION_CONNECTION */;
/*!40101 SET NAMES utf8mb4 */;
/*!40103 SET @OLD_TIME_ZONE=@@TIME_ZONE */;
/*!40103 SET TIME_ZONE='+00:00' */;
/*!40014 SET @OLD_UNIQUE_CHECKS=@@UNIQUE_CHECKS, UNIQUE_CHECKS=0 */;
/*!40014 SET @OLD_FOREIGN_KEY_CHECKS=@@FOREIGN_KEY_CHECKS, FOREIGN_KEY_CHECKS=0 */;
/*!40101 SET @OLD_SQL_MODE=@@SQL_MODE, SQL_MODE='NO_AUTO_VALUE_ON_ZERO' */;
/*M!100616 SET @OLD_NOTE_VERBOSITY=@@NOTE_VERBOSITY, NOTE_VERBOSITY=0 */;

--
-- Table structure for table `COM_CODE`
--

DROP TABLE IF EXISTS `COM_CODE`;
/*!40101 SET @saved_cs_client     = @@character_set_client */;
/*!40101 SET character_set_client = utf8mb4 */;
CREATE TABLE `COM_CODE` (
  `GRP_CD` varchar(20) NOT NULL COMMENT '그룹코드',
  `COM_CD` varchar(20) NOT NULL COMMENT '공통코드',
  `COM_NM` varchar(100) NOT NULL COMMENT '코드명',
  `COM_DESC` varchar(500) DEFAULT NULL COMMENT '코드설명',
  `SORT_SEQ` int(11) NOT NULL DEFAULT 0 COMMENT '정렬순서',
  `ATTR1` varchar(100) DEFAULT NULL COMMENT '속성1',
  `ATTR2` varchar(100) DEFAULT NULL COMMENT '속성2',
  `ATTR3` varchar(100) DEFAULT NULL COMMENT '속성3',
  `USE_YN` char(1) NOT NULL DEFAULT 'Y' COMMENT '사용여부',
  `REG_USER_ID` varchar(50) NOT NULL COMMENT '등록자ID',
  `REG_DTM` datetime NOT NULL DEFAULT current_timestamp() COMMENT '등록일시',
  `UPD_USER_ID` varchar(50) DEFAULT NULL COMMENT '수정자ID',
  `UPD_DTM` datetime DEFAULT NULL ON UPDATE current_timestamp() COMMENT '수정일시',
  PRIMARY KEY (`GRP_CD`,`COM_CD`),
  CONSTRAINT `FK_COM_CODE_GRP` FOREIGN KEY (`GRP_CD`) REFERENCES `COM_CODE_GRP` (`GRP_CD`)
) ENGINE=InnoDB DEFAULT CHARSET=utf8mb4 COLLATE=utf8mb4_general_ci COMMENT='공통코드';
/*!40101 SET character_set_client = @saved_cs_client */;

--
-- Dumping data for table `COM_CODE`
--

LOCK TABLES `COM_CODE` WRITE;
/*!40000 ALTER TABLE `COM_CODE` DISABLE KEYS */;
INSERT INTO `COM_CODE` VALUES
('CYCLE_TYPE','DAY','일',NULL,1,NULL,NULL,NULL,'Y','SYSTEM','2026-01-22 07:58:56',NULL,NULL),
('CYCLE_TYPE','HOUR','시간',NULL,6,NULL,NULL,NULL,'Y','SYSTEM','2026-01-22 07:58:56',NULL,NULL),
('CYCLE_TYPE','MONTH','월',NULL,3,NULL,NULL,NULL,'Y','SYSTEM','2026-01-22 07:58:56',NULL,NULL),
('CYCLE_TYPE','QUARTER','분기',NULL,4,NULL,NULL,NULL,'Y','SYSTEM','2026-01-22 07:58:56',NULL,NULL),
('CYCLE_TYPE','WEEK','주',NULL,2,NULL,NULL,NULL,'Y','SYSTEM','2026-01-22 07:58:56',NULL,NULL),
('CYCLE_TYPE','YEAR','년',NULL,5,NULL,NULL,NULL,'Y','SYSTEM','2026-01-22 07:58:56',NULL,NULL),
('DATA_TYPE','NUMBER','숫자',NULL,1,NULL,NULL,NULL,'Y','SYSTEM','2026-01-22 07:58:56',NULL,NULL),
('DATA_TYPE','SELECT','선택',NULL,4,NULL,NULL,NULL,'Y','SYSTEM','2026-01-22 07:58:56',NULL,NULL),
('DATA_TYPE','TEXT','텍스트',NULL,2,NULL,NULL,NULL,'Y','SYSTEM','2026-01-22 07:58:56',NULL,NULL),
('DATA_TYPE','YN','예/아니오',NULL,3,NULL,NULL,NULL,'Y','SYSTEM','2026-01-22 07:58:56',NULL,NULL),
('DEFECT_TYPE','APPEARANCE','외관불량',NULL,2,NULL,NULL,NULL,'Y','SYSTEM','2026-01-22 07:58:56',NULL,NULL),
('DEFECT_TYPE','DIMENSION','치수불량',NULL,1,NULL,NULL,NULL,'Y','SYSTEM','2026-01-22 07:58:56',NULL,NULL),
('DEFECT_TYPE','FUNCTION','기능불량',NULL,3,NULL,NULL,NULL,'Y','SYSTEM','2026-01-22 07:58:56',NULL,NULL),
('DEFECT_TYPE','MATERIAL','자재불량',NULL,4,NULL,NULL,NULL,'Y','SYSTEM','2026-01-22 07:58:56',NULL,NULL),
('DEFECT_TYPE','OTHER','기타불량',NULL,5,NULL,NULL,NULL,'Y','SYSTEM','2026-01-22 07:58:56',NULL,NULL),
('DISPOSITION','REINSPECT','재검사',NULL,3,NULL,NULL,NULL,'Y','SYSTEM','2026-01-22 07:58:56',NULL,NULL),
('DISPOSITION','RETURN','반품',NULL,5,NULL,NULL,NULL,'Y','SYSTEM','2026-01-22 07:58:56',NULL,NULL),
('DISPOSITION','REWORK','재작업',NULL,2,NULL,NULL,NULL,'Y','SYSTEM','2026-01-22 07:58:56',NULL,NULL),
('DISPOSITION','SCRAP','폐기',NULL,1,NULL,NULL,NULL,'Y','SYSTEM','2026-01-22 07:58:56',NULL,NULL),
('DISPOSITION','SPECIAL','특채',NULL,4,NULL,NULL,NULL,'Y','SYSTEM','2026-01-22 07:58:56',NULL,NULL),
('DOWNTIME_TYPE','BREAKDOWN','고장',NULL,1,NULL,NULL,NULL,'Y','SYSTEM','2026-01-22 07:58:56',NULL,NULL),
('DOWNTIME_TYPE','MAINT','정비',NULL,2,NULL,NULL,NULL,'Y','SYSTEM','2026-01-22 07:58:56',NULL,NULL),
('DOWNTIME_TYPE','MATERIAL','자재대기',NULL,4,NULL,NULL,NULL,'Y','SYSTEM','2026-01-22 07:58:56',NULL,NULL),
('DOWNTIME_TYPE','OTHER','기타',NULL,6,NULL,NULL,NULL,'Y','SYSTEM','2026-01-22 07:58:56',NULL,NULL),
('DOWNTIME_TYPE','QUALITY','품질문제',NULL,5,NULL,NULL,NULL,'Y','SYSTEM','2026-01-22 07:58:56',NULL,NULL),
('DOWNTIME_TYPE','SETUP','작업준비',NULL,3,NULL,NULL,NULL,'Y','SYSTEM','2026-01-22 07:58:56',NULL,NULL),
('EQP_STATUS','IDLE','대기',NULL,4,NULL,NULL,NULL,'Y','SYSTEM','2026-01-22 07:58:56',NULL,NULL),
('EQP_STATUS','MAINT','정비중',NULL,3,NULL,NULL,NULL,'Y','SYSTEM','2026-01-22 07:58:56',NULL,NULL),
('EQP_STATUS','RUN','가동',NULL,1,NULL,NULL,NULL,'Y','SYSTEM','2026-01-22 07:58:56',NULL,NULL),
('EQP_STATUS','STOP','비가동',NULL,2,NULL,NULL,NULL,'Y','SYSTEM','2026-01-22 07:58:56',NULL,NULL),
('INSPECT_TYPE','FQC','최종검사',NULL,3,NULL,NULL,NULL,'Y','SYSTEM','2026-01-22 07:58:56',NULL,NULL),
('INSPECT_TYPE','IQC','수입검사',NULL,1,NULL,NULL,NULL,'Y','SYSTEM','2026-01-22 07:58:56',NULL,NULL),
('INSPECT_TYPE','OQC','출하검사',NULL,4,NULL,NULL,NULL,'Y','SYSTEM','2026-01-22 07:58:56',NULL,NULL),
('INSPECT_TYPE','PQC','공정검사',NULL,2,NULL,NULL,NULL,'Y','SYSTEM','2026-01-22 07:58:56',NULL,NULL),
('ITEM_TYPE','CONSUMABLE','소모품',NULL,5,NULL,NULL,NULL,'Y','SYSTEM','2026-01-22 07:58:56',NULL,NULL),
('ITEM_TYPE','HALF','반제품',NULL,2,NULL,NULL,NULL,'Y','SYSTEM','2026-01-22 07:58:56',NULL,NULL),
('ITEM_TYPE','PART','부품',NULL,4,NULL,NULL,NULL,'Y','SYSTEM','2026-01-22 07:58:56',NULL,NULL),
('ITEM_TYPE','PRODUCT','완제품',NULL,3,NULL,NULL,NULL,'Y','SYSTEM','2026-01-22 07:58:56',NULL,NULL),
('ITEM_TYPE','RAW','원자재',NULL,1,NULL,NULL,NULL,'Y','SYSTEM','2026-01-22 07:58:56',NULL,NULL),
('JUDGE_RESULT','COND_PASS','조건부합격',NULL,4,NULL,NULL,NULL,'Y','SYSTEM','2026-01-22 07:58:56',NULL,NULL),
('JUDGE_RESULT','FAIL','불합격',NULL,3,NULL,NULL,NULL,'Y','SYSTEM','2026-01-22 07:58:56',NULL,NULL),
('JUDGE_RESULT','PASS','합격',NULL,2,NULL,NULL,NULL,'Y','SYSTEM','2026-01-22 07:58:56',NULL,NULL),
('JUDGE_RESULT','WAIT','대기',NULL,1,NULL,NULL,NULL,'Y','SYSTEM','2026-01-22 07:58:56',NULL,NULL),
('LOT_STATUS','HOLD','보류',NULL,2,NULL,NULL,NULL,'Y','SYSTEM','2026-01-22 07:58:56',NULL,NULL),
('LOT_STATUS','NORMAL','정상',NULL,1,NULL,NULL,NULL,'Y','SYSTEM','2026-01-22 07:58:56',NULL,NULL),
('LOT_STATUS','SCRAP','폐기',NULL,3,NULL,NULL,NULL,'Y','SYSTEM','2026-01-22 07:58:56',NULL,NULL),
('MAINT_RESULT','COMPLETE','완료',NULL,2,NULL,NULL,NULL,'Y','SYSTEM','2026-01-22 07:58:56',NULL,NULL),
('MAINT_RESULT','HOLD','보류',NULL,3,NULL,NULL,NULL,'Y','SYSTEM','2026-01-22 07:58:56',NULL,NULL),
('MAINT_RESULT','PROGRESS','진행중',NULL,1,NULL,NULL,NULL,'Y','SYSTEM','2026-01-22 07:58:56',NULL,NULL),
('MAINT_TYPE','BM','개량정비',NULL,3,NULL,NULL,NULL,'Y','SYSTEM','2026-01-22 07:58:56',NULL,NULL),
('MAINT_TYPE','CM','사후정비',NULL,2,NULL,NULL,NULL,'Y','SYSTEM','2026-01-22 07:58:56',NULL,NULL),
('MAINT_TYPE','DM','일상점검',NULL,4,NULL,NULL,NULL,'Y','SYSTEM','2026-01-22 07:58:56',NULL,NULL),
('MAINT_TYPE','PM','예방정비',NULL,1,NULL,NULL,NULL,'Y','SYSTEM','2026-01-22 07:58:56',NULL,NULL),
('OPER_STATUS','DOWN','비가동',NULL,2,NULL,NULL,NULL,'Y','SYSTEM','2026-01-22 07:58:56',NULL,NULL),
('OPER_STATUS','IDLE','대기',NULL,3,NULL,NULL,NULL,'Y','SYSTEM','2026-01-22 07:58:56',NULL,NULL),
('OPER_STATUS','RUN','가동',NULL,1,NULL,NULL,NULL,'Y','SYSTEM','2026-01-22 07:58:56',NULL,NULL),
('PLAN_STATUS','CANCEL','취소',NULL,5,NULL,NULL,NULL,'Y','SYSTEM','2026-01-22 07:58:56',NULL,NULL),
('PLAN_STATUS','COMPLETE','완료',NULL,4,NULL,NULL,NULL,'Y','SYSTEM','2026-01-22 07:58:56',NULL,NULL),
('PLAN_STATUS','CONFIRM','확정',NULL,2,NULL,NULL,NULL,'Y','SYSTEM','2026-01-22 07:58:56',NULL,NULL),
('PLAN_STATUS','PLAN','계획',NULL,1,NULL,NULL,NULL,'Y','SYSTEM','2026-01-22 07:58:56',NULL,NULL),
('PLAN_STATUS','PROGRESS','진행',NULL,3,NULL,NULL,NULL,'Y','SYSTEM','2026-01-22 07:58:56',NULL,NULL),
('SHIFT','DAY','주간',NULL,1,NULL,NULL,NULL,'Y','SYSTEM','2026-01-22 07:58:56',NULL,NULL),
('SHIFT','MID','중간',NULL,3,NULL,NULL,NULL,'Y','SYSTEM','2026-01-22 07:58:56',NULL,NULL),
('SHIFT','NIGHT','야간',NULL,2,NULL,NULL,NULL,'Y','SYSTEM','2026-01-22 07:58:56',NULL,NULL),
('SKILL_LEVEL','ADVANCED','고급',NULL,3,NULL,NULL,NULL,'Y','SYSTEM','2026-01-22 07:58:56',NULL,NULL),
('SKILL_LEVEL','BEGINNER','초급',NULL,1,NULL,NULL,NULL,'Y','SYSTEM','2026-01-22 07:58:56',NULL,NULL),
('SKILL_LEVEL','EXPERT','전문가',NULL,4,NULL,NULL,NULL,'Y','SYSTEM','2026-01-22 07:58:56',NULL,NULL),
('SKILL_LEVEL','INTER','중급',NULL,2,NULL,NULL,NULL,'Y','SYSTEM','2026-01-22 07:58:56',NULL,NULL),
('STOCK_STATUS','DEFECT','불량',NULL,3,NULL,NULL,NULL,'Y','SYSTEM','2026-01-22 07:58:56',NULL,NULL),
('STOCK_STATUS','HOLD','보류',NULL,2,NULL,NULL,NULL,'Y','SYSTEM','2026-01-22 07:58:56',NULL,NULL),
('STOCK_STATUS','NORMAL','정상',NULL,1,NULL,NULL,NULL,'Y','SYSTEM','2026-01-22 07:58:56',NULL,NULL),
('STOCK_STATUS','SCRAP','폐기',NULL,4,NULL,NULL,NULL,'Y','SYSTEM','2026-01-22 07:58:56',NULL,NULL),
('TRANS_REASON','ADJ_IN','조정입고',NULL,4,'IN',NULL,NULL,'Y','SYSTEM','2026-01-22 07:58:56',NULL,NULL),
('TRANS_REASON','ADJ_OUT','조정출고',NULL,8,'OUT',NULL,NULL,'Y','SYSTEM','2026-01-22 07:58:56',NULL,NULL),
('TRANS_REASON','PRD_IN','생산입고',NULL,2,'IN',NULL,NULL,'Y','SYSTEM','2026-01-22 07:58:56',NULL,NULL),
('TRANS_REASON','PRD_OUT','생산출고',NULL,6,'OUT',NULL,NULL,'Y','SYSTEM','2026-01-22 07:58:56',NULL,NULL),
('TRANS_REASON','PUR_IN','구매입고',NULL,1,'IN',NULL,NULL,'Y','SYSTEM','2026-01-22 07:58:56',NULL,NULL),
('TRANS_REASON','RTN_IN','반품입고',NULL,3,'IN',NULL,NULL,'Y','SYSTEM','2026-01-22 07:58:56',NULL,NULL),
('TRANS_REASON','SAL_OUT','판매출고',NULL,5,'OUT',NULL,NULL,'Y','SYSTEM','2026-01-22 07:58:56',NULL,NULL),
('TRANS_REASON','SCRAP','폐기',NULL,7,'OUT',NULL,NULL,'Y','SYSTEM','2026-01-22 07:58:56',NULL,NULL),
('TRANS_REASON','WH_MOVE','창고이동',NULL,9,'MOVE',NULL,NULL,'Y','SYSTEM','2026-01-22 07:58:56',NULL,NULL),
('TRANS_TYPE','ADJ','조정',NULL,4,NULL,NULL,NULL,'Y','SYSTEM','2026-01-22 07:58:56',NULL,NULL),
('TRANS_TYPE','IN','입고',NULL,1,NULL,NULL,NULL,'Y','SYSTEM','2026-01-22 07:58:56',NULL,NULL),
('TRANS_TYPE','MOVE','이동',NULL,3,NULL,NULL,NULL,'Y','SYSTEM','2026-01-22 07:58:56',NULL,NULL),
('TRANS_TYPE','OUT','출고',NULL,2,NULL,NULL,NULL,'Y','SYSTEM','2026-01-22 07:58:56',NULL,NULL),
('UNIT','BOX','Box',NULL,9,NULL,NULL,NULL,'Y','SYSTEM','2026-01-22 07:58:56',NULL,NULL),
('UNIT','EA','개',NULL,1,NULL,NULL,NULL,'Y','SYSTEM','2026-01-22 07:58:56',NULL,NULL),
('UNIT','G','g',NULL,3,NULL,NULL,NULL,'Y','SYSTEM','2026-01-22 07:58:56',NULL,NULL),
('UNIT','KG','Kg',NULL,2,NULL,NULL,NULL,'Y','SYSTEM','2026-01-22 07:58:56',NULL,NULL),
('UNIT','L','L',NULL,4,NULL,NULL,NULL,'Y','SYSTEM','2026-01-22 07:58:56',NULL,NULL),
('UNIT','M','m',NULL,6,NULL,NULL,NULL,'Y','SYSTEM','2026-01-22 07:58:56',NULL,NULL),
('UNIT','ML','mL',NULL,5,NULL,NULL,NULL,'Y','SYSTEM','2026-01-22 07:58:56',NULL,NULL),
('UNIT','MM','mm',NULL,7,NULL,NULL,NULL,'Y','SYSTEM','2026-01-22 07:58:56',NULL,NULL),
('UNIT','ROLL','Roll',NULL,10,NULL,NULL,NULL,'Y','SYSTEM','2026-01-22 07:58:56',NULL,NULL),
('UNIT','SET','Set',NULL,8,NULL,NULL,NULL,'Y','SYSTEM','2026-01-22 07:58:56',NULL,NULL),
('VENDOR_TYPE','BOTH','매입/매출',NULL,3,NULL,NULL,NULL,'Y','SYSTEM','2026-01-22 07:58:56',NULL,NULL),
('VENDOR_TYPE','CUSTOMER','매출처',NULL,2,NULL,NULL,NULL,'Y','SYSTEM','2026-01-22 07:58:56',NULL,NULL),
('VENDOR_TYPE','SUPPLIER','매입처',NULL,1,NULL,NULL,NULL,'Y','SYSTEM','2026-01-22 07:58:56',NULL,NULL),
('WH_TYPE','DEFECT','불량품창고',NULL,4,NULL,NULL,NULL,'Y','SYSTEM','2026-01-22 07:58:56',NULL,NULL),
('WH_TYPE','PRODUCT','완제품창고',NULL,3,NULL,NULL,NULL,'Y','SYSTEM','2026-01-22 07:58:56',NULL,NULL),
('WH_TYPE','RAW','원자재창고',NULL,1,NULL,NULL,NULL,'Y','SYSTEM','2026-01-22 07:58:56',NULL,NULL),
('WH_TYPE','RETURN','반품창고',NULL,5,NULL,NULL,NULL,'Y','SYSTEM','2026-01-22 07:58:56',NULL,NULL),
('WH_TYPE','WIP','재공창고',NULL,2,NULL,NULL,NULL,'Y','SYSTEM','2026-01-22 07:58:56',NULL,NULL),
('WORKER_TYPE','CONTRACT','계약직',NULL,2,NULL,NULL,NULL,'Y','SYSTEM','2026-01-22 07:58:56',NULL,NULL),
('WORKER_TYPE','REGULAR','정규직',NULL,1,NULL,NULL,NULL,'Y','SYSTEM','2026-01-22 07:58:56',NULL,NULL),
('WORKER_TYPE','TEMP','파견직',NULL,3,NULL,NULL,NULL,'Y','SYSTEM','2026-01-22 07:58:56',NULL,NULL),
('WO_STATUS','CANCEL','취소',NULL,4,NULL,NULL,NULL,'Y','SYSTEM','2026-01-22 07:58:56',NULL,NULL),
('WO_STATUS','COMPLETE','완료',NULL,3,NULL,NULL,NULL,'Y','SYSTEM','2026-01-22 07:58:56',NULL,NULL),
('WO_STATUS','HOLD','보류',NULL,5,NULL,NULL,NULL,'Y','SYSTEM','2026-01-22 07:58:56',NULL,NULL),
('WO_STATUS','PROGRESS','진행',NULL,2,NULL,NULL,NULL,'Y','SYSTEM','2026-01-22 07:58:56',NULL,NULL),
('WO_STATUS','WAIT','대기',NULL,1,NULL,NULL,NULL,'Y','SYSTEM','2026-01-22 07:58:56',NULL,NULL);
/*!40000 ALTER TABLE `COM_CODE` ENABLE KEYS */;
UNLOCK TABLES;

--
-- Table structure for table `COM_CODE_GRP`
--

DROP TABLE IF EXISTS `COM_CODE_GRP`;
/*!40101 SET @saved_cs_client     = @@character_set_client */;
/*!40101 SET character_set_client = utf8mb4 */;
CREATE TABLE `COM_CODE_GRP` (
  `GRP_CD` varchar(20) NOT NULL COMMENT '그룹코드',
  `GRP_NM` varchar(100) NOT NULL COMMENT '그룹명',
  `GRP_DESC` varchar(500) DEFAULT NULL COMMENT '그룹설명',
  `USE_YN` char(1) NOT NULL DEFAULT 'Y' COMMENT '사용여부',
  `REG_USER_ID` varchar(50) NOT NULL COMMENT '등록자ID',
  `REG_DTM` datetime NOT NULL DEFAULT current_timestamp() COMMENT '등록일시',
  `UPD_USER_ID` varchar(50) DEFAULT NULL COMMENT '수정자ID',
  `UPD_DTM` datetime DEFAULT NULL ON UPDATE current_timestamp() COMMENT '수정일시',
  PRIMARY KEY (`GRP_CD`)
) ENGINE=InnoDB DEFAULT CHARSET=utf8mb4 COLLATE=utf8mb4_general_ci COMMENT='공통코드그룹';
/*!40101 SET character_set_client = @saved_cs_client */;

--
-- Dumping data for table `COM_CODE_GRP`
--

LOCK TABLES `COM_CODE_GRP` WRITE;
/*!40000 ALTER TABLE `COM_CODE_GRP` DISABLE KEYS */;
INSERT INTO `COM_CODE_GRP` VALUES
('CYCLE_TYPE','주기유형','정비주기 유형을 구분하는 코드','Y','SYSTEM','2026-01-22 07:58:56',NULL,NULL),
('DATA_TYPE','데이터유형','검사항목의 데이터 유형','Y','SYSTEM','2026-01-22 07:58:56',NULL,NULL),
('DEFECT_TYPE','불량유형','불량의 유형을 구분하는 코드','Y','SYSTEM','2026-01-22 07:58:56',NULL,NULL),
('DISPOSITION','처리방법','불량품 처리방법을 구분하는 코드','Y','SYSTEM','2026-01-22 07:58:56',NULL,NULL),
('DOWNTIME_TYPE','비가동유형','설비 비가동유형을 구분하는 코드','Y','SYSTEM','2026-01-22 07:58:56',NULL,NULL),
('EQP_STATUS','설비상태','설비의 상태를 구분하는 코드','Y','SYSTEM','2026-01-22 07:58:56',NULL,NULL),
('INSPECT_TYPE','검사유형','품질검사의 유형을 구분하는 코드','Y','SYSTEM','2026-01-22 07:58:56',NULL,NULL),
('ITEM_TYPE','품목유형','품목의 유형을 구분하는 코드','Y','SYSTEM','2026-01-22 07:58:56',NULL,NULL),
('JUDGE_RESULT','판정결과','검사 판정결과를 구분하는 코드','Y','SYSTEM','2026-01-22 07:58:56',NULL,NULL),
('LOT_STATUS','LOT상태','LOT의 상태를 구분하는 코드','Y','SYSTEM','2026-01-22 07:58:56',NULL,NULL),
('MAINT_RESULT','정비결과','정비 결과를 구분하는 코드','Y','SYSTEM','2026-01-22 07:58:56',NULL,NULL),
('MAINT_TYPE','정비유형','설비 정비유형을 구분하는 코드','Y','SYSTEM','2026-01-22 07:58:56',NULL,NULL),
('OPER_STATUS','가동상태','설비 가동상태를 구분하는 코드','Y','SYSTEM','2026-01-22 07:58:56',NULL,NULL),
('PLAN_STATUS','계획상태','생산계획의 상태를 구분하는 코드','Y','SYSTEM','2026-01-22 07:58:56',NULL,NULL),
('SHIFT','근무조','근무조를 구분하는 코드','Y','SYSTEM','2026-01-22 07:58:56',NULL,NULL),
('SKILL_LEVEL','숙련도','작업자 숙련도를 구분하는 코드','Y','SYSTEM','2026-01-22 07:58:56',NULL,NULL),
('STOCK_STATUS','재고상태','재고의 상태를 구분하는 코드','Y','SYSTEM','2026-01-22 07:58:56',NULL,NULL),
('TRANS_REASON','거래사유','재고 거래사유를 구분하는 코드','Y','SYSTEM','2026-01-22 07:58:56',NULL,NULL),
('TRANS_TYPE','거래유형','재고 거래유형을 구분하는 코드','Y','SYSTEM','2026-01-22 07:58:56',NULL,NULL),
('UNIT','단위','수량 단위를 구분하는 코드','Y','SYSTEM','2026-01-22 07:58:56',NULL,NULL),
('VENDOR_TYPE','거래처유형','거래처 유형을 구분하는 코드','Y','SYSTEM','2026-01-22 07:58:56',NULL,NULL),
('WH_TYPE','창고유형','창고 유형을 구분하는 코드','Y','SYSTEM','2026-01-22 07:58:56',NULL,NULL),
('WORKER_TYPE','작업자유형','작업자 고용유형을 구분하는 코드','Y','SYSTEM','2026-01-22 07:58:56',NULL,NULL),
('WO_STATUS','작업상태','작업지시의 상태를 구분하는 코드','Y','SYSTEM','2026-01-22 07:58:56',NULL,NULL);
/*!40000 ALTER TABLE `COM_CODE_GRP` ENABLE KEYS */;
UNLOCK TABLES;

--
-- Table structure for table `COM_SEQ_NO`
--

DROP TABLE IF EXISTS `COM_SEQ_NO`;
/*!40101 SET @saved_cs_client     = @@character_set_client */;
/*!40101 SET character_set_client = utf8mb4 */;
CREATE TABLE `COM_SEQ_NO` (
  `SEQ_TYPE` varchar(20) NOT NULL COMMENT '채번유형',
  `PREFIX` varchar(10) NOT NULL COMMENT '접두어',
  `SEQ_DT` date NOT NULL COMMENT '채번일자',
  `CURRENT_SEQ` int(11) NOT NULL DEFAULT 0 COMMENT '현재순번',
  `SEQ_LENGTH` int(11) NOT NULL DEFAULT 4 COMMENT '순번자릿수',
  PRIMARY KEY (`SEQ_TYPE`,`SEQ_DT`)
) ENGINE=InnoDB DEFAULT CHARSET=utf8mb4 COLLATE=utf8mb4_general_ci COMMENT='채번관리';
/*!40101 SET character_set_client = @saved_cs_client */;

--
-- Dumping data for table `COM_SEQ_NO`
--

LOCK TABLES `COM_SEQ_NO` WRITE;
/*!40000 ALTER TABLE `COM_SEQ_NO` DISABLE KEYS */;
INSERT INTO `COM_SEQ_NO` VALUES
('PP','PP','2025-01-01',10,4),
('PR','PR','2025-01-15',50,4),
('PR','PR','2025-01-16',45,4),
('PR','PR','2025-01-17',48,4),
('QC','QC','2025-01-15',30,4),
('TR','TR','2025-01-15',100,4),
('WO','WO','2025-01-15',30,4),
('WO','WO','2025-01-16',25,4),
('WO','WO','2025-01-17',28,4);
/*!40000 ALTER TABLE `COM_SEQ_NO` ENABLE KEYS */;
UNLOCK TABLES;

--
-- Table structure for table `EQP_DOWNTIME`
--

DROP TABLE IF EXISTS `EQP_DOWNTIME`;
/*!40101 SET @saved_cs_client     = @@character_set_client */;
/*!40101 SET character_set_client = utf8mb4 */;
CREATE TABLE `EQP_DOWNTIME` (
  `DOWNTIME_ID` bigint(20) NOT NULL AUTO_INCREMENT COMMENT '비가동ID',
  `PLANT_CD` varchar(20) NOT NULL COMMENT '공장코드',
  `EQUIPMENT_CD` varchar(20) NOT NULL COMMENT '설비코드',
  `DOWNTIME_DT` date NOT NULL COMMENT '비가동일자',
  `DOWNTIME_TYPE` varchar(20) NOT NULL COMMENT '비가동유형',
  `DOWNTIME_CD` varchar(20) NOT NULL COMMENT '비가동코드',
  `DOWNTIME_REASON` varchar(500) DEFAULT NULL COMMENT '비가동사유',
  `START_DTM` datetime NOT NULL COMMENT '시작일시',
  `END_DTM` datetime DEFAULT NULL COMMENT '종료일시',
  `DOWNTIME_MIN` decimal(10,2) DEFAULT NULL COMMENT '비가동시간(분)',
  `WO_ID` bigint(20) DEFAULT NULL COMMENT '작업지시ID',
  `OPER_ID` bigint(20) DEFAULT NULL COMMENT '가동ID',
  `ACTION_CONTENT` varchar(500) DEFAULT NULL COMMENT '조치내용',
  `ACTION_USER_ID` varchar(20) DEFAULT NULL COMMENT '조치자ID',
  `ACTION_DTM` datetime DEFAULT NULL COMMENT '조치일시',
  `REPORTER_ID` varchar(20) DEFAULT NULL COMMENT '보고자ID',
  `DOWNTIME_RMK` varchar(500) DEFAULT NULL COMMENT '비고',
  `REG_USER_ID` varchar(50) NOT NULL COMMENT '등록자ID',
  `REG_DTM` datetime NOT NULL DEFAULT current_timestamp() COMMENT '등록일시',
  `UPD_USER_ID` varchar(50) DEFAULT NULL COMMENT '수정자ID',
  `UPD_DTM` datetime DEFAULT NULL ON UPDATE current_timestamp() COMMENT '수정일시',
  PRIMARY KEY (`DOWNTIME_ID`),
  KEY `FK_EQP_DOWNTIME_WO` (`WO_ID`),
  KEY `FK_EQP_DOWNTIME_OPER` (`OPER_ID`),
  KEY `IDX_EQP_DOWNTIME_01` (`EQUIPMENT_CD`,`DOWNTIME_DT`),
  KEY `IDX_EQP_DOWNTIME_02` (`PLANT_CD`,`DOWNTIME_DT`),
  KEY `IDX_EQP_DOWNTIME_03` (`DOWNTIME_CD`),
  KEY `IDX_EQP_DOWNTIME_04` (`DOWNTIME_TYPE`),
  CONSTRAINT `FK_EQP_DOWNTIME_CD` FOREIGN KEY (`DOWNTIME_CD`) REFERENCES `EQP_DOWNTIME_CODE` (`DOWNTIME_CD`),
  CONSTRAINT `FK_EQP_DOWNTIME_EQP` FOREIGN KEY (`EQUIPMENT_CD`) REFERENCES `MST_EQUIPMENT` (`EQUIPMENT_CD`),
  CONSTRAINT `FK_EQP_DOWNTIME_OPER` FOREIGN KEY (`OPER_ID`) REFERENCES `EQP_OPER_STATUS` (`OPER_ID`),
  CONSTRAINT `FK_EQP_DOWNTIME_PLANT` FOREIGN KEY (`PLANT_CD`) REFERENCES `MST_PLANT` (`PLANT_CD`),
  CONSTRAINT `FK_EQP_DOWNTIME_WO` FOREIGN KEY (`WO_ID`) REFERENCES `PLN_WORK_ORDER` (`WO_ID`)
) ENGINE=InnoDB AUTO_INCREMENT=5 DEFAULT CHARSET=utf8mb4 COLLATE=utf8mb4_general_ci COMMENT='비가동이력';
/*!40101 SET character_set_client = @saved_cs_client */;

--
-- Dumping data for table `EQP_DOWNTIME`
--

LOCK TABLES `EQP_DOWNTIME` WRITE;
/*!40000 ALTER TABLE `EQP_DOWNTIME` DISABLE KEYS */;
INSERT INTO `EQP_DOWNTIME` VALUES
(1,'P001','EQ001','2025-01-15','고장','DT001','모터 베어링 고장','2025-01-15 10:00:00','2025-01-15 12:00:00',120.00,NULL,NULL,NULL,NULL,NULL,NULL,NULL,'SYSTEM','2026-01-22 08:06:55',NULL,NULL),
(2,'P001','EQ002','2025-01-16','준비','DT002','금형 교체 작업','2025-01-16 08:00:00','2025-01-16 09:30:00',90.00,NULL,NULL,NULL,NULL,NULL,NULL,NULL,'SYSTEM','2026-01-22 08:06:55',NULL,NULL),
(3,'P002','EQ019','2025-01-14','고장','DT006','컨베이어 벨트 손상','2025-01-14 14:00:00','2025-01-14 15:30:00',90.00,NULL,NULL,NULL,NULL,NULL,NULL,NULL,'SYSTEM','2026-01-22 08:06:55',NULL,NULL),
(4,'P002','EQ020','2025-01-17','준비','DT007','SMT 프로그램 변경','2025-01-17 09:00:00','2025-01-17 10:00:00',60.00,NULL,NULL,NULL,NULL,NULL,NULL,NULL,'SYSTEM','2026-01-22 08:06:55',NULL,NULL);
/*!40000 ALTER TABLE `EQP_DOWNTIME` ENABLE KEYS */;
UNLOCK TABLES;

--
-- Table structure for table `EQP_DOWNTIME_CODE`
--

DROP TABLE IF EXISTS `EQP_DOWNTIME_CODE`;
/*!40101 SET @saved_cs_client     = @@character_set_client */;
/*!40101 SET character_set_client = utf8mb4 */;
CREATE TABLE `EQP_DOWNTIME_CODE` (
  `DOWNTIME_CD` varchar(20) NOT NULL COMMENT '비가동코드',
  `PLANT_CD` varchar(20) NOT NULL COMMENT '공장코드',
  `DOWNTIME_NM` varchar(100) NOT NULL COMMENT '비가동명',
  `DOWNTIME_TYPE` varchar(20) NOT NULL COMMENT '비가동유형',
  `DOWNTIME_GRP` varchar(50) DEFAULT NULL COMMENT '비가동그룹',
  `PLANNED_YN` char(1) NOT NULL DEFAULT 'N' COMMENT '계획여부',
  `SORT_SEQ` int(11) NOT NULL DEFAULT 0 COMMENT '정렬순서',
  `USE_YN` char(1) NOT NULL DEFAULT 'Y' COMMENT '사용여부',
  `REG_USER_ID` varchar(50) NOT NULL COMMENT '등록자ID',
  `REG_DTM` datetime NOT NULL DEFAULT current_timestamp() COMMENT '등록일시',
  `UPD_USER_ID` varchar(50) DEFAULT NULL COMMENT '수정자ID',
  `UPD_DTM` datetime DEFAULT NULL ON UPDATE current_timestamp() COMMENT '수정일시',
  PRIMARY KEY (`DOWNTIME_CD`),
  KEY `FK_EQP_DT_CODE_PLANT` (`PLANT_CD`),
  CONSTRAINT `FK_EQP_DT_CODE_PLANT` FOREIGN KEY (`PLANT_CD`) REFERENCES `MST_PLANT` (`PLANT_CD`)
) ENGINE=InnoDB DEFAULT CHARSET=utf8mb4 COLLATE=utf8mb4_general_ci COMMENT='비가동코드';
/*!40101 SET character_set_client = @saved_cs_client */;

--
-- Dumping data for table `EQP_DOWNTIME_CODE`
--

LOCK TABLES `EQP_DOWNTIME_CODE` WRITE;
/*!40000 ALTER TABLE `EQP_DOWNTIME_CODE` DISABLE KEYS */;
INSERT INTO `EQP_DOWNTIME_CODE` VALUES
('DT001','P001','고장정지','고장','기계고장','N',1,'Y','SYSTEM','2026-01-22 08:06:55',NULL,NULL),
('DT002','P001','금형교체','준비','준비작업','Y',2,'Y','SYSTEM','2026-01-22 08:06:55',NULL,NULL),
('DT003','P001','공구교체','준비','준비작업','Y',3,'Y','SYSTEM','2026-01-22 08:06:55',NULL,NULL),
('DT004','P001','재료대기','대기','재료부족','N',4,'Y','SYSTEM','2026-01-22 08:06:55',NULL,NULL),
('DT005','P001','품질불량','품질','품질문제','N',5,'Y','SYSTEM','2026-01-22 08:06:55',NULL,NULL),
('DT006','P002','고장정지','고장','기계고장','N',1,'Y','SYSTEM','2026-01-22 08:06:55',NULL,NULL),
('DT007','P002','프로그램변경','준비','준비작업','Y',2,'Y','SYSTEM','2026-01-22 08:06:55',NULL,NULL),
('DT008','P002','부품대기','대기','부품부족','N',3,'Y','SYSTEM','2026-01-22 08:06:55',NULL,NULL);
/*!40000 ALTER TABLE `EQP_DOWNTIME_CODE` ENABLE KEYS */;
UNLOCK TABLES;

--
-- Table structure for table `EQP_MAINT_CHECK`
--

DROP TABLE IF EXISTS `EQP_MAINT_CHECK`;
/*!40101 SET @saved_cs_client     = @@character_set_client */;
/*!40101 SET character_set_client = utf8mb4 */;
CREATE TABLE `EQP_MAINT_CHECK` (
  `CHECK_ID` bigint(20) NOT NULL AUTO_INCREMENT COMMENT '체크ID',
  `MAINT_ID` bigint(20) NOT NULL COMMENT '정비ID',
  `CHECK_SEQ` int(11) NOT NULL COMMENT '점검순서',
  `CHECK_ITEM` varchar(200) NOT NULL COMMENT '점검항목',
  `CHECK_METHOD` varchar(500) DEFAULT NULL COMMENT '점검방법',
  `CHECK_STANDARD` varchar(200) DEFAULT NULL COMMENT '점검기준',
  `CHECK_RESULT` varchar(20) DEFAULT NULL COMMENT '점검결과',
  `MEASURE_VALUE` varchar(100) DEFAULT NULL COMMENT '측정값',
  `CHECK_RMK` varchar(500) DEFAULT NULL COMMENT '비고',
  `REG_USER_ID` varchar(50) NOT NULL COMMENT '등록자ID',
  `REG_DTM` datetime NOT NULL DEFAULT current_timestamp() COMMENT '등록일시',
  PRIMARY KEY (`CHECK_ID`),
  KEY `IDX_EQP_MAINT_CHECK_01` (`MAINT_ID`),
  CONSTRAINT `FK_EQP_MAINT_CHECK_MAINT` FOREIGN KEY (`MAINT_ID`) REFERENCES `EQP_MAINT_HIS` (`MAINT_ID`)
) ENGINE=InnoDB DEFAULT CHARSET=utf8mb4 COLLATE=utf8mb4_general_ci COMMENT='정비점검체크리스트';
/*!40101 SET character_set_client = @saved_cs_client */;

--
-- Dumping data for table `EQP_MAINT_CHECK`
--

LOCK TABLES `EQP_MAINT_CHECK` WRITE;
/*!40000 ALTER TABLE `EQP_MAINT_CHECK` DISABLE KEYS */;
/*!40000 ALTER TABLE `EQP_MAINT_CHECK` ENABLE KEYS */;
UNLOCK TABLES;

--
-- Table structure for table `EQP_MAINT_HIS`
--

DROP TABLE IF EXISTS `EQP_MAINT_HIS`;
/*!40101 SET @saved_cs_client     = @@character_set_client */;
/*!40101 SET character_set_client = utf8mb4 */;
CREATE TABLE `EQP_MAINT_HIS` (
  `MAINT_ID` bigint(20) NOT NULL AUTO_INCREMENT COMMENT '정비ID',
  `PLANT_CD` varchar(20) NOT NULL COMMENT '공장코드',
  `EQUIPMENT_CD` varchar(20) NOT NULL COMMENT '설비코드',
  `MAINT_NO` varchar(30) NOT NULL COMMENT '정비번호',
  `MAINT_TYPE` varchar(20) NOT NULL COMMENT '정비유형',
  `MAINT_DT` date NOT NULL COMMENT '정비일자',
  `MAINT_PLAN_ID` bigint(20) DEFAULT NULL COMMENT '정비계획ID',
  `DOWNTIME_ID` bigint(20) DEFAULT NULL COMMENT '비가동ID',
  `START_DTM` datetime NOT NULL COMMENT '시작일시',
  `END_DTM` datetime DEFAULT NULL COMMENT '종료일시',
  `MAINT_TIME` decimal(10,2) DEFAULT NULL COMMENT '정비시간(분)',
  `MAINT_WORKER_ID` varchar(20) DEFAULT NULL COMMENT '정비자ID',
  `MAINT_TEAM` varchar(100) DEFAULT NULL COMMENT '정비팀',
  `MAINT_CONTENT` varchar(1000) DEFAULT NULL COMMENT '정비내용',
  `SYMPTOM` varchar(500) DEFAULT NULL COMMENT '고장증상',
  `CAUSE` varchar(500) DEFAULT NULL COMMENT '고장원인',
  `ACTION` varchar(500) DEFAULT NULL COMMENT '조치내용',
  `PART_REPLACED` varchar(500) DEFAULT NULL COMMENT '교체부품',
  `PART_COST` decimal(18,2) DEFAULT 0.00 COMMENT '부품비용',
  `LABOR_COST` decimal(18,2) DEFAULT 0.00 COMMENT '인건비',
  `OTHER_COST` decimal(18,2) DEFAULT 0.00 COMMENT '기타비용',
  `MAINT_COST` decimal(18,2) GENERATED ALWAYS AS (coalesce(`PART_COST`,0) + coalesce(`LABOR_COST`,0) + coalesce(`OTHER_COST`,0)) STORED COMMENT '총정비비용',
  `MAINT_RESULT` varchar(20) NOT NULL DEFAULT '진행' COMMENT '정비결과',
  `NEXT_MAINT_DT` date DEFAULT NULL COMMENT '다음정비예정일',
  `MAINT_RMK` varchar(500) DEFAULT NULL COMMENT '비고',
  `REG_USER_ID` varchar(50) NOT NULL COMMENT '등록자ID',
  `REG_DTM` datetime NOT NULL DEFAULT current_timestamp() COMMENT '등록일시',
  `UPD_USER_ID` varchar(50) DEFAULT NULL COMMENT '수정자ID',
  `UPD_DTM` datetime DEFAULT NULL ON UPDATE current_timestamp() COMMENT '수정일시',
  PRIMARY KEY (`MAINT_ID`),
  UNIQUE KEY `UK_EQP_MAINT_HIS` (`MAINT_NO`),
  KEY `FK_EQP_MAINT_HIS_DT` (`DOWNTIME_ID`),
  KEY `IDX_EQP_MAINT_HIS_01` (`EQUIPMENT_CD`,`MAINT_DT`),
  KEY `IDX_EQP_MAINT_HIS_02` (`PLANT_CD`,`MAINT_DT`),
  KEY `IDX_EQP_MAINT_HIS_03` (`MAINT_TYPE`),
  KEY `IDX_EQP_MAINT_HIS_04` (`MAINT_PLAN_ID`),
  CONSTRAINT `FK_EQP_MAINT_HIS_DT` FOREIGN KEY (`DOWNTIME_ID`) REFERENCES `EQP_DOWNTIME` (`DOWNTIME_ID`),
  CONSTRAINT `FK_EQP_MAINT_HIS_EQP` FOREIGN KEY (`EQUIPMENT_CD`) REFERENCES `MST_EQUIPMENT` (`EQUIPMENT_CD`),
  CONSTRAINT `FK_EQP_MAINT_HIS_PLAN` FOREIGN KEY (`MAINT_PLAN_ID`) REFERENCES `EQP_MAINT_PLAN` (`MAINT_PLAN_ID`),
  CONSTRAINT `FK_EQP_MAINT_HIS_PLANT` FOREIGN KEY (`PLANT_CD`) REFERENCES `MST_PLANT` (`PLANT_CD`)
) ENGINE=InnoDB DEFAULT CHARSET=utf8mb4 COLLATE=utf8mb4_general_ci COMMENT='정비이력';
/*!40101 SET character_set_client = @saved_cs_client */;

--
-- Dumping data for table `EQP_MAINT_HIS`
--

LOCK TABLES `EQP_MAINT_HIS` WRITE;
/*!40000 ALTER TABLE `EQP_MAINT_HIS` DISABLE KEYS */;
/*!40000 ALTER TABLE `EQP_MAINT_HIS` ENABLE KEYS */;
UNLOCK TABLES;

--
-- Table structure for table `EQP_MAINT_PLAN`
--

DROP TABLE IF EXISTS `EQP_MAINT_PLAN`;
/*!40101 SET @saved_cs_client     = @@character_set_client */;
/*!40101 SET character_set_client = utf8mb4 */;
CREATE TABLE `EQP_MAINT_PLAN` (
  `MAINT_PLAN_ID` bigint(20) NOT NULL AUTO_INCREMENT COMMENT '정비계획ID',
  `PLANT_CD` varchar(20) NOT NULL COMMENT '공장코드',
  `EQUIPMENT_CD` varchar(20) NOT NULL COMMENT '설비코드',
  `MAINT_PLAN_NM` varchar(100) NOT NULL COMMENT '정비계획명',
  `MAINT_TYPE` varchar(20) NOT NULL COMMENT '정비유형',
  `CYCLE_TYPE` varchar(20) NOT NULL COMMENT '주기유형',
  `CYCLE_VALUE` int(11) NOT NULL COMMENT '주기값',
  `CYCLE_UNIT` varchar(20) NOT NULL DEFAULT '일' COMMENT '주기단위',
  `BASE_DT` date DEFAULT NULL COMMENT '기준일',
  `LAST_MAINT_DT` date DEFAULT NULL COMMENT '최종정비일',
  `NEXT_MAINT_DT` date DEFAULT NULL COMMENT '다음정비예정일',
  `LEAD_TIME` int(11) DEFAULT 0 COMMENT '사전알림(일)',
  `EST_MAINT_TIME` decimal(10,2) DEFAULT NULL COMMENT '예상정비시간(분)',
  `EST_COST` decimal(18,2) DEFAULT NULL COMMENT '예상비용',
  `MAINT_CHECKLIST` text DEFAULT NULL COMMENT '정비체크리스트',
  `MAINT_CONTENT` varchar(1000) DEFAULT NULL COMMENT '정비내용',
  `MANAGER_ID` varchar(20) DEFAULT NULL COMMENT '담당자ID',
  `USE_YN` char(1) NOT NULL DEFAULT 'Y' COMMENT '사용여부',
  `REG_USER_ID` varchar(50) NOT NULL COMMENT '등록자ID',
  `REG_DTM` datetime NOT NULL DEFAULT current_timestamp() COMMENT '등록일시',
  `UPD_USER_ID` varchar(50) DEFAULT NULL COMMENT '수정자ID',
  `UPD_DTM` datetime DEFAULT NULL ON UPDATE current_timestamp() COMMENT '수정일시',
  PRIMARY KEY (`MAINT_PLAN_ID`),
  KEY `FK_EQP_MAINT_PLAN_PLANT` (`PLANT_CD`),
  KEY `IDX_EQP_MAINT_PLAN_01` (`EQUIPMENT_CD`),
  KEY `IDX_EQP_MAINT_PLAN_02` (`NEXT_MAINT_DT`),
  CONSTRAINT `FK_EQP_MAINT_PLAN_EQP` FOREIGN KEY (`EQUIPMENT_CD`) REFERENCES `MST_EQUIPMENT` (`EQUIPMENT_CD`),
  CONSTRAINT `FK_EQP_MAINT_PLAN_PLANT` FOREIGN KEY (`PLANT_CD`) REFERENCES `MST_PLANT` (`PLANT_CD`)
) ENGINE=InnoDB DEFAULT CHARSET=utf8mb4 COLLATE=utf8mb4_general_ci COMMENT='정비계획';
/*!40101 SET character_set_client = @saved_cs_client */;

--
-- Dumping data for table `EQP_MAINT_PLAN`
--

LOCK TABLES `EQP_MAINT_PLAN` WRITE;
/*!40000 ALTER TABLE `EQP_MAINT_PLAN` DISABLE KEYS */;
/*!40000 ALTER TABLE `EQP_MAINT_PLAN` ENABLE KEYS */;
UNLOCK TABLES;

--
-- Table structure for table `EQP_OPER_STATUS`
--

DROP TABLE IF EXISTS `EQP_OPER_STATUS`;
/*!40101 SET @saved_cs_client     = @@character_set_client */;
/*!40101 SET character_set_client = utf8mb4 */;
CREATE TABLE `EQP_OPER_STATUS` (
  `OPER_ID` bigint(20) NOT NULL AUTO_INCREMENT COMMENT '가동ID',
  `PLANT_CD` varchar(20) NOT NULL COMMENT '공장코드',
  `EQUIPMENT_CD` varchar(20) NOT NULL COMMENT '설비코드',
  `OPER_DT` date NOT NULL COMMENT '가동일자',
  `SHIFT` varchar(10) NOT NULL COMMENT '근무조',
  `OPER_STATUS` varchar(20) NOT NULL COMMENT '가동상태',
  `START_DTM` datetime NOT NULL COMMENT '시작일시',
  `END_DTM` datetime DEFAULT NULL COMMENT '종료일시',
  `OPER_TIME` decimal(10,2) DEFAULT NULL COMMENT '가동시간(분)',
  `WO_ID` bigint(20) DEFAULT NULL COMMENT '작업지시ID',
  `ITEM_CD` varchar(50) DEFAULT NULL COMMENT '품목코드',
  `PROD_QTY` decimal(15,3) DEFAULT NULL COMMENT '생산수량',
  `WORKER_ID` varchar(20) DEFAULT NULL COMMENT '작업자ID',
  `OPER_RMK` varchar(500) DEFAULT NULL COMMENT '비고',
  `REG_USER_ID` varchar(50) NOT NULL COMMENT '등록자ID',
  `REG_DTM` datetime NOT NULL DEFAULT current_timestamp() COMMENT '등록일시',
  `UPD_USER_ID` varchar(50) DEFAULT NULL COMMENT '수정자ID',
  `UPD_DTM` datetime DEFAULT NULL ON UPDATE current_timestamp() COMMENT '수정일시',
  PRIMARY KEY (`OPER_ID`),
  KEY `FK_EQP_OPER_ITEM` (`ITEM_CD`),
  KEY `FK_EQP_OPER_WORKER` (`WORKER_ID`),
  KEY `IDX_EQP_OPER_STATUS_01` (`EQUIPMENT_CD`,`OPER_DT`),
  KEY `IDX_EQP_OPER_STATUS_02` (`PLANT_CD`,`OPER_DT`),
  KEY `IDX_EQP_OPER_STATUS_03` (`WO_ID`),
  KEY `IDX_EQP_OPER_STATUS_04` (`OPER_STATUS`),
  CONSTRAINT `FK_EQP_OPER_EQP` FOREIGN KEY (`EQUIPMENT_CD`) REFERENCES `MST_EQUIPMENT` (`EQUIPMENT_CD`),
  CONSTRAINT `FK_EQP_OPER_ITEM` FOREIGN KEY (`ITEM_CD`) REFERENCES `MST_ITEM` (`ITEM_CD`),
  CONSTRAINT `FK_EQP_OPER_PLANT` FOREIGN KEY (`PLANT_CD`) REFERENCES `MST_PLANT` (`PLANT_CD`),
  CONSTRAINT `FK_EQP_OPER_WO` FOREIGN KEY (`WO_ID`) REFERENCES `PLN_WORK_ORDER` (`WO_ID`),
  CONSTRAINT `FK_EQP_OPER_WORKER` FOREIGN KEY (`WORKER_ID`) REFERENCES `MST_WORKER` (`WORKER_ID`)
) ENGINE=InnoDB AUTO_INCREMENT=5 DEFAULT CHARSET=utf8mb4 COLLATE=utf8mb4_general_ci COMMENT='설비가동현황';
/*!40101 SET character_set_client = @saved_cs_client */;

--
-- Dumping data for table `EQP_OPER_STATUS`
--

LOCK TABLES `EQP_OPER_STATUS` WRITE;
/*!40000 ALTER TABLE `EQP_OPER_STATUS` DISABLE KEYS */;
INSERT INTO `EQP_OPER_STATUS` VALUES
(1,'P001','EQ001','2025-01-06','1','가동','2025-01-06 08:00:00','2025-01-06 18:00:00',540.00,8,'FG-ASM-001',100.000,'W006',NULL,'SYSTEM','2026-01-22 08:06:55',NULL,NULL),
(2,'P001','EQ002','2025-01-07','1','가동','2025-01-07 08:00:00','2025-01-07 18:00:00',540.00,9,'FG-ASM-001',100.000,'W007',NULL,'SYSTEM','2026-01-22 08:06:55',NULL,NULL),
(3,'P002','EQ019','2025-01-06','1','가동','2025-01-06 08:00:00','2025-01-06 20:00:00',660.00,12,'FG-CTR-001',150.000,'W017',NULL,'SYSTEM','2026-01-22 08:06:55',NULL,NULL),
(4,'P002','EQ020','2025-01-07','1','가동','2025-01-07 08:00:00','2025-01-07 20:00:00',660.00,13,'FG-CTR-001',150.000,'W018',NULL,'SYSTEM','2026-01-22 08:06:55',NULL,NULL);
/*!40000 ALTER TABLE `EQP_OPER_STATUS` ENABLE KEYS */;
UNLOCK TABLES;

--
-- Table structure for table `EQP_PARAMETER`
--

DROP TABLE IF EXISTS `EQP_PARAMETER`;
/*!40101 SET @saved_cs_client     = @@character_set_client */;
/*!40101 SET character_set_client = utf8mb4 */;
CREATE TABLE `EQP_PARAMETER` (
  `PARAM_ID` bigint(20) NOT NULL AUTO_INCREMENT COMMENT '파라미터ID',
  `EQUIPMENT_CD` varchar(20) NOT NULL COMMENT '설비코드',
  `PARAM_CD` varchar(50) NOT NULL COMMENT '파라미터코드',
  `PARAM_NM` varchar(100) NOT NULL COMMENT '파라미터명',
  `PARAM_TYPE` varchar(20) DEFAULT NULL COMMENT '파라미터유형',
  `DATA_TYPE` varchar(20) NOT NULL DEFAULT 'NUMBER' COMMENT '데이터유형',
  `UNIT` varchar(20) DEFAULT NULL COMMENT '단위',
  `LSL` decimal(15,5) DEFAULT NULL COMMENT '하한값',
  `USL` decimal(15,5) DEFAULT NULL COMMENT '상한값',
  `TARGET_VALUE` decimal(15,5) DEFAULT NULL COMMENT '목표값',
  `CURRENT_VALUE` decimal(15,5) DEFAULT NULL COMMENT '현재값',
  `LAST_UPDATE_DTM` datetime DEFAULT NULL COMMENT '최종갱신일시',
  `USE_YN` char(1) NOT NULL DEFAULT 'Y' COMMENT '사용여부',
  `REG_USER_ID` varchar(50) NOT NULL COMMENT '등록자ID',
  `REG_DTM` datetime NOT NULL DEFAULT current_timestamp() COMMENT '등록일시',
  `UPD_USER_ID` varchar(50) DEFAULT NULL COMMENT '수정자ID',
  `UPD_DTM` datetime DEFAULT NULL ON UPDATE current_timestamp() COMMENT '수정일시',
  PRIMARY KEY (`PARAM_ID`),
  UNIQUE KEY `UK_EQP_PARAMETER` (`EQUIPMENT_CD`,`PARAM_CD`),
  KEY `IDX_EQP_PARAMETER_01` (`EQUIPMENT_CD`),
  CONSTRAINT `FK_EQP_PARAM_EQP` FOREIGN KEY (`EQUIPMENT_CD`) REFERENCES `MST_EQUIPMENT` (`EQUIPMENT_CD`)
) ENGINE=InnoDB DEFAULT CHARSET=utf8mb4 COLLATE=utf8mb4_general_ci COMMENT='설비파라미터';
/*!40101 SET character_set_client = @saved_cs_client */;

--
-- Dumping data for table `EQP_PARAMETER`
--

LOCK TABLES `EQP_PARAMETER` WRITE;
/*!40000 ALTER TABLE `EQP_PARAMETER` DISABLE KEYS */;
/*!40000 ALTER TABLE `EQP_PARAMETER` ENABLE KEYS */;
UNLOCK TABLES;

--
-- Table structure for table `EQP_PARAMETER_HIS`
--

DROP TABLE IF EXISTS `EQP_PARAMETER_HIS`;
/*!40101 SET @saved_cs_client     = @@character_set_client */;
/*!40101 SET character_set_client = utf8mb4 */;
CREATE TABLE `EQP_PARAMETER_HIS` (
  `PARAM_HIS_ID` bigint(20) NOT NULL AUTO_INCREMENT COMMENT '파라미터이력ID',
  `PARAM_ID` bigint(20) NOT NULL COMMENT '파라미터ID',
  `EQUIPMENT_CD` varchar(20) NOT NULL COMMENT '설비코드',
  `MEASURE_DTM` datetime NOT NULL COMMENT '측정일시',
  `MEASURE_VALUE` decimal(15,5) NOT NULL COMMENT '측정값',
  `WO_ID` bigint(20) DEFAULT NULL COMMENT '작업지시ID',
  `REG_USER_ID` varchar(50) NOT NULL COMMENT '등록자ID',
  `REG_DTM` datetime NOT NULL DEFAULT current_timestamp() COMMENT '등록일시',
  PRIMARY KEY (`PARAM_HIS_ID`),
  KEY `IDX_EQP_PARAM_HIS_01` (`PARAM_ID`,`MEASURE_DTM`),
  KEY `IDX_EQP_PARAM_HIS_02` (`EQUIPMENT_CD`,`MEASURE_DTM`),
  CONSTRAINT `FK_EQP_PARAM_HIS_EQP` FOREIGN KEY (`EQUIPMENT_CD`) REFERENCES `MST_EQUIPMENT` (`EQUIPMENT_CD`),
  CONSTRAINT `FK_EQP_PARAM_HIS_PARAM` FOREIGN KEY (`PARAM_ID`) REFERENCES `EQP_PARAMETER` (`PARAM_ID`)
) ENGINE=InnoDB DEFAULT CHARSET=utf8mb4 COLLATE=utf8mb4_general_ci COMMENT='설비파라미터이력';
/*!40101 SET character_set_client = @saved_cs_client */;

--
-- Dumping data for table `EQP_PARAMETER_HIS`
--

LOCK TABLES `EQP_PARAMETER_HIS` WRITE;
/*!40000 ALTER TABLE `EQP_PARAMETER_HIS` DISABLE KEYS */;
/*!40000 ALTER TABLE `EQP_PARAMETER_HIS` ENABLE KEYS */;
UNLOCK TABLES;

--
-- Table structure for table `EQP_SPARE_PART`
--

DROP TABLE IF EXISTS `EQP_SPARE_PART`;
/*!40101 SET @saved_cs_client     = @@character_set_client */;
/*!40101 SET character_set_client = utf8mb4 */;
CREATE TABLE `EQP_SPARE_PART` (
  `SPARE_PART_ID` bigint(20) NOT NULL AUTO_INCREMENT COMMENT '부품ID',
  `EQUIPMENT_CD` varchar(20) NOT NULL COMMENT '설비코드',
  `PART_CD` varchar(50) NOT NULL COMMENT '부품코드',
  `PART_NM` varchar(100) NOT NULL COMMENT '부품명',
  `PART_SPEC` varchar(200) DEFAULT NULL COMMENT '부품규격',
  `MAKER` varchar(100) DEFAULT NULL COMMENT '제조사',
  `STOCK_QTY` decimal(15,3) DEFAULT 0.000 COMMENT '재고수량',
  `SAFETY_QTY` decimal(15,3) DEFAULT NULL COMMENT '안전재고',
  `UNIT` varchar(20) DEFAULT NULL COMMENT '단위',
  `UNIT_PRICE` decimal(18,2) DEFAULT NULL COMMENT '단가',
  `REPLACE_CYCLE` int(11) DEFAULT NULL COMMENT '교체주기(일)',
  `LAST_REPLACE_DT` date DEFAULT NULL COMMENT '최종교체일',
  `LOCATION` varchar(100) DEFAULT NULL COMMENT '보관위치',
  `USE_YN` char(1) NOT NULL DEFAULT 'Y' COMMENT '사용여부',
  `REG_USER_ID` varchar(50) NOT NULL COMMENT '등록자ID',
  `REG_DTM` datetime NOT NULL DEFAULT current_timestamp() COMMENT '등록일시',
  `UPD_USER_ID` varchar(50) DEFAULT NULL COMMENT '수정자ID',
  `UPD_DTM` datetime DEFAULT NULL ON UPDATE current_timestamp() COMMENT '수정일시',
  PRIMARY KEY (`SPARE_PART_ID`),
  UNIQUE KEY `UK_EQP_SPARE_PART` (`EQUIPMENT_CD`,`PART_CD`),
  KEY `IDX_EQP_SPARE_PART_01` (`EQUIPMENT_CD`),
  CONSTRAINT `FK_EQP_SPARE_PART_EQP` FOREIGN KEY (`EQUIPMENT_CD`) REFERENCES `MST_EQUIPMENT` (`EQUIPMENT_CD`)
) ENGINE=InnoDB DEFAULT CHARSET=utf8mb4 COLLATE=utf8mb4_general_ci COMMENT='설비부품';
/*!40101 SET character_set_client = @saved_cs_client */;

--
-- Dumping data for table `EQP_SPARE_PART`
--

LOCK TABLES `EQP_SPARE_PART` WRITE;
/*!40000 ALTER TABLE `EQP_SPARE_PART` DISABLE KEYS */;
/*!40000 ALTER TABLE `EQP_SPARE_PART` ENABLE KEYS */;
UNLOCK TABLES;

--
-- Table structure for table `INV_ISSUE_PLAN`
--

DROP TABLE IF EXISTS `INV_ISSUE_PLAN`;
/*!40101 SET @saved_cs_client     = @@character_set_client */;
/*!40101 SET character_set_client = utf8mb4 */;
CREATE TABLE `INV_ISSUE_PLAN` (
  `ISSUE_PLAN_ID` bigint(20) NOT NULL AUTO_INCREMENT COMMENT '출고예정ID',
  `PLANT_CD` varchar(20) NOT NULL COMMENT '공장코드',
  `ISSUE_PLAN_NO` varchar(30) NOT NULL COMMENT '출고예정번호',
  `PLAN_DT` date NOT NULL COMMENT '예정일자',
  `ISSUE_TYPE` varchar(20) NOT NULL COMMENT '출고유형',
  `CUSTOMER_CD` varchar(50) DEFAULT NULL COMMENT '고객코드',
  `ORDER_NO` varchar(50) DEFAULT NULL COMMENT '주문번호',
  `WO_ID` bigint(20) DEFAULT NULL COMMENT '작업지시ID',
  `ITEM_CD` varchar(50) NOT NULL COMMENT '품목코드',
  `PLAN_QTY` decimal(15,3) NOT NULL COMMENT '예정수량',
  `ISSUE_QTY` decimal(15,3) DEFAULT 0.000 COMMENT '출고수량',
  `WAREHOUSE_CD` varchar(20) DEFAULT NULL COMMENT '출고창고',
  `STATUS` varchar(20) NOT NULL DEFAULT '예정' COMMENT '상태',
  `PLAN_RMK` varchar(500) DEFAULT NULL COMMENT '비고',
  `REG_USER_ID` varchar(50) NOT NULL COMMENT '등록자ID',
  `REG_DTM` datetime NOT NULL DEFAULT current_timestamp() COMMENT '등록일시',
  `UPD_USER_ID` varchar(50) DEFAULT NULL COMMENT '수정자ID',
  `UPD_DTM` datetime DEFAULT NULL ON UPDATE current_timestamp() COMMENT '수정일시',
  PRIMARY KEY (`ISSUE_PLAN_ID`),
  UNIQUE KEY `UK_INV_ISSUE_PLAN` (`ISSUE_PLAN_NO`),
  KEY `FK_INV_ISSUE_PLAN_WH` (`WAREHOUSE_CD`),
  KEY `IDX_INV_ISSUE_PLAN_01` (`PLANT_CD`,`PLAN_DT`),
  KEY `IDX_INV_ISSUE_PLAN_02` (`WO_ID`),
  KEY `IDX_INV_ISSUE_PLAN_03` (`ITEM_CD`),
  CONSTRAINT `FK_INV_ISSUE_PLAN_ITEM` FOREIGN KEY (`ITEM_CD`) REFERENCES `MST_ITEM` (`ITEM_CD`),
  CONSTRAINT `FK_INV_ISSUE_PLAN_PLANT` FOREIGN KEY (`PLANT_CD`) REFERENCES `MST_PLANT` (`PLANT_CD`),
  CONSTRAINT `FK_INV_ISSUE_PLAN_WH` FOREIGN KEY (`WAREHOUSE_CD`) REFERENCES `MST_WAREHOUSE` (`WAREHOUSE_CD`),
  CONSTRAINT `FK_INV_ISSUE_PLAN_WO` FOREIGN KEY (`WO_ID`) REFERENCES `PLN_WORK_ORDER` (`WO_ID`)
) ENGINE=InnoDB DEFAULT CHARSET=utf8mb4 COLLATE=utf8mb4_general_ci COMMENT='출고예정';
/*!40101 SET character_set_client = @saved_cs_client */;

--
-- Dumping data for table `INV_ISSUE_PLAN`
--

LOCK TABLES `INV_ISSUE_PLAN` WRITE;
/*!40000 ALTER TABLE `INV_ISSUE_PLAN` DISABLE KEYS */;
/*!40000 ALTER TABLE `INV_ISSUE_PLAN` ENABLE KEYS */;
UNLOCK TABLES;

--
-- Table structure for table `INV_LOT`
--

DROP TABLE IF EXISTS `INV_LOT`;
/*!40101 SET @saved_cs_client     = @@character_set_client */;
/*!40101 SET character_set_client = utf8mb4 */;
CREATE TABLE `INV_LOT` (
  `LOT_ID` bigint(20) NOT NULL AUTO_INCREMENT COMMENT 'LOT ID',
  `PLANT_CD` varchar(20) NOT NULL COMMENT '공장코드',
  `LOT_NO` varchar(50) NOT NULL COMMENT 'LOT번호',
  `ITEM_CD` varchar(50) NOT NULL COMMENT '품목코드',
  `LOT_QTY` decimal(15,3) NOT NULL COMMENT 'LOT수량',
  `CURRENT_QTY` decimal(15,3) NOT NULL DEFAULT 0.000 COMMENT '현재수량',
  `CREATE_DT` date NOT NULL COMMENT '생성일',
  `MFG_DT` date DEFAULT NULL COMMENT '제조일',
  `EXPIRE_DT` date DEFAULT NULL COMMENT '유효기한',
  `VENDOR_CD` varchar(50) DEFAULT NULL COMMENT '공급업체',
  `VENDOR_LOT_NO` varchar(50) DEFAULT NULL COMMENT '공급업체LOT',
  `PARENT_LOT_NO` varchar(50) DEFAULT NULL COMMENT '상위LOT번호',
  `WO_ID` bigint(20) DEFAULT NULL COMMENT '작업지시ID',
  `LOT_TYPE` varchar(20) NOT NULL DEFAULT '생산' COMMENT 'LOT유형',
  `LOT_STATUS` varchar(20) NOT NULL DEFAULT '정상' COMMENT 'LOT상태',
  `INSPECT_STATUS` varchar(20) DEFAULT NULL COMMENT '검사상태',
  `LOT_GRADE` varchar(20) DEFAULT NULL COMMENT 'LOT등급',
  `LOT_RMK` varchar(500) DEFAULT NULL COMMENT '비고',
  `REG_USER_ID` varchar(50) NOT NULL COMMENT '등록자ID',
  `REG_DTM` datetime NOT NULL DEFAULT current_timestamp() COMMENT '등록일시',
  `UPD_USER_ID` varchar(50) DEFAULT NULL COMMENT '수정자ID',
  `UPD_DTM` datetime DEFAULT NULL ON UPDATE current_timestamp() COMMENT '수정일시',
  PRIMARY KEY (`LOT_ID`),
  UNIQUE KEY `UK_INV_LOT` (`LOT_NO`),
  KEY `FK_INV_LOT_ITEM` (`ITEM_CD`),
  KEY `IDX_INV_LOT_01` (`PLANT_CD`,`ITEM_CD`),
  KEY `IDX_INV_LOT_02` (`EXPIRE_DT`),
  KEY `IDX_INV_LOT_03` (`LOT_STATUS`),
  KEY `IDX_INV_LOT_04` (`VENDOR_CD`),
  KEY `IDX_INV_LOT_05` (`WO_ID`),
  CONSTRAINT `FK_INV_LOT_ITEM` FOREIGN KEY (`ITEM_CD`) REFERENCES `MST_ITEM` (`ITEM_CD`),
  CONSTRAINT `FK_INV_LOT_PLANT` FOREIGN KEY (`PLANT_CD`) REFERENCES `MST_PLANT` (`PLANT_CD`),
  CONSTRAINT `FK_INV_LOT_VENDOR` FOREIGN KEY (`VENDOR_CD`) REFERENCES `MST_VENDOR` (`VENDOR_CD`),
  CONSTRAINT `FK_INV_LOT_WO` FOREIGN KEY (`WO_ID`) REFERENCES `PLN_WORK_ORDER` (`WO_ID`)
) ENGINE=InnoDB AUTO_INCREMENT=19 DEFAULT CHARSET=utf8mb4 COLLATE=utf8mb4_general_ci COMMENT='LOT정보';
/*!40101 SET character_set_client = @saved_cs_client */;

--
-- Dumping data for table `INV_LOT`
--

LOCK TABLES `INV_LOT` WRITE;
/*!40000 ALTER TABLE `INV_LOT` DISABLE KEYS */;
INSERT INTO `INV_LOT` VALUES
(1,'P001','RM-STL-001-20250113-001','RM-STL-001',2000.000,1850.000,'2025-01-13','2025-01-10','2026-01-10',NULL,NULL,NULL,NULL,'구매','정상',NULL,NULL,NULL,'SYSTEM','2026-01-22 08:06:14',NULL,NULL),
(2,'P001','RM-ALU-002-20250113-001','RM-ALU-002',100.000,65.000,'2025-01-13','2025-01-08','2026-01-08',NULL,NULL,NULL,NULL,'구매','정상',NULL,NULL,NULL,'SYSTEM','2026-01-22 08:06:14',NULL,NULL),
(3,'P002','RM-PCB-001-20250114-001','RM-PCB-001',500.000,380.000,'2025-01-14','2025-01-10','2026-01-10',NULL,NULL,NULL,NULL,'구매','정상',NULL,NULL,NULL,'SYSTEM','2026-01-22 08:06:14',NULL,NULL),
(4,'P002','RM-IC-001-20250114-001','RM-IC-001',200.000,145.000,'2025-01-14','2025-01-05','2026-07-05',NULL,NULL,NULL,NULL,'구매','정상',NULL,NULL,NULL,'SYSTEM','2026-01-22 08:06:14',NULL,NULL),
(5,'P001','FG-ASM-001-20250106-001','FG-ASM-001',95.000,95.000,'2025-01-06','2025-01-06',NULL,NULL,NULL,NULL,NULL,'생산','정상',NULL,NULL,NULL,'SYSTEM','2026-01-22 08:06:14',NULL,NULL),
(6,'P001','FG-ASM-001-20250107-001','FG-ASM-001',98.000,98.000,'2025-01-07','2025-01-07',NULL,NULL,NULL,NULL,NULL,'생산','정상',NULL,NULL,NULL,'SYSTEM','2026-01-22 08:06:14',NULL,NULL),
(7,'P002','FG-CTR-001-20250106-001','FG-CTR-001',143.000,143.000,'2025-01-06','2025-01-06',NULL,NULL,NULL,NULL,NULL,'생산','정상',NULL,NULL,NULL,'SYSTEM','2026-01-22 08:06:14',NULL,NULL),
(8,'P002','FG-CTR-001-20250107-001','FG-CTR-001',148.000,148.000,'2025-01-07','2025-01-07',NULL,NULL,NULL,NULL,NULL,'생산','정상',NULL,NULL,NULL,'SYSTEM','2026-01-22 08:06:14',NULL,NULL),
(9,'P002','FG-SEN-001-20250106-001','FG-SEN-001',195.000,195.000,'2025-01-06','2025-01-06',NULL,NULL,NULL,NULL,NULL,'생산','정상',NULL,NULL,NULL,'SYSTEM','2026-01-22 08:06:14',NULL,NULL);
/*!40000 ALTER TABLE `INV_LOT` ENABLE KEYS */;
UNLOCK TABLES;

--
-- Table structure for table `INV_LOT_TRACE`
--

DROP TABLE IF EXISTS `INV_LOT_TRACE`;
/*!40101 SET @saved_cs_client     = @@character_set_client */;
/*!40101 SET character_set_client = utf8mb4 */;
CREATE TABLE `INV_LOT_TRACE` (
  `TRACE_ID` bigint(20) NOT NULL AUTO_INCREMENT COMMENT '추적ID',
  `PLANT_CD` varchar(20) NOT NULL COMMENT '공장코드',
  `LOT_NO` varchar(50) NOT NULL COMMENT 'LOT번호',
  `PARENT_LOT_NO` varchar(50) DEFAULT NULL COMMENT '상위LOT번호',
  `CHILD_LOT_NO` varchar(50) DEFAULT NULL COMMENT '하위LOT번호',
  `TRACE_TYPE` varchar(20) NOT NULL COMMENT '추적유형',
  `TRACE_LEVEL` int(11) NOT NULL DEFAULT 1 COMMENT '추적레벨',
  `ITEM_CD` varchar(50) NOT NULL COMMENT '품목코드',
  `PROCESS_CD` varchar(20) DEFAULT NULL COMMENT '공정코드',
  `WO_ID` bigint(20) DEFAULT NULL COMMENT '작업지시ID',
  `RESULT_ID` bigint(20) DEFAULT NULL COMMENT '작업실적ID',
  `TRACE_DTM` datetime NOT NULL COMMENT '추적일시',
  `TRACE_QTY` decimal(15,3) DEFAULT NULL COMMENT '추적수량',
  `TRACE_RMK` varchar(500) DEFAULT NULL COMMENT '비고',
  `REG_USER_ID` varchar(50) NOT NULL COMMENT '등록자ID',
  `REG_DTM` datetime NOT NULL DEFAULT current_timestamp() COMMENT '등록일시',
  PRIMARY KEY (`TRACE_ID`),
  KEY `FK_INV_LOT_TRACE_PLANT` (`PLANT_CD`),
  KEY `FK_INV_LOT_TRACE_WO` (`WO_ID`),
  KEY `IDX_INV_LOT_TRACE_01` (`LOT_NO`),
  KEY `IDX_INV_LOT_TRACE_02` (`PARENT_LOT_NO`),
  KEY `IDX_INV_LOT_TRACE_03` (`CHILD_LOT_NO`),
  KEY `IDX_INV_LOT_TRACE_04` (`ITEM_CD`),
  CONSTRAINT `FK_INV_LOT_TRACE_ITEM` FOREIGN KEY (`ITEM_CD`) REFERENCES `MST_ITEM` (`ITEM_CD`),
  CONSTRAINT `FK_INV_LOT_TRACE_PLANT` FOREIGN KEY (`PLANT_CD`) REFERENCES `MST_PLANT` (`PLANT_CD`),
  CONSTRAINT `FK_INV_LOT_TRACE_WO` FOREIGN KEY (`WO_ID`) REFERENCES `PLN_WORK_ORDER` (`WO_ID`)
) ENGINE=InnoDB DEFAULT CHARSET=utf8mb4 COLLATE=utf8mb4_general_ci COMMENT='LOT추적이력';
/*!40101 SET character_set_client = @saved_cs_client */;

--
-- Dumping data for table `INV_LOT_TRACE`
--

LOCK TABLES `INV_LOT_TRACE` WRITE;
/*!40000 ALTER TABLE `INV_LOT_TRACE` DISABLE KEYS */;
/*!40000 ALTER TABLE `INV_LOT_TRACE` ENABLE KEYS */;
UNLOCK TABLES;

--
-- Table structure for table `INV_RECEIVE_PLAN`
--

DROP TABLE IF EXISTS `INV_RECEIVE_PLAN`;
/*!40101 SET @saved_cs_client     = @@character_set_client */;
/*!40101 SET character_set_client = utf8mb4 */;
CREATE TABLE `INV_RECEIVE_PLAN` (
  `RECEIVE_PLAN_ID` bigint(20) NOT NULL AUTO_INCREMENT COMMENT '입고예정ID',
  `PLANT_CD` varchar(20) NOT NULL COMMENT '공장코드',
  `RECEIVE_PLAN_NO` varchar(30) NOT NULL COMMENT '입고예정번호',
  `PLAN_DT` date NOT NULL COMMENT '예정일자',
  `RECEIVE_TYPE` varchar(20) NOT NULL COMMENT '입고유형',
  `VENDOR_CD` varchar(50) DEFAULT NULL COMMENT '거래처코드',
  `PO_NO` varchar(50) DEFAULT NULL COMMENT '발주번호',
  `ITEM_CD` varchar(50) NOT NULL COMMENT '품목코드',
  `PLAN_QTY` decimal(15,3) NOT NULL COMMENT '예정수량',
  `RECEIVE_QTY` decimal(15,3) DEFAULT 0.000 COMMENT '입고수량',
  `WAREHOUSE_CD` varchar(20) DEFAULT NULL COMMENT '입고창고',
  `STATUS` varchar(20) NOT NULL DEFAULT '예정' COMMENT '상태',
  `PLAN_RMK` varchar(500) DEFAULT NULL COMMENT '비고',
  `REG_USER_ID` varchar(50) NOT NULL COMMENT '등록자ID',
  `REG_DTM` datetime NOT NULL DEFAULT current_timestamp() COMMENT '등록일시',
  `UPD_USER_ID` varchar(50) DEFAULT NULL COMMENT '수정자ID',
  `UPD_DTM` datetime DEFAULT NULL ON UPDATE current_timestamp() COMMENT '수정일시',
  PRIMARY KEY (`RECEIVE_PLAN_ID`),
  UNIQUE KEY `UK_INV_RECEIVE_PLAN` (`RECEIVE_PLAN_NO`),
  KEY `FK_INV_RCV_PLAN_WH` (`WAREHOUSE_CD`),
  KEY `IDX_INV_RCV_PLAN_01` (`PLANT_CD`,`PLAN_DT`),
  KEY `IDX_INV_RCV_PLAN_02` (`VENDOR_CD`),
  KEY `IDX_INV_RCV_PLAN_03` (`ITEM_CD`),
  CONSTRAINT `FK_INV_RCV_PLAN_ITEM` FOREIGN KEY (`ITEM_CD`) REFERENCES `MST_ITEM` (`ITEM_CD`),
  CONSTRAINT `FK_INV_RCV_PLAN_PLANT` FOREIGN KEY (`PLANT_CD`) REFERENCES `MST_PLANT` (`PLANT_CD`),
  CONSTRAINT `FK_INV_RCV_PLAN_VENDOR` FOREIGN KEY (`VENDOR_CD`) REFERENCES `MST_VENDOR` (`VENDOR_CD`),
  CONSTRAINT `FK_INV_RCV_PLAN_WH` FOREIGN KEY (`WAREHOUSE_CD`) REFERENCES `MST_WAREHOUSE` (`WAREHOUSE_CD`)
) ENGINE=InnoDB DEFAULT CHARSET=utf8mb4 COLLATE=utf8mb4_general_ci COMMENT='입고예정';
/*!40101 SET character_set_client = @saved_cs_client */;

--
-- Dumping data for table `INV_RECEIVE_PLAN`
--

LOCK TABLES `INV_RECEIVE_PLAN` WRITE;
/*!40000 ALTER TABLE `INV_RECEIVE_PLAN` DISABLE KEYS */;
/*!40000 ALTER TABLE `INV_RECEIVE_PLAN` ENABLE KEYS */;
UNLOCK TABLES;

--
-- Table structure for table `INV_STOCK`
--

DROP TABLE IF EXISTS `INV_STOCK`;
/*!40101 SET @saved_cs_client     = @@character_set_client */;
/*!40101 SET character_set_client = utf8mb4 */;
CREATE TABLE `INV_STOCK` (
  `STOCK_ID` bigint(20) NOT NULL AUTO_INCREMENT COMMENT '재고ID',
  `PLANT_CD` varchar(20) NOT NULL COMMENT '공장코드',
  `WAREHOUSE_CD` varchar(20) NOT NULL COMMENT '창고코드',
  `LOCATION_CD` varchar(50) DEFAULT NULL COMMENT '로케이션코드',
  `ITEM_CD` varchar(50) NOT NULL COMMENT '품목코드',
  `LOT_NO` varchar(50) DEFAULT NULL COMMENT 'LOT번호',
  `STOCK_QTY` decimal(15,3) NOT NULL DEFAULT 0.000 COMMENT '재고수량',
  `RESERVED_QTY` decimal(15,3) DEFAULT 0.000 COMMENT '예약수량',
  `AVAILABLE_QTY` decimal(15,3) GENERATED ALWAYS AS (`STOCK_QTY` - coalesce(`RESERVED_QTY`,0)) STORED COMMENT '가용수량',
  `UNIT` varchar(20) NOT NULL COMMENT '단위',
  `STOCK_STATUS` varchar(20) NOT NULL DEFAULT '정상' COMMENT '재고상태',
  `LAST_IN_DT` date DEFAULT NULL COMMENT '최종입고일',
  `LAST_OUT_DT` date DEFAULT NULL COMMENT '최종출고일',
  `EXPIRE_DT` date DEFAULT NULL COMMENT '유효기한',
  `MFG_DT` date DEFAULT NULL COMMENT '제조일자',
  `UNIT_COST` decimal(18,4) DEFAULT NULL COMMENT '단가',
  `STOCK_AMT` decimal(18,2) DEFAULT NULL COMMENT '재고금액',
  `REG_USER_ID` varchar(50) NOT NULL COMMENT '등록자ID',
  `REG_DTM` datetime NOT NULL DEFAULT current_timestamp() COMMENT '등록일시',
  `UPD_USER_ID` varchar(50) DEFAULT NULL COMMENT '수정자ID',
  `UPD_DTM` datetime DEFAULT NULL ON UPDATE current_timestamp() COMMENT '수정일시',
  PRIMARY KEY (`STOCK_ID`),
  UNIQUE KEY `UK_INV_STOCK` (`PLANT_CD`,`WAREHOUSE_CD`,`ITEM_CD`,`LOT_NO`,`LOCATION_CD`),
  KEY `FK_INV_STOCK_WH` (`WAREHOUSE_CD`),
  KEY `IDX_INV_STOCK_01` (`PLANT_CD`,`WAREHOUSE_CD`,`ITEM_CD`),
  KEY `IDX_INV_STOCK_02` (`ITEM_CD`,`LOT_NO`),
  KEY `IDX_INV_STOCK_03` (`STOCK_STATUS`),
  KEY `IDX_INV_STOCK_04` (`EXPIRE_DT`),
  CONSTRAINT `FK_INV_STOCK_ITEM` FOREIGN KEY (`ITEM_CD`) REFERENCES `MST_ITEM` (`ITEM_CD`),
  CONSTRAINT `FK_INV_STOCK_PLANT` FOREIGN KEY (`PLANT_CD`) REFERENCES `MST_PLANT` (`PLANT_CD`),
  CONSTRAINT `FK_INV_STOCK_WH` FOREIGN KEY (`WAREHOUSE_CD`) REFERENCES `MST_WAREHOUSE` (`WAREHOUSE_CD`)
) ENGINE=InnoDB AUTO_INCREMENT=19 DEFAULT CHARSET=utf8mb4 COLLATE=utf8mb4_general_ci COMMENT='재고현황';
/*!40101 SET character_set_client = @saved_cs_client */;

--
-- Dumping data for table `INV_STOCK`
--

LOCK TABLES `INV_STOCK` WRITE;
/*!40000 ALTER TABLE `INV_STOCK` DISABLE KEYS */;
INSERT INTO `INV_STOCK` VALUES
(10,'P001','WH001',NULL,'RM-STL-001','RM-STL-001-20250113-001',1850.000,0.000,1850.000,'KG','정상','2025-01-13',NULL,'2026-01-10','2025-01-10',1200.0000,NULL,'SYSTEM','2026-01-22 08:06:43',NULL,NULL),
(11,'P001','WH002',NULL,'RM-ALU-002','RM-ALU-002-20250113-001',65.000,20.000,45.000,'EA','정상','2025-01-13','2025-01-15','2026-01-08','2025-01-08',15000.0000,NULL,'SYSTEM','2026-01-22 08:06:43',NULL,NULL),
(12,'P002','WH007',NULL,'RM-PCB-001','RM-PCB-001-20250114-001',380.000,0.000,380.000,'EA','정상','2025-01-14',NULL,'2026-01-10','2025-01-10',3500.0000,NULL,'SYSTEM','2026-01-22 08:06:43',NULL,NULL),
(13,'P002','WH007',NULL,'RM-IC-001','RM-IC-001-20250114-001',145.000,50.000,95.000,'EA','정상','2025-01-14','2025-01-15','2026-07-05','2025-01-05',3500.0000,NULL,'SYSTEM','2026-01-22 08:06:43',NULL,NULL),
(14,'P001','WH004',NULL,'FG-ASM-001','FG-ASM-001-20250106-001',95.000,0.000,95.000,'EA','정상','2025-01-06',NULL,NULL,'2025-01-06',0.0000,NULL,'SYSTEM','2026-01-22 08:06:43',NULL,NULL),
(15,'P001','WH004',NULL,'FG-ASM-001','FG-ASM-001-20250107-001',98.000,0.000,98.000,'EA','정상','2025-01-07',NULL,NULL,'2025-01-07',0.0000,NULL,'SYSTEM','2026-01-22 08:06:43',NULL,NULL),
(16,'P002','WH008',NULL,'FG-CTR-001','FG-CTR-001-20250106-001',143.000,0.000,143.000,'EA','정상','2025-01-06',NULL,NULL,'2025-01-06',0.0000,NULL,'SYSTEM','2026-01-22 08:06:43',NULL,NULL),
(17,'P002','WH008',NULL,'FG-CTR-001','FG-CTR-001-20250107-001',148.000,0.000,148.000,'EA','정상','2025-01-07',NULL,NULL,'2025-01-07',0.0000,NULL,'SYSTEM','2026-01-22 08:06:43',NULL,NULL),
(18,'P002','WH008',NULL,'FG-SEN-001','FG-SEN-001-20250106-001',195.000,0.000,195.000,'EA','정상','2025-01-06',NULL,NULL,'2025-01-06',0.0000,NULL,'SYSTEM','2026-01-22 08:06:43',NULL,NULL);
/*!40000 ALTER TABLE `INV_STOCK` ENABLE KEYS */;
UNLOCK TABLES;

--
-- Table structure for table `INV_STOCKTAKING`
--

DROP TABLE IF EXISTS `INV_STOCKTAKING`;
/*!40101 SET @saved_cs_client     = @@character_set_client */;
/*!40101 SET character_set_client = utf8mb4 */;
CREATE TABLE `INV_STOCKTAKING` (
  `STOCKTAKING_ID` bigint(20) NOT NULL AUTO_INCREMENT COMMENT '실사ID',
  `PLANT_CD` varchar(20) NOT NULL COMMENT '공장코드',
  `STOCKTAKING_NO` varchar(30) NOT NULL COMMENT '실사번호',
  `STOCKTAKING_DT` date NOT NULL COMMENT '실사일자',
  `WAREHOUSE_CD` varchar(20) NOT NULL COMMENT '창고코드',
  `STOCKTAKING_TYPE` varchar(20) NOT NULL COMMENT '실사유형',
  `STATUS` varchar(20) NOT NULL DEFAULT '진행' COMMENT '상태',
  `START_DTM` datetime DEFAULT NULL COMMENT '시작일시',
  `END_DTM` datetime DEFAULT NULL COMMENT '종료일시',
  `MANAGER_ID` varchar(20) DEFAULT NULL COMMENT '담당자ID',
  `APPROVE_USER_ID` varchar(20) DEFAULT NULL COMMENT '승인자ID',
  `APPROVE_DTM` datetime DEFAULT NULL COMMENT '승인일시',
  `STOCKTAKING_RMK` varchar(500) DEFAULT NULL COMMENT '비고',
  `REG_USER_ID` varchar(50) NOT NULL COMMENT '등록자ID',
  `REG_DTM` datetime NOT NULL DEFAULT current_timestamp() COMMENT '등록일시',
  `UPD_USER_ID` varchar(50) DEFAULT NULL COMMENT '수정자ID',
  `UPD_DTM` datetime DEFAULT NULL ON UPDATE current_timestamp() COMMENT '수정일시',
  PRIMARY KEY (`STOCKTAKING_ID`),
  UNIQUE KEY `UK_INV_STOCKTAKING` (`STOCKTAKING_NO`),
  KEY `IDX_INV_STOCKTAKING_01` (`PLANT_CD`,`STOCKTAKING_DT`),
  KEY `IDX_INV_STOCKTAKING_02` (`WAREHOUSE_CD`),
  CONSTRAINT `FK_INV_ST_PLANT` FOREIGN KEY (`PLANT_CD`) REFERENCES `MST_PLANT` (`PLANT_CD`),
  CONSTRAINT `FK_INV_ST_WH` FOREIGN KEY (`WAREHOUSE_CD`) REFERENCES `MST_WAREHOUSE` (`WAREHOUSE_CD`)
) ENGINE=InnoDB DEFAULT CHARSET=utf8mb4 COLLATE=utf8mb4_general_ci COMMENT='재고실사';
/*!40101 SET character_set_client = @saved_cs_client */;

--
-- Dumping data for table `INV_STOCKTAKING`
--

LOCK TABLES `INV_STOCKTAKING` WRITE;
/*!40000 ALTER TABLE `INV_STOCKTAKING` DISABLE KEYS */;
/*!40000 ALTER TABLE `INV_STOCKTAKING` ENABLE KEYS */;
UNLOCK TABLES;

--
-- Table structure for table `INV_STOCKTAKING_DETAIL`
--

DROP TABLE IF EXISTS `INV_STOCKTAKING_DETAIL`;
/*!40101 SET @saved_cs_client     = @@character_set_client */;
/*!40101 SET character_set_client = utf8mb4 */;
CREATE TABLE `INV_STOCKTAKING_DETAIL` (
  `ST_DETAIL_ID` bigint(20) NOT NULL AUTO_INCREMENT COMMENT '실사상세ID',
  `STOCKTAKING_ID` bigint(20) NOT NULL COMMENT '실사ID',
  `ITEM_CD` varchar(50) NOT NULL COMMENT '품목코드',
  `LOT_NO` varchar(50) DEFAULT NULL COMMENT 'LOT번호',
  `LOCATION_CD` varchar(50) DEFAULT NULL COMMENT '로케이션',
  `BOOK_QTY` decimal(15,3) NOT NULL COMMENT '장부수량',
  `ACTUAL_QTY` decimal(15,3) DEFAULT NULL COMMENT '실사수량',
  `DIFF_QTY` decimal(15,3) GENERATED ALWAYS AS (coalesce(`ACTUAL_QTY`,0) - `BOOK_QTY`) STORED COMMENT '차이수량',
  `DIFF_REASON` varchar(200) DEFAULT NULL COMMENT '차이사유',
  `ADJUST_YN` char(1) NOT NULL DEFAULT 'N' COMMENT '조정여부',
  `ADJUST_DTM` datetime DEFAULT NULL COMMENT '조정일시',
  `ST_DTL_RMK` varchar(500) DEFAULT NULL COMMENT '비고',
  `REG_USER_ID` varchar(50) NOT NULL COMMENT '등록자ID',
  `REG_DTM` datetime NOT NULL DEFAULT current_timestamp() COMMENT '등록일시',
  `UPD_USER_ID` varchar(50) DEFAULT NULL COMMENT '수정자ID',
  `UPD_DTM` datetime DEFAULT NULL ON UPDATE current_timestamp() COMMENT '수정일시',
  PRIMARY KEY (`ST_DETAIL_ID`),
  KEY `IDX_INV_ST_DTL_01` (`STOCKTAKING_ID`),
  KEY `IDX_INV_ST_DTL_02` (`ITEM_CD`),
  CONSTRAINT `FK_INV_ST_DTL_ITEM` FOREIGN KEY (`ITEM_CD`) REFERENCES `MST_ITEM` (`ITEM_CD`),
  CONSTRAINT `FK_INV_ST_DTL_ST` FOREIGN KEY (`STOCKTAKING_ID`) REFERENCES `INV_STOCKTAKING` (`STOCKTAKING_ID`)
) ENGINE=InnoDB DEFAULT CHARSET=utf8mb4 COLLATE=utf8mb4_general_ci COMMENT='재고실사상세';
/*!40101 SET character_set_client = @saved_cs_client */;

--
-- Dumping data for table `INV_STOCKTAKING_DETAIL`
--

LOCK TABLES `INV_STOCKTAKING_DETAIL` WRITE;
/*!40000 ALTER TABLE `INV_STOCKTAKING_DETAIL` DISABLE KEYS */;
/*!40000 ALTER TABLE `INV_STOCKTAKING_DETAIL` ENABLE KEYS */;
UNLOCK TABLES;

--
-- Table structure for table `INV_TRANS_HIS`
--

DROP TABLE IF EXISTS `INV_TRANS_HIS`;
/*!40101 SET @saved_cs_client     = @@character_set_client */;
/*!40101 SET character_set_client = utf8mb4 */;
CREATE TABLE `INV_TRANS_HIS` (
  `TRANS_ID` bigint(20) NOT NULL AUTO_INCREMENT COMMENT '거래ID',
  `PLANT_CD` varchar(20) NOT NULL COMMENT '공장코드',
  `TRANS_NO` varchar(30) NOT NULL COMMENT '거래번호',
  `TRANS_DT` date NOT NULL COMMENT '거래일자',
  `TRANS_TYPE` varchar(20) NOT NULL COMMENT '거래유형',
  `TRANS_REASON` varchar(50) NOT NULL COMMENT '거래사유',
  `ITEM_CD` varchar(50) NOT NULL COMMENT '품목코드',
  `LOT_NO` varchar(50) DEFAULT NULL COMMENT 'LOT번호',
  `TRANS_QTY` decimal(15,3) NOT NULL COMMENT '거래수량',
  `UNIT` varchar(20) NOT NULL COMMENT '단위',
  `FROM_WAREHOUSE_CD` varchar(20) DEFAULT NULL COMMENT '출고창고코드',
  `TO_WAREHOUSE_CD` varchar(20) DEFAULT NULL COMMENT '입고창고코드',
  `FROM_LOCATION_CD` varchar(50) DEFAULT NULL COMMENT '출고로케이션',
  `TO_LOCATION_CD` varchar(50) DEFAULT NULL COMMENT '입고로케이션',
  `BEFORE_QTY` decimal(15,3) DEFAULT NULL COMMENT '변경전수량',
  `AFTER_QTY` decimal(15,3) DEFAULT NULL COMMENT '변경후수량',
  `REF_TYPE` varchar(20) DEFAULT NULL COMMENT '참조유형',
  `REF_NO` varchar(50) DEFAULT NULL COMMENT '참조번호',
  `REF_ID` bigint(20) DEFAULT NULL COMMENT '참조ID',
  `VENDOR_CD` varchar(50) DEFAULT NULL COMMENT '거래처코드',
  `UNIT_PRICE` decimal(18,4) DEFAULT NULL COMMENT '단가',
  `TRANS_AMT` decimal(18,2) DEFAULT NULL COMMENT '거래금액',
  `TRANS_USER_ID` varchar(20) DEFAULT NULL COMMENT '처리자ID',
  `TRANS_RMK` varchar(500) DEFAULT NULL COMMENT '비고',
  `REG_USER_ID` varchar(50) NOT NULL COMMENT '등록자ID',
  `REG_DTM` datetime NOT NULL DEFAULT current_timestamp() COMMENT '등록일시',
  `UPD_USER_ID` varchar(50) DEFAULT NULL COMMENT '수정자ID',
  `UPD_DTM` datetime DEFAULT NULL ON UPDATE current_timestamp() COMMENT '수정일시',
  PRIMARY KEY (`TRANS_ID`),
  UNIQUE KEY `UK_INV_TRANS_HIS` (`TRANS_NO`),
  KEY `FK_INV_TRANS_FROM_WH` (`FROM_WAREHOUSE_CD`),
  KEY `FK_INV_TRANS_TO_WH` (`TO_WAREHOUSE_CD`),
  KEY `IDX_INV_TRANS_HIS_01` (`PLANT_CD`,`TRANS_DT`),
  KEY `IDX_INV_TRANS_HIS_02` (`ITEM_CD`,`LOT_NO`),
  KEY `IDX_INV_TRANS_HIS_03` (`TRANS_TYPE`,`TRANS_REASON`),
  KEY `IDX_INV_TRANS_HIS_04` (`REF_TYPE`,`REF_NO`),
  KEY `IDX_INV_TRANS_HIS_05` (`VENDOR_CD`),
  CONSTRAINT `FK_INV_TRANS_FROM_WH` FOREIGN KEY (`FROM_WAREHOUSE_CD`) REFERENCES `MST_WAREHOUSE` (`WAREHOUSE_CD`),
  CONSTRAINT `FK_INV_TRANS_ITEM` FOREIGN KEY (`ITEM_CD`) REFERENCES `MST_ITEM` (`ITEM_CD`),
  CONSTRAINT `FK_INV_TRANS_PLANT` FOREIGN KEY (`PLANT_CD`) REFERENCES `MST_PLANT` (`PLANT_CD`),
  CONSTRAINT `FK_INV_TRANS_TO_WH` FOREIGN KEY (`TO_WAREHOUSE_CD`) REFERENCES `MST_WAREHOUSE` (`WAREHOUSE_CD`),
  CONSTRAINT `FK_INV_TRANS_VENDOR` FOREIGN KEY (`VENDOR_CD`) REFERENCES `MST_VENDOR` (`VENDOR_CD`)
) ENGINE=InnoDB DEFAULT CHARSET=utf8mb4 COLLATE=utf8mb4_general_ci COMMENT='입출고이력';
/*!40101 SET character_set_client = @saved_cs_client */;

--
-- Dumping data for table `INV_TRANS_HIS`
--

LOCK TABLES `INV_TRANS_HIS` WRITE;
/*!40000 ALTER TABLE `INV_TRANS_HIS` DISABLE KEYS */;
/*!40000 ALTER TABLE `INV_TRANS_HIS` ENABLE KEYS */;
UNLOCK TABLES;

--
-- Table structure for table `MST_BOM`
--

DROP TABLE IF EXISTS `MST_BOM`;
/*!40101 SET @saved_cs_client     = @@character_set_client */;
/*!40101 SET character_set_client = utf8mb4 */;
CREATE TABLE `MST_BOM` (
  `BOM_ID` bigint(20) NOT NULL AUTO_INCREMENT COMMENT 'BOM ID',
  `PLANT_CD` varchar(20) NOT NULL COMMENT '공장코드',
  `PARENT_ITEM_CD` varchar(50) NOT NULL COMMENT '모품목코드',
  `CHILD_ITEM_CD` varchar(50) NOT NULL COMMENT '자품목코드',
  `BOM_LEVEL` int(11) NOT NULL DEFAULT 1 COMMENT 'BOM레벨',
  `BOM_QTY` decimal(15,5) NOT NULL COMMENT '소요량',
  `LOSS_RATE` decimal(5,2) DEFAULT 0.00 COMMENT '손실율(%)',
  `START_DT` date NOT NULL COMMENT '유효시작일',
  `END_DT` date DEFAULT NULL COMMENT '유효종료일',
  `PROCESS_CD` varchar(20) DEFAULT NULL COMMENT '투입공정',
  `LOCATION_TYPE` varchar(20) DEFAULT NULL COMMENT '투입위치',
  `BOM_RMK` varchar(500) DEFAULT NULL COMMENT '비고',
  `USE_YN` char(1) NOT NULL DEFAULT 'Y' COMMENT '사용여부',
  `REG_USER_ID` varchar(50) NOT NULL COMMENT '등록자ID',
  `REG_DTM` datetime NOT NULL DEFAULT current_timestamp() COMMENT '등록일시',
  `UPD_USER_ID` varchar(50) DEFAULT NULL COMMENT '수정자ID',
  `UPD_DTM` datetime DEFAULT NULL ON UPDATE current_timestamp() COMMENT '수정일시',
  PRIMARY KEY (`BOM_ID`),
  UNIQUE KEY `UK_MST_BOM` (`PLANT_CD`,`PARENT_ITEM_CD`,`CHILD_ITEM_CD`,`START_DT`),
  KEY `IDX_MST_BOM_01` (`PARENT_ITEM_CD`),
  KEY `IDX_MST_BOM_02` (`CHILD_ITEM_CD`),
  CONSTRAINT `FK_MST_BOM_CHILD` FOREIGN KEY (`CHILD_ITEM_CD`) REFERENCES `MST_ITEM` (`ITEM_CD`),
  CONSTRAINT `FK_MST_BOM_PARENT` FOREIGN KEY (`PARENT_ITEM_CD`) REFERENCES `MST_ITEM` (`ITEM_CD`),
  CONSTRAINT `FK_MST_BOM_PLANT` FOREIGN KEY (`PLANT_CD`) REFERENCES `MST_PLANT` (`PLANT_CD`)
) ENGINE=InnoDB AUTO_INCREMENT=13 DEFAULT CHARSET=utf8mb4 COLLATE=utf8mb4_general_ci COMMENT='BOM정보';
/*!40101 SET character_set_client = @saved_cs_client */;

--
-- Dumping data for table `MST_BOM`
--

LOCK TABLES `MST_BOM` WRITE;
/*!40000 ALTER TABLE `MST_BOM` DISABLE KEYS */;
INSERT INTO `MST_BOM` VALUES
(1,'P001','FG-ASM-001','SF-FRM-001',1,1.00000,0.00,'2024-01-01',NULL,'PR005',NULL,NULL,'Y','SYSTEM','2026-01-22 08:04:37',NULL,NULL),
(2,'P001','FG-ASM-001','SF-BKT-001',1,2.00000,1.00,'2024-01-01',NULL,'PR005',NULL,NULL,'Y','SYSTEM','2026-01-22 08:04:37',NULL,NULL),
(3,'P001','FG-ASM-001','SF-SFT-001',1,2.00000,0.00,'2024-01-01',NULL,'PR005',NULL,NULL,'Y','SYSTEM','2026-01-22 08:04:37',NULL,NULL),
(4,'P001','FG-ASM-001','SF-CVR-001',1,1.00000,2.00,'2024-01-01',NULL,'PR005',NULL,NULL,'Y','SYSTEM','2026-01-22 08:04:37',NULL,NULL),
(5,'P001','FG-ASM-001','PT-BRG-001',1,4.00000,0.00,'2024-01-01',NULL,'PR005',NULL,NULL,'Y','SYSTEM','2026-01-22 08:04:37',NULL,NULL),
(6,'P001','SF-FRM-001','RM-STL-001',2,2.50000,5.00,'2024-01-01',NULL,'PR001',NULL,NULL,'Y','SYSTEM','2026-01-22 08:04:37',NULL,NULL),
(7,'P001','SF-BKT-001','RM-ALU-002',2,1.00000,3.00,'2024-01-01',NULL,'PR002',NULL,NULL,'Y','SYSTEM','2026-01-22 08:04:37',NULL,NULL),
(8,'P001','FG-ASM-002','SF-FRM-002',1,1.00000,0.00,'2024-01-01',NULL,'PR005',NULL,NULL,'Y','SYSTEM','2026-01-22 08:04:37',NULL,NULL),
(9,'P001','FG-ASM-002','SF-BKT-002',1,2.00000,1.00,'2024-01-01',NULL,'PR005',NULL,NULL,'Y','SYSTEM','2026-01-22 08:04:37',NULL,NULL),
(10,'P002','FG-CTR-001','SF-PCB-001',1,1.00000,0.00,'2024-01-01',NULL,'PR008',NULL,NULL,'Y','SYSTEM','2026-01-22 08:04:37',NULL,NULL),
(11,'P002','SF-PCB-001','RM-PCB-001',2,1.00000,0.00,'2024-01-01',NULL,'PR008',NULL,NULL,'Y','SYSTEM','2026-01-22 08:04:37',NULL,NULL),
(12,'P002','SF-PCB-001','RM-IC-001',2,2.00000,1.00,'2024-01-01',NULL,'PR008',NULL,NULL,'Y','SYSTEM','2026-01-22 08:04:37',NULL,NULL);
/*!40000 ALTER TABLE `MST_BOM` ENABLE KEYS */;
UNLOCK TABLES;

--
-- Table structure for table `MST_COMPANY`
--

DROP TABLE IF EXISTS `MST_COMPANY`;
/*!40101 SET @saved_cs_client     = @@character_set_client */;
/*!40101 SET character_set_client = utf8mb4 */;
CREATE TABLE `MST_COMPANY` (
  `COMPANY_CD` varchar(20) NOT NULL COMMENT '회사코드',
  `COMPANY_NM` varchar(100) NOT NULL COMMENT '회사명',
  `BIZ_NO` varchar(20) DEFAULT NULL COMMENT '사업자번호',
  `CEO_NM` varchar(50) DEFAULT NULL COMMENT '대표자명',
  `BIZ_TYPE` varchar(100) DEFAULT NULL COMMENT '업태',
  `BIZ_ITEM` varchar(100) DEFAULT NULL COMMENT '종목',
  `ADDR` varchar(500) DEFAULT NULL COMMENT '주소',
  `TEL_NO` varchar(20) DEFAULT NULL COMMENT '전화번호',
  `FAX_NO` varchar(20) DEFAULT NULL COMMENT '팩스번호',
  `EMAIL` varchar(100) DEFAULT NULL COMMENT '이메일',
  `USE_YN` char(1) NOT NULL DEFAULT 'Y' COMMENT '사용여부',
  `REG_USER_ID` varchar(50) NOT NULL COMMENT '등록자ID',
  `REG_DTM` datetime NOT NULL DEFAULT current_timestamp() COMMENT '등록일시',
  `UPD_USER_ID` varchar(50) DEFAULT NULL COMMENT '수정자ID',
  `UPD_DTM` datetime DEFAULT NULL ON UPDATE current_timestamp() COMMENT '수정일시',
  PRIMARY KEY (`COMPANY_CD`)
) ENGINE=InnoDB DEFAULT CHARSET=utf8mb4 COLLATE=utf8mb4_general_ci COMMENT='회사정보';
/*!40101 SET character_set_client = @saved_cs_client */;

--
-- Dumping data for table `MST_COMPANY`
--

LOCK TABLES `MST_COMPANY` WRITE;
/*!40000 ALTER TABLE `MST_COMPANY` DISABLE KEYS */;
INSERT INTO `MST_COMPANY` VALUES
('C001','(주)스마트제조','123-45-67890','김대표','제조업','전자부품, 기계장비','경기도 수원시 영통구 삼성로 100','031-123-4567','031-123-4568','info@smartmfg.co.kr','Y','SYSTEM','2026-01-22 08:00:50',NULL,NULL);
/*!40000 ALTER TABLE `MST_COMPANY` ENABLE KEYS */;
UNLOCK TABLES;

--
-- Table structure for table `MST_DEPT`
--

DROP TABLE IF EXISTS `MST_DEPT`;
/*!40101 SET @saved_cs_client     = @@character_set_client */;
/*!40101 SET character_set_client = utf8mb4 */;
CREATE TABLE `MST_DEPT` (
  `DEPT_CD` varchar(20) NOT NULL COMMENT '부서코드',
  `PLANT_CD` varchar(20) NOT NULL COMMENT '공장코드',
  `DEPT_NM` varchar(100) NOT NULL COMMENT '부서명',
  `PARENT_DEPT_CD` varchar(20) DEFAULT NULL COMMENT '상위부서코드',
  `DEPT_LEVEL` int(11) NOT NULL DEFAULT 1 COMMENT '부서레벨',
  `SORT_SEQ` int(11) NOT NULL DEFAULT 0 COMMENT '정렬순서',
  `MANAGER_ID` varchar(20) DEFAULT NULL COMMENT '부서장ID',
  `USE_YN` char(1) NOT NULL DEFAULT 'Y' COMMENT '사용여부',
  `REG_USER_ID` varchar(50) NOT NULL COMMENT '등록자ID',
  `REG_DTM` datetime NOT NULL DEFAULT current_timestamp() COMMENT '등록일시',
  `UPD_USER_ID` varchar(50) DEFAULT NULL COMMENT '수정자ID',
  `UPD_DTM` datetime DEFAULT NULL ON UPDATE current_timestamp() COMMENT '수정일시',
  PRIMARY KEY (`DEPT_CD`),
  KEY `FK_MST_DEPT_PLANT` (`PLANT_CD`),
  CONSTRAINT `FK_MST_DEPT_PLANT` FOREIGN KEY (`PLANT_CD`) REFERENCES `MST_PLANT` (`PLANT_CD`)
) ENGINE=InnoDB DEFAULT CHARSET=utf8mb4 COLLATE=utf8mb4_general_ci COMMENT='부서정보';
/*!40101 SET character_set_client = @saved_cs_client */;

--
-- Dumping data for table `MST_DEPT`
--

LOCK TABLES `MST_DEPT` WRITE;
/*!40000 ALTER TABLE `MST_DEPT` DISABLE KEYS */;
INSERT INTO `MST_DEPT` VALUES
('D001','P001','생산부',NULL,1,1,NULL,'Y','SYSTEM','2026-01-22 08:00:50',NULL,NULL),
('D002','P001','생산1팀','D001',2,1,NULL,'Y','SYSTEM','2026-01-22 08:00:50',NULL,NULL),
('D003','P001','생산2팀','D001',2,2,NULL,'Y','SYSTEM','2026-01-22 08:00:50',NULL,NULL),
('D004','P001','품질부',NULL,1,2,NULL,'Y','SYSTEM','2026-01-22 08:00:50',NULL,NULL),
('D005','P001','품질관리팀','D004',2,1,NULL,'Y','SYSTEM','2026-01-22 08:00:50',NULL,NULL),
('D006','P001','품질보증팀','D004',2,2,NULL,'Y','SYSTEM','2026-01-22 08:00:50',NULL,NULL),
('D007','P001','생산관리부',NULL,1,3,NULL,'Y','SYSTEM','2026-01-22 08:00:50',NULL,NULL),
('D008','P001','자재팀','D007',2,1,NULL,'Y','SYSTEM','2026-01-22 08:00:50',NULL,NULL),
('D009','P001','공정기술팀','D007',2,2,NULL,'Y','SYSTEM','2026-01-22 08:00:50',NULL,NULL),
('D010','P001','설비팀',NULL,1,4,NULL,'Y','SYSTEM','2026-01-22 08:00:50',NULL,NULL),
('D011','P002','생산부',NULL,1,1,NULL,'Y','SYSTEM','2026-01-22 08:00:50',NULL,NULL),
('D012','P002','생산1팀','D011',2,1,NULL,'Y','SYSTEM','2026-01-22 08:00:50',NULL,NULL),
('D013','P002','품질부',NULL,1,2,NULL,'Y','SYSTEM','2026-01-22 08:00:50',NULL,NULL);
/*!40000 ALTER TABLE `MST_DEPT` ENABLE KEYS */;
UNLOCK TABLES;

--
-- Table structure for table `MST_EQUIPMENT`
--

DROP TABLE IF EXISTS `MST_EQUIPMENT`;
/*!40101 SET @saved_cs_client     = @@character_set_client */;
/*!40101 SET character_set_client = utf8mb4 */;
CREATE TABLE `MST_EQUIPMENT` (
  `EQUIPMENT_CD` varchar(20) NOT NULL COMMENT '설비코드',
  `PLANT_CD` varchar(20) NOT NULL COMMENT '공장코드',
  `WORKCENTER_CD` varchar(20) NOT NULL COMMENT '작업장코드',
  `EQUIPMENT_NM` varchar(100) NOT NULL COMMENT '설비명',
  `EQUIPMENT_TYPE` varchar(50) NOT NULL COMMENT '설비유형',
  `MODEL_NM` varchar(100) DEFAULT NULL COMMENT '모델명',
  `MAKER` varchar(100) DEFAULT NULL COMMENT '제조사',
  `SERIAL_NO` varchar(100) DEFAULT NULL COMMENT '시리얼번호',
  `INSTALL_DT` date DEFAULT NULL COMMENT '설치일',
  `PURCHASE_DT` date DEFAULT NULL COMMENT '구매일',
  `PURCHASE_PRICE` decimal(18,2) DEFAULT NULL COMMENT '구매가격',
  `CAPACITY_QTY` decimal(15,3) DEFAULT NULL COMMENT '생산능력',
  `CAPACITY_UNIT` varchar(20) DEFAULT NULL COMMENT '능력단위',
  `POWER_SPEC` varchar(100) DEFAULT NULL COMMENT '전력사양',
  `EQUIPMENT_STATUS` varchar(20) NOT NULL DEFAULT '가동' COMMENT '설비상태',
  `USE_YN` char(1) NOT NULL DEFAULT 'Y' COMMENT '사용여부',
  `REG_USER_ID` varchar(50) NOT NULL COMMENT '등록자ID',
  `REG_DTM` datetime NOT NULL DEFAULT current_timestamp() COMMENT '등록일시',
  `UPD_USER_ID` varchar(50) DEFAULT NULL COMMENT '수정자ID',
  `UPD_DTM` datetime DEFAULT NULL ON UPDATE current_timestamp() COMMENT '수정일시',
  PRIMARY KEY (`EQUIPMENT_CD`),
  KEY `FK_MST_EQUIPMENT_PLANT` (`PLANT_CD`),
  KEY `IDX_MST_EQUIPMENT_01` (`WORKCENTER_CD`),
  CONSTRAINT `FK_MST_EQUIPMENT_PLANT` FOREIGN KEY (`PLANT_CD`) REFERENCES `MST_PLANT` (`PLANT_CD`),
  CONSTRAINT `FK_MST_EQUIPMENT_WC` FOREIGN KEY (`WORKCENTER_CD`) REFERENCES `MST_WORKCENTER` (`WORKCENTER_CD`)
) ENGINE=InnoDB DEFAULT CHARSET=utf8mb4 COLLATE=utf8mb4_general_ci COMMENT='설비정보';
/*!40101 SET character_set_client = @saved_cs_client */;

--
-- Dumping data for table `MST_EQUIPMENT`
--

LOCK TABLES `MST_EQUIPMENT` WRITE;
/*!40000 ALTER TABLE `MST_EQUIPMENT` DISABLE KEYS */;
INSERT INTO `MST_EQUIPMENT` VALUES
('EQ001','P001','WC001','프레스기 #1','프레스','HP-200','현대프레스','HP200-2020-001','2020-03-15','2020-02-01',150000000.00,500.000,'EA/일',NULL,'가동','Y','SYSTEM','2026-01-22 08:00:50',NULL,NULL),
('EQ002','P001','WC001','프레스기 #2','프레스','HP-200','현대프레스','HP200-2020-002','2020-03-15','2020-02-01',150000000.00,500.000,'EA/일',NULL,'가동','Y','SYSTEM','2026-01-22 08:00:50',NULL,NULL),
('EQ003','P001','WC001','프레스기 #3','프레스','HP-100','현대프레스','HP100-2018-001','2018-06-01','2018-05-01',80000000.00,300.000,'EA/일',NULL,'가동','Y','SYSTEM','2026-01-22 08:00:50',NULL,NULL),
('EQ004','P001','WC002','CNC선반 #1','CNC','LT-2000','두산공작기계','LT2000-2019-001','2019-04-01','2019-03-01',200000000.00,150.000,'EA/일',NULL,'가동','Y','SYSTEM','2026-01-22 08:00:50',NULL,NULL),
('EQ005','P001','WC002','CNC선반 #2','CNC','LT-2000','두산공작기계','LT2000-2019-002','2019-04-01','2019-03-01',200000000.00,150.000,'EA/일',NULL,'가동','Y','SYSTEM','2026-01-22 08:00:50',NULL,NULL),
('EQ006','P001','WC002','CNC밀링 #1','CNC','VM-5500','두산공작기계','VM5500-2021-001','2021-01-15','2020-12-01',280000000.00,100.000,'EA/일',NULL,'가동','Y','SYSTEM','2026-01-22 08:00:50',NULL,NULL),
('EQ007','P001','WC002','MCT #1','MCT','DNM-500','두산공작기계','DNM500-2020-001','2020-07-01','2020-06-01',350000000.00,80.000,'EA/일',NULL,'가동','Y','SYSTEM','2026-01-22 08:00:50',NULL,NULL),
('EQ008','P001','WC003','아크용접기 #1','용접기','AW-300','현대용접','AW300-2019-001','2019-08-01','2019-07-01',25000000.00,100.000,'EA/일',NULL,'가동','Y','SYSTEM','2026-01-22 08:00:50',NULL,NULL),
('EQ009','P001','WC003','아크용접기 #2','용접기','AW-300','현대용접','AW300-2019-002','2019-08-01','2019-07-01',25000000.00,100.000,'EA/일',NULL,'가동','Y','SYSTEM','2026-01-22 08:00:50',NULL,NULL),
('EQ010','P001','WC003','스팟용접기 #1','용접기','SW-500','현대용접','SW500-2020-001','2020-05-01','2020-04-01',45000000.00,200.000,'EA/일',NULL,'가동','Y','SYSTEM','2026-01-22 08:00:50',NULL,NULL),
('EQ011','P001','WC004','도장부스 #1','도장설비','PB-3000','한국도장','PB3000-2018-001','2018-09-01','2018-08-01',120000000.00,200.000,'EA/일',NULL,'가동','Y','SYSTEM','2026-01-22 08:00:50',NULL,NULL),
('EQ012','P001','WC004','도장부스 #2','도장설비','PB-3000','한국도장','PB3000-2018-002','2018-09-01','2018-08-01',120000000.00,200.000,'EA/일',NULL,'가동','Y','SYSTEM','2026-01-22 08:00:50',NULL,NULL),
('EQ013','P001','WC005','조립라인 #1','조립설비','AL-100','스마트라인','AL100-2021-001','2021-06-01','2021-05-01',500000000.00,100.000,'SET/일',NULL,'가동','Y','SYSTEM','2026-01-22 08:00:50',NULL,NULL),
('EQ014','P001','WC005','조립라인 #2','조립설비','AL-100','스마트라인','AL100-2021-002','2021-06-01','2021-05-01',500000000.00,100.000,'SET/일',NULL,'가동','Y','SYSTEM','2026-01-22 08:00:50',NULL,NULL),
('EQ015','P001','WC006','검사장비 #1','검사설비','QI-500','한국계측','QI500-2020-001','2020-09-01','2020-08-01',80000000.00,300.000,'EA/일',NULL,'가동','Y','SYSTEM','2026-01-22 08:00:50',NULL,NULL),
('EQ016','P001','WC006','3차원측정기','검사설비','CMM-800','ZEISS','CMM800-2019-001','2019-11-01','2019-10-01',250000000.00,50.000,'EA/일',NULL,'가동','Y','SYSTEM','2026-01-22 08:00:50',NULL,NULL),
('EQ017','P001','WC007','포장기 #1','포장설비','PK-200','한국포장','PK200-2020-001','2020-04-01','2020-03-01',35000000.00,150.000,'BOX/일',NULL,'가동','Y','SYSTEM','2026-01-22 08:00:50',NULL,NULL),
('EQ018','P001','WC007','포장기 #2','포장설비','PK-200','한국포장','PK200-2020-002','2020-04-01','2020-03-01',35000000.00,150.000,'BOX/일',NULL,'가동','Y','SYSTEM','2026-01-22 08:00:50',NULL,NULL),
('EQ019','P002','WC008','SMT라인 #1','SMT','SM-3000','한화정밀','SM3000-2021-001','2021-03-01','2021-02-01',800000000.00,1000.000,'EA/일',NULL,'가동','Y','SYSTEM','2026-01-22 08:00:50',NULL,NULL),
('EQ020','P002','WC008','SMT라인 #2','SMT','SM-3000','한화정밀','SM3000-2021-002','2021-03-01','2021-02-01',800000000.00,1000.000,'EA/일',NULL,'가동','Y','SYSTEM','2026-01-22 08:00:50',NULL,NULL),
('EQ021','P002','WC009','DIP라인 #1','DIP','DP-2000','한화정밀','DP2000-2021-001','2021-04-01','2021-03-01',300000000.00,750.000,'EA/일',NULL,'가동','Y','SYSTEM','2026-01-22 08:00:50',NULL,NULL),
('EQ022','P002','WC009','DIP라인 #2','DIP','DP-2000','한화정밀','DP2000-2021-002','2021-04-01','2021-03-01',300000000.00,750.000,'EA/일',NULL,'가동','Y','SYSTEM','2026-01-22 08:00:50',NULL,NULL),
('EQ023','P002','WC010','AOI검사기 #1','검사설비','AOI-500','고영테크','AOI500-2021-001','2021-05-01','2021-04-01',150000000.00,500.000,'EA/일',NULL,'가동','Y','SYSTEM','2026-01-22 08:00:50',NULL,NULL),
('EQ024','P002','WC010','ICT검사기 #1','검사설비','ICT-300','고영테크','ICT300-2021-001','2021-05-01','2021-04-01',120000000.00,400.000,'EA/일',NULL,'가동','Y','SYSTEM','2026-01-22 08:00:50',NULL,NULL);
/*!40000 ALTER TABLE `MST_EQUIPMENT` ENABLE KEYS */;
UNLOCK TABLES;

--
-- Table structure for table `MST_ITEM`
--

DROP TABLE IF EXISTS `MST_ITEM`;
/*!40101 SET @saved_cs_client     = @@character_set_client */;
/*!40101 SET character_set_client = utf8mb4 */;
CREATE TABLE `MST_ITEM` (
  `ITEM_CD` varchar(50) NOT NULL COMMENT '품목코드',
  `PLANT_CD` varchar(20) NOT NULL COMMENT '공장코드',
  `ITEM_NM` varchar(200) NOT NULL COMMENT '품목명',
  `ITEM_EN_NM` varchar(200) DEFAULT NULL COMMENT '품목영문명',
  `ITEM_SPEC` varchar(500) DEFAULT NULL COMMENT '규격',
  `ITEM_TYPE` varchar(20) NOT NULL COMMENT '품목유형',
  `ITEM_GRP` varchar(50) DEFAULT NULL COMMENT '품목그룹',
  `ITEM_CLASS` varchar(50) DEFAULT NULL COMMENT '품목분류',
  `UNIT` varchar(20) NOT NULL COMMENT '기본단위',
  `SUB_UNIT` varchar(20) DEFAULT NULL COMMENT '보조단위',
  `UNIT_CONV_RATE` decimal(15,5) DEFAULT NULL COMMENT '단위환산율',
  `SAFETY_STOCK_QTY` decimal(15,3) DEFAULT NULL COMMENT '안전재고수량',
  `MIN_ORDER_QTY` decimal(15,3) DEFAULT NULL COMMENT '최소발주수량',
  `LEAD_TIME` int(11) DEFAULT NULL COMMENT '리드타임(일)',
  `LOT_SIZE` decimal(15,3) DEFAULT NULL COMMENT 'LOT크기',
  `SHELF_LIFE` int(11) DEFAULT NULL COMMENT '유효기간(일)',
  `WEIGHT` decimal(15,5) DEFAULT NULL COMMENT '중량',
  `WEIGHT_UNIT` varchar(20) DEFAULT NULL COMMENT '중량단위',
  `VOLUME` decimal(15,5) DEFAULT NULL COMMENT '부피',
  `VOLUME_UNIT` varchar(20) DEFAULT NULL COMMENT '부피단위',
  `PURCHASE_PRICE` decimal(18,2) DEFAULT NULL COMMENT '구매단가',
  `SALE_PRICE` decimal(18,2) DEFAULT NULL COMMENT '판매단가',
  `STANDARD_COST` decimal(18,2) DEFAULT NULL COMMENT '표준원가',
  `VENDOR_CD` varchar(50) DEFAULT NULL COMMENT '주거래처코드',
  `INSPECT_YN` char(1) NOT NULL DEFAULT 'Y' COMMENT '검사여부',
  `LOT_MANAGE_YN` char(1) NOT NULL DEFAULT 'Y' COMMENT 'LOT관리여부',
  `SERIAL_MANAGE_YN` char(1) NOT NULL DEFAULT 'N' COMMENT '시리얼관리여부',
  `DRAWING_NO` varchar(50) DEFAULT NULL COMMENT '도면번호',
  `USE_YN` char(1) NOT NULL DEFAULT 'Y' COMMENT '사용여부',
  `REG_USER_ID` varchar(50) NOT NULL COMMENT '등록자ID',
  `REG_DTM` datetime NOT NULL DEFAULT current_timestamp() COMMENT '등록일시',
  `UPD_USER_ID` varchar(50) DEFAULT NULL COMMENT '수정자ID',
  `UPD_DTM` datetime DEFAULT NULL ON UPDATE current_timestamp() COMMENT '수정일시',
  PRIMARY KEY (`ITEM_CD`),
  KEY `FK_MST_ITEM_VENDOR` (`VENDOR_CD`),
  KEY `IDX_MST_ITEM_01` (`PLANT_CD`,`ITEM_TYPE`),
  KEY `IDX_MST_ITEM_02` (`ITEM_NM`),
  KEY `IDX_MST_ITEM_03` (`ITEM_GRP`),
  CONSTRAINT `FK_MST_ITEM_PLANT` FOREIGN KEY (`PLANT_CD`) REFERENCES `MST_PLANT` (`PLANT_CD`),
  CONSTRAINT `FK_MST_ITEM_VENDOR` FOREIGN KEY (`VENDOR_CD`) REFERENCES `MST_VENDOR` (`VENDOR_CD`)
) ENGINE=InnoDB DEFAULT CHARSET=utf8mb4 COLLATE=utf8mb4_general_ci COMMENT='품목정보';
/*!40101 SET character_set_client = @saved_cs_client */;

--
-- Dumping data for table `MST_ITEM`
--

LOCK TABLES `MST_ITEM` WRITE;
/*!40000 ALTER TABLE `MST_ITEM` DISABLE KEYS */;
INSERT INTO `MST_ITEM` VALUES
('FG-ASM-001','P001','구동모듈A',NULL,'완제품 모듈','완제품','모듈',NULL,'SET',NULL,NULL,50.000,NULL,5,NULL,NULL,NULL,NULL,NULL,NULL,NULL,180000.00,120000.00,NULL,'Y','Y','N',NULL,'Y','SYSTEM','2026-01-22 08:03:03',NULL,NULL),
('FG-ASM-002','P001','구동모듈B',NULL,'완제품 모듈','완제품','모듈',NULL,'SET',NULL,NULL,30.000,NULL,5,NULL,NULL,NULL,NULL,NULL,NULL,NULL,280000.00,185000.00,NULL,'Y','Y','N',NULL,'Y','SYSTEM','2026-01-22 08:03:03',NULL,NULL),
('FG-ASM-003','P001','구동모듈C',NULL,'완제품 모듈 (고급형)','완제품','모듈',NULL,'SET',NULL,NULL,20.000,NULL,7,NULL,NULL,NULL,NULL,NULL,NULL,NULL,380000.00,250000.00,NULL,'Y','Y','N',NULL,'Y','SYSTEM','2026-01-22 08:03:03',NULL,NULL),
('FG-CTR-001','P002','컨트롤러A',NULL,'전자제어기','완제품','컨트롤러',NULL,'EA',NULL,NULL,100.000,NULL,3,NULL,NULL,NULL,NULL,NULL,NULL,NULL,130000.00,85000.00,NULL,'Y','Y','N',NULL,'Y','SYSTEM','2026-01-22 08:03:03',NULL,NULL),
('FG-CTR-002','P002','컨트롤러B',NULL,'전자제어기 (고급형)','완제품','컨트롤러',NULL,'EA',NULL,NULL,50.000,NULL,3,NULL,NULL,NULL,NULL,NULL,NULL,NULL,195000.00,125000.00,NULL,'Y','Y','N',NULL,'Y','SYSTEM','2026-01-22 08:03:03',NULL,NULL),
('FG-SEN-001','P002','센서모듈A',NULL,'센서 모듈','완제품','센서',NULL,'EA',NULL,NULL,150.000,NULL,2,NULL,NULL,NULL,NULL,NULL,NULL,NULL,72000.00,45000.00,NULL,'Y','Y','N',NULL,'Y','SYSTEM','2026-01-22 08:03:03',NULL,NULL),
('FG-SEN-002','P002','센서모듈B',NULL,'센서 모듈','완제품','센서',NULL,'EA',NULL,NULL,100.000,NULL,2,NULL,NULL,NULL,NULL,NULL,NULL,NULL,108000.00,68000.00,NULL,'Y','Y','N',NULL,'Y','SYSTEM','2026-01-22 08:03:03',NULL,NULL),
('FG-UNT-001','P001','컨트롤유닛A',NULL,'컨트롤 유닛','완제품','유닛',NULL,'SET',NULL,NULL,40.000,NULL,5,NULL,NULL,NULL,NULL,NULL,NULL,NULL,150000.00,95000.00,NULL,'Y','Y','N',NULL,'Y','SYSTEM','2026-01-22 08:03:03',NULL,NULL),
('FG-UNT-002','P001','컨트롤유닛B',NULL,'컨트롤 유닛','완제품','유닛',NULL,'SET',NULL,NULL,25.000,NULL,5,NULL,NULL,NULL,NULL,NULL,NULL,NULL,220000.00,145000.00,NULL,'Y','Y','N',NULL,'Y','SYSTEM','2026-01-22 08:03:03',NULL,NULL),
('PT-BRG-001','P001','볼베어링',NULL,'6001ZZ','부품','베어링',NULL,'EA',NULL,NULL,500.000,100.000,7,NULL,NULL,NULL,NULL,NULL,NULL,1500.00,NULL,NULL,'V005','Y','Y','N',NULL,'Y','SYSTEM','2026-01-22 08:03:03',NULL,NULL),
('PT-BRG-002','P001','볼베어링',NULL,'6002ZZ','부품','베어링',NULL,'EA',NULL,NULL,300.000,50.000,7,NULL,NULL,NULL,NULL,NULL,NULL,1800.00,NULL,NULL,'V005','Y','Y','N',NULL,'Y','SYSTEM','2026-01-22 08:03:03',NULL,NULL),
('PT-BRG-003','P001','볼베어링',NULL,'6003ZZ','부품','베어링',NULL,'EA',NULL,NULL,200.000,50.000,7,NULL,NULL,NULL,NULL,NULL,NULL,2200.00,NULL,NULL,'V005','Y','Y','N',NULL,'Y','SYSTEM','2026-01-22 08:03:03',NULL,NULL),
('PT-CON-001','P002','커넥터',NULL,'MOLEX 4P','부품','커넥터',NULL,'EA',NULL,NULL,2000.000,500.000,7,NULL,NULL,NULL,NULL,NULL,NULL,120.00,NULL,NULL,'V004','N','N','N',NULL,'Y','SYSTEM','2026-01-22 08:03:03',NULL,NULL),
('PT-CON-002','P002','커넥터',NULL,'JST 3P','부품','커넥터',NULL,'EA',NULL,NULL,3000.000,500.000,7,NULL,NULL,NULL,NULL,NULL,NULL,85.00,NULL,NULL,'V004','N','N','N',NULL,'Y','SYSTEM','2026-01-22 08:03:03',NULL,NULL),
('PT-CON-003','P002','USB커넥터',NULL,'USB-A TYPE','부품','커넥터',NULL,'EA',NULL,NULL,1000.000,200.000,7,NULL,NULL,NULL,NULL,NULL,NULL,350.00,NULL,NULL,'V004','Y','N','N',NULL,'Y','SYSTEM','2026-01-22 08:03:03',NULL,NULL),
('PT-SCR-001','P001','육각볼트',NULL,'M6 x 20 SUS','부품','체결부품',NULL,'EA',NULL,NULL,5000.000,1000.000,3,NULL,NULL,NULL,NULL,NULL,NULL,15.00,NULL,NULL,'V006','N','N','N',NULL,'Y','SYSTEM','2026-01-22 08:03:03',NULL,NULL),
('PT-SCR-002','P001','육각볼트',NULL,'M8 x 30 SUS','부품','체결부품',NULL,'EA',NULL,NULL,3000.000,500.000,3,NULL,NULL,NULL,NULL,NULL,NULL,25.00,NULL,NULL,'V006','N','N','N',NULL,'Y','SYSTEM','2026-01-22 08:03:03',NULL,NULL),
('PT-SCR-003','P001','육각너트',NULL,'M6 SUS','부품','체결부품',NULL,'EA',NULL,NULL,5000.000,1000.000,3,NULL,NULL,NULL,NULL,NULL,NULL,8.00,NULL,NULL,'V006','N','N','N',NULL,'Y','SYSTEM','2026-01-22 08:03:03',NULL,NULL),
('PT-SCR-004','P001','육각너트',NULL,'M8 SUS','부품','체결부품',NULL,'EA',NULL,NULL,3000.000,500.000,3,NULL,NULL,NULL,NULL,NULL,NULL,12.00,NULL,NULL,'V006','N','N','N',NULL,'Y','SYSTEM','2026-01-22 08:03:03',NULL,NULL),
('PT-SPR-001','P001','스프링와셔',NULL,'M6 SUS','부품','체결부품',NULL,'EA',NULL,NULL,3000.000,500.000,3,NULL,NULL,NULL,NULL,NULL,NULL,8.00,NULL,NULL,'V006','N','N','N',NULL,'Y','SYSTEM','2026-01-22 08:03:03',NULL,NULL),
('PT-WSH-001','P001','평와셔',NULL,'M6 SUS','부품','체결부품',NULL,'EA',NULL,NULL,5000.000,1000.000,3,NULL,NULL,NULL,NULL,NULL,NULL,5.00,NULL,NULL,'V006','N','N','N',NULL,'Y','SYSTEM','2026-01-22 08:03:03',NULL,NULL),
('PT-WSH-002','P001','평와셔',NULL,'M8 SUS','부품','체결부품',NULL,'EA',NULL,NULL,3000.000,500.000,3,NULL,NULL,NULL,NULL,NULL,NULL,7.00,NULL,NULL,'V006','N','N','N',NULL,'Y','SYSTEM','2026-01-22 08:03:03',NULL,NULL),
('RM-ALU-001','P001','알루미늄판',NULL,'AL5052 2.0T x 1219 x 2438','원자재','비철금속',NULL,'KG',NULL,NULL,500.000,100.000,10,NULL,NULL,NULL,NULL,NULL,NULL,5500.00,NULL,NULL,'V002','Y','Y','N',NULL,'Y','SYSTEM','2026-01-22 08:03:03',NULL,NULL),
('RM-ALU-002','P001','알루미늄봉',NULL,'AL6061 φ30 x 3000','원자재','비철금속',NULL,'EA',NULL,NULL,200.000,50.000,7,NULL,NULL,NULL,NULL,NULL,NULL,15000.00,NULL,NULL,'V002','Y','Y','N',NULL,'Y','SYSTEM','2026-01-22 08:03:03',NULL,NULL),
('RM-ALU-003','P001','알루미늄봉',NULL,'AL6061 φ50 x 3000','원자재','비철금속',NULL,'EA',NULL,NULL,150.000,30.000,7,NULL,NULL,NULL,NULL,NULL,NULL,25000.00,NULL,NULL,'V002','Y','Y','N',NULL,'Y','SYSTEM','2026-01-22 08:03:03',NULL,NULL),
('RM-CAP-001','P002','콘덴서',NULL,'MLCC 0.1uF 0603','원자재','전자부품',NULL,'EA',NULL,NULL,50000.000,10000.000,7,NULL,NULL,NULL,NULL,NULL,NULL,5.00,NULL,NULL,'V004','N','Y','N',NULL,'Y','SYSTEM','2026-01-22 08:03:03',NULL,NULL),
('RM-CAP-002','P002','콘덴서',NULL,'MLCC 10uF 0805','원자재','전자부품',NULL,'EA',NULL,NULL,30000.000,5000.000,7,NULL,NULL,NULL,NULL,NULL,NULL,12.00,NULL,NULL,'V004','N','Y','N',NULL,'Y','SYSTEM','2026-01-22 08:03:03',NULL,NULL),
('RM-IC-001','P002','MCU',NULL,'STM32F103C8T6','원자재','반도체',NULL,'EA',NULL,NULL,1000.000,200.000,21,NULL,NULL,NULL,NULL,NULL,NULL,3500.00,NULL,NULL,'V008','Y','Y','N',NULL,'Y','SYSTEM','2026-01-22 08:03:03',NULL,NULL),
('RM-IC-002','P002','전원IC',NULL,'LM7805','원자재','반도체',NULL,'EA',NULL,NULL,2000.000,500.000,14,NULL,NULL,NULL,NULL,NULL,NULL,450.00,NULL,NULL,'V008','N','Y','N',NULL,'Y','SYSTEM','2026-01-22 08:03:03',NULL,NULL),
('RM-LED-001','P002','LED',NULL,'LED 3mm RED','원자재','전자부품',NULL,'EA',NULL,NULL,10000.000,2000.000,7,NULL,NULL,NULL,NULL,NULL,NULL,25.00,NULL,NULL,'V004','N','Y','N',NULL,'Y','SYSTEM','2026-01-22 08:03:03',NULL,NULL),
('RM-LED-002','P002','LED',NULL,'LED 3mm GREEN','원자재','전자부품',NULL,'EA',NULL,NULL,10000.000,2000.000,7,NULL,NULL,NULL,NULL,NULL,NULL,25.00,NULL,NULL,'V004','N','Y','N',NULL,'Y','SYSTEM','2026-01-22 08:03:03',NULL,NULL),
('RM-PCB-001','P002','PCB기판',NULL,'FR-4 1.6T 양면','원자재','PCB',NULL,'EA',NULL,NULL,2000.000,500.000,14,NULL,NULL,NULL,NULL,NULL,NULL,3500.00,NULL,NULL,'V007','Y','Y','N',NULL,'Y','SYSTEM','2026-01-22 08:03:03',NULL,NULL),
('RM-PCB-002','P002','PCB기판',NULL,'FR-4 1.6T 4층','원자재','PCB',NULL,'EA',NULL,NULL,1000.000,300.000,14,NULL,NULL,NULL,NULL,NULL,NULL,8500.00,NULL,NULL,'V007','Y','Y','N',NULL,'Y','SYSTEM','2026-01-22 08:03:03',NULL,NULL),
('RM-PLA-001','P001','ABS수지',NULL,'ABS HI-121H 내열','원자재','플라스틱',NULL,'KG',NULL,NULL,1000.000,500.000,5,NULL,NULL,NULL,NULL,NULL,NULL,2800.00,NULL,NULL,'V003','Y','Y','N',NULL,'Y','SYSTEM','2026-01-22 08:03:03',NULL,NULL),
('RM-PLA-002','P001','PC수지',NULL,'PC 1100 투명','원자재','플라스틱',NULL,'KG',NULL,NULL,500.000,200.000,5,NULL,NULL,NULL,NULL,NULL,NULL,4200.00,NULL,NULL,'V003','Y','Y','N',NULL,'Y','SYSTEM','2026-01-22 08:03:03',NULL,NULL),
('RM-RES-001','P002','저항',NULL,'CHIP 10K 0603','원자재','전자부품',NULL,'EA',NULL,NULL,100000.000,20000.000,3,NULL,NULL,NULL,NULL,NULL,NULL,2.00,NULL,NULL,'V004','N','Y','N',NULL,'Y','SYSTEM','2026-01-22 08:03:03',NULL,NULL),
('RM-RES-002','P002','저항',NULL,'CHIP 4.7K 0603','원자재','전자부품',NULL,'EA',NULL,NULL,80000.000,15000.000,3,NULL,NULL,NULL,NULL,NULL,NULL,2.00,NULL,NULL,'V004','N','Y','N',NULL,'Y','SYSTEM','2026-01-22 08:03:03',NULL,NULL),
('RM-STL-001','P001','냉연강판',NULL,'SPCC 1.0T x 1219 x 2438','원자재','철강재',NULL,'KG',NULL,NULL,5000.000,1000.000,7,NULL,NULL,NULL,NULL,NULL,NULL,1200.00,NULL,NULL,'V001','Y','Y','N',NULL,'Y','SYSTEM','2026-01-22 08:03:03',NULL,NULL),
('RM-STL-002','P001','냉연강판',NULL,'SPCC 1.5T x 1219 x 2438','원자재','철강재',NULL,'KG',NULL,NULL,3000.000,500.000,7,NULL,NULL,NULL,NULL,NULL,NULL,1250.00,NULL,NULL,'V001','Y','Y','N',NULL,'Y','SYSTEM','2026-01-22 08:03:03',NULL,NULL),
('RM-STL-003','P001','냉연강판',NULL,'SPCC 2.0T x 1219 x 2438','원자재','철강재',NULL,'KG',NULL,NULL,2000.000,500.000,7,NULL,NULL,NULL,NULL,NULL,NULL,1300.00,NULL,NULL,'V001','Y','Y','N',NULL,'Y','SYSTEM','2026-01-22 08:03:03',NULL,NULL),
('RM-SUS-001','P001','스테인리스판',NULL,'SUS304 1.0T x 1219 x 2438','원자재','비철금속',NULL,'KG',NULL,NULL,1000.000,200.000,10,NULL,NULL,NULL,NULL,NULL,NULL,4500.00,NULL,NULL,'V002','Y','Y','N',NULL,'Y','SYSTEM','2026-01-22 08:03:03',NULL,NULL),
('RM-SUS-002','P001','스테인리스판',NULL,'SUS304 1.5T x 1219 x 2438','원자재','비철금속',NULL,'KG',NULL,NULL,800.000,200.000,10,NULL,NULL,NULL,NULL,NULL,NULL,4700.00,NULL,NULL,'V002','Y','Y','N',NULL,'Y','SYSTEM','2026-01-22 08:03:03',NULL,NULL),
('SF-BKT-001','P001','브라켓A',NULL,'CNC가공품 φ30 x 50','반제품','가공품',NULL,'EA',NULL,NULL,200.000,NULL,1,NULL,NULL,NULL,NULL,NULL,NULL,NULL,NULL,5500.00,NULL,'Y','Y','N',NULL,'Y','SYSTEM','2026-01-22 08:03:03',NULL,NULL),
('SF-BKT-002','P001','브라켓B',NULL,'CNC가공품 φ50 x 80','반제품','가공품',NULL,'EA',NULL,NULL,150.000,NULL,1,NULL,NULL,NULL,NULL,NULL,NULL,NULL,NULL,9500.00,NULL,'Y','Y','N',NULL,'Y','SYSTEM','2026-01-22 08:03:03',NULL,NULL),
('SF-CVR-001','P001','커버A',NULL,'프레스+도장품','반제품','외장품',NULL,'EA',NULL,NULL,120.000,NULL,3,NULL,NULL,NULL,NULL,NULL,NULL,NULL,NULL,6500.00,NULL,'Y','Y','N',NULL,'Y','SYSTEM','2026-01-22 08:03:03',NULL,NULL),
('SF-CVR-002','P001','커버B',NULL,'프레스+도장품','반제품','외장품',NULL,'EA',NULL,NULL,100.000,NULL,3,NULL,NULL,NULL,NULL,NULL,NULL,NULL,NULL,7800.00,NULL,'Y','Y','N',NULL,'Y','SYSTEM','2026-01-22 08:03:03',NULL,NULL),
('SF-FRM-001','P001','메인프레임',NULL,'프레스 성형품 500x300x50','반제품','프레임',NULL,'EA',NULL,NULL,100.000,NULL,2,NULL,NULL,NULL,NULL,NULL,NULL,NULL,NULL,15000.00,NULL,'Y','Y','N',NULL,'Y','SYSTEM','2026-01-22 08:03:03',NULL,NULL),
('SF-FRM-002','P001','서브프레임',NULL,'프레스 성형품 300x200x30','반제품','프레임',NULL,'EA',NULL,NULL,150.000,NULL,2,NULL,NULL,NULL,NULL,NULL,NULL,NULL,NULL,8000.00,NULL,'Y','Y','N',NULL,'Y','SYSTEM','2026-01-22 08:03:03',NULL,NULL),
('SF-PCB-001','P002','MAIN PCB ASSY',NULL,'PCB 조립품','반제품','PCB',NULL,'EA',NULL,NULL,200.000,NULL,1,NULL,NULL,NULL,NULL,NULL,NULL,NULL,NULL,45000.00,NULL,'Y','Y','N',NULL,'Y','SYSTEM','2026-01-22 08:03:03',NULL,NULL),
('SF-PCB-002','P002','SUB PCB ASSY',NULL,'PCB 조립품','반제품','PCB',NULL,'EA',NULL,NULL,300.000,NULL,1,NULL,NULL,NULL,NULL,NULL,NULL,NULL,NULL,28000.00,NULL,'Y','Y','N',NULL,'Y','SYSTEM','2026-01-22 08:03:03',NULL,NULL),
('SF-PCB-003','P002','POWER PCB ASSY',NULL,'PCB 조립품','반제품','PCB',NULL,'EA',NULL,NULL,250.000,NULL,1,NULL,NULL,NULL,NULL,NULL,NULL,NULL,NULL,32000.00,NULL,'Y','Y','N',NULL,'Y','SYSTEM','2026-01-22 08:03:03',NULL,NULL),
('SF-SFT-001','P001','샤프트A',NULL,'CNC가공품 φ25 x 200','반제품','가공품',NULL,'EA',NULL,NULL,100.000,NULL,2,NULL,NULL,NULL,NULL,NULL,NULL,NULL,NULL,12000.00,NULL,'Y','Y','N',NULL,'Y','SYSTEM','2026-01-22 08:03:03',NULL,NULL),
('SF-SFT-002','P001','샤프트B',NULL,'CNC가공품 φ35 x 300','반제품','가공품',NULL,'EA',NULL,NULL,80.000,NULL,2,NULL,NULL,NULL,NULL,NULL,NULL,NULL,NULL,18000.00,NULL,'Y','Y','N',NULL,'Y','SYSTEM','2026-01-22 08:03:03',NULL,NULL),
('SF-WLD-001','P001','용접조립체A',NULL,'용접품','반제품','용접품',NULL,'EA',NULL,NULL,80.000,NULL,2,NULL,NULL,NULL,NULL,NULL,NULL,NULL,NULL,25000.00,NULL,'Y','Y','N',NULL,'Y','SYSTEM','2026-01-22 08:03:03',NULL,NULL),
('SF-WLD-002','P001','용접조립체B',NULL,'용접품','반제품','용접품',NULL,'EA',NULL,NULL,60.000,NULL,2,NULL,NULL,NULL,NULL,NULL,NULL,NULL,NULL,35000.00,NULL,'Y','Y','N',NULL,'Y','SYSTEM','2026-01-22 08:03:03',NULL,NULL);
/*!40000 ALTER TABLE `MST_ITEM` ENABLE KEYS */;
UNLOCK TABLES;

--
-- Table structure for table `MST_PLANT`
--

DROP TABLE IF EXISTS `MST_PLANT`;
/*!40101 SET @saved_cs_client     = @@character_set_client */;
/*!40101 SET character_set_client = utf8mb4 */;
CREATE TABLE `MST_PLANT` (
  `PLANT_CD` varchar(20) NOT NULL COMMENT '공장코드',
  `COMPANY_CD` varchar(20) NOT NULL COMMENT '회사코드',
  `PLANT_NM` varchar(100) NOT NULL COMMENT '공장명',
  `PLANT_TYPE` varchar(20) DEFAULT NULL COMMENT '공장유형',
  `ADDR` varchar(500) DEFAULT NULL COMMENT '주소',
  `TEL_NO` varchar(20) DEFAULT NULL COMMENT '전화번호',
  `FAX_NO` varchar(20) DEFAULT NULL COMMENT '팩스번호',
  `MANAGER_NM` varchar(50) DEFAULT NULL COMMENT '담당자명',
  `USE_YN` char(1) NOT NULL DEFAULT 'Y' COMMENT '사용여부',
  `REG_USER_ID` varchar(50) NOT NULL COMMENT '등록자ID',
  `REG_DTM` datetime NOT NULL DEFAULT current_timestamp() COMMENT '등록일시',
  `UPD_USER_ID` varchar(50) DEFAULT NULL COMMENT '수정자ID',
  `UPD_DTM` datetime DEFAULT NULL ON UPDATE current_timestamp() COMMENT '수정일시',
  PRIMARY KEY (`PLANT_CD`),
  KEY `FK_MST_PLANT_COMPANY` (`COMPANY_CD`),
  CONSTRAINT `FK_MST_PLANT_COMPANY` FOREIGN KEY (`COMPANY_CD`) REFERENCES `MST_COMPANY` (`COMPANY_CD`)
) ENGINE=InnoDB DEFAULT CHARSET=utf8mb4 COLLATE=utf8mb4_general_ci COMMENT='공장정보';
/*!40101 SET character_set_client = @saved_cs_client */;

--
-- Dumping data for table `MST_PLANT`
--

LOCK TABLES `MST_PLANT` WRITE;
/*!40000 ALTER TABLE `MST_PLANT` DISABLE KEYS */;
INSERT INTO `MST_PLANT` VALUES
('P001','C001','수원1공장','생산공장','경기도 수원시 영통구 삼성로 100','031-123-4567','031-123-4568','박공장장','Y','SYSTEM','2026-01-22 08:00:50',NULL,NULL),
('P002','C001','화성2공장','생산공장','경기도 화성시 동탄대로 200','031-234-5678','031-234-5679','이공장장','Y','SYSTEM','2026-01-22 08:00:50',NULL,NULL);
/*!40000 ALTER TABLE `MST_PLANT` ENABLE KEYS */;
UNLOCK TABLES;

--
-- Table structure for table `MST_PROCESS`
--

DROP TABLE IF EXISTS `MST_PROCESS`;
/*!40101 SET @saved_cs_client     = @@character_set_client */;
/*!40101 SET character_set_client = utf8mb4 */;
CREATE TABLE `MST_PROCESS` (
  `PROCESS_CD` varchar(20) NOT NULL COMMENT '공정코드',
  `PLANT_CD` varchar(20) NOT NULL COMMENT '공장코드',
  `PROCESS_NM` varchar(100) NOT NULL COMMENT '공정명',
  `PROCESS_TYPE` varchar(20) DEFAULT NULL COMMENT '공정유형',
  `PROCESS_DESC` varchar(500) DEFAULT NULL COMMENT '공정설명',
  `SORT_SEQ` int(11) NOT NULL DEFAULT 0 COMMENT '정렬순서',
  `USE_YN` char(1) NOT NULL DEFAULT 'Y' COMMENT '사용여부',
  `REG_USER_ID` varchar(50) NOT NULL COMMENT '등록자ID',
  `REG_DTM` datetime NOT NULL DEFAULT current_timestamp() COMMENT '등록일시',
  `UPD_USER_ID` varchar(50) DEFAULT NULL COMMENT '수정자ID',
  `UPD_DTM` datetime DEFAULT NULL ON UPDATE current_timestamp() COMMENT '수정일시',
  PRIMARY KEY (`PROCESS_CD`),
  KEY `FK_MST_PROCESS_PLANT` (`PLANT_CD`),
  CONSTRAINT `FK_MST_PROCESS_PLANT` FOREIGN KEY (`PLANT_CD`) REFERENCES `MST_PLANT` (`PLANT_CD`)
) ENGINE=InnoDB DEFAULT CHARSET=utf8mb4 COLLATE=utf8mb4_general_ci COMMENT='공정코드';
/*!40101 SET character_set_client = @saved_cs_client */;

--
-- Dumping data for table `MST_PROCESS`
--

LOCK TABLES `MST_PROCESS` WRITE;
/*!40000 ALTER TABLE `MST_PROCESS` DISABLE KEYS */;
/*!40000 ALTER TABLE `MST_PROCESS` ENABLE KEYS */;
UNLOCK TABLES;

--
-- Table structure for table `MST_ROUTING`
--

DROP TABLE IF EXISTS `MST_ROUTING`;
/*!40101 SET @saved_cs_client     = @@character_set_client */;
/*!40101 SET character_set_client = utf8mb4 */;
CREATE TABLE `MST_ROUTING` (
  `ROUTING_ID` bigint(20) NOT NULL AUTO_INCREMENT COMMENT '라우팅ID',
  `PLANT_CD` varchar(20) NOT NULL COMMENT '공장코드',
  `ITEM_CD` varchar(50) NOT NULL COMMENT '품목코드',
  `PROCESS_SEQ` int(11) NOT NULL COMMENT '공정순서',
  `PROCESS_CD` varchar(20) NOT NULL COMMENT '공정코드',
  `PROCESS_NM` varchar(100) NOT NULL COMMENT '공정명',
  `WORKCENTER_CD` varchar(20) DEFAULT NULL COMMENT '작업장코드',
  `EQUIPMENT_CD` varchar(20) DEFAULT NULL COMMENT '설비코드',
  `SETUP_TIME` decimal(10,2) DEFAULT 0.00 COMMENT '준비시간(분)',
  `RUN_TIME` decimal(10,2) DEFAULT 0.00 COMMENT '가공시간(분)',
  `WAIT_TIME` decimal(10,2) DEFAULT 0.00 COMMENT '대기시간(분)',
  `MOVE_TIME` decimal(10,2) DEFAULT 0.00 COMMENT '이동시간(분)',
  `LABOR_CNT` int(11) DEFAULT 1 COMMENT '작업인원',
  `YIELD_RATE` decimal(5,2) DEFAULT 100.00 COMMENT '수율(%)',
  `PROCESS_DESC` varchar(1000) DEFAULT NULL COMMENT '공정설명',
  `INSPECT_YN` char(1) NOT NULL DEFAULT 'N' COMMENT '검사여부',
  `OUTSOURCE_YN` char(1) NOT NULL DEFAULT 'N' COMMENT '외주여부',
  `USE_YN` char(1) NOT NULL DEFAULT 'Y' COMMENT '사용여부',
  `REG_USER_ID` varchar(50) NOT NULL COMMENT '등록자ID',
  `REG_DTM` datetime NOT NULL DEFAULT current_timestamp() COMMENT '등록일시',
  `UPD_USER_ID` varchar(50) DEFAULT NULL COMMENT '수정자ID',
  `UPD_DTM` datetime DEFAULT NULL ON UPDATE current_timestamp() COMMENT '수정일시',
  PRIMARY KEY (`ROUTING_ID`),
  UNIQUE KEY `UK_MST_ROUTING` (`PLANT_CD`,`ITEM_CD`,`PROCESS_SEQ`),
  KEY `FK_MST_ROUTING_EQP` (`EQUIPMENT_CD`),
  KEY `IDX_MST_ROUTING_01` (`ITEM_CD`,`PROCESS_SEQ`),
  KEY `IDX_MST_ROUTING_02` (`WORKCENTER_CD`),
  CONSTRAINT `FK_MST_ROUTING_EQP` FOREIGN KEY (`EQUIPMENT_CD`) REFERENCES `MST_EQUIPMENT` (`EQUIPMENT_CD`),
  CONSTRAINT `FK_MST_ROUTING_ITEM` FOREIGN KEY (`ITEM_CD`) REFERENCES `MST_ITEM` (`ITEM_CD`),
  CONSTRAINT `FK_MST_ROUTING_PLANT` FOREIGN KEY (`PLANT_CD`) REFERENCES `MST_PLANT` (`PLANT_CD`),
  CONSTRAINT `FK_MST_ROUTING_WC` FOREIGN KEY (`WORKCENTER_CD`) REFERENCES `MST_WORKCENTER` (`WORKCENTER_CD`)
) ENGINE=InnoDB AUTO_INCREMENT=17 DEFAULT CHARSET=utf8mb4 COLLATE=utf8mb4_general_ci COMMENT='공정정보(라우팅)';
/*!40101 SET character_set_client = @saved_cs_client */;

--
-- Dumping data for table `MST_ROUTING`
--

LOCK TABLES `MST_ROUTING` WRITE;
/*!40000 ALTER TABLE `MST_ROUTING` DISABLE KEYS */;
INSERT INTO `MST_ROUTING` VALUES
(1,'P001','SF-FRM-001',1,'PR001','프레스','WC001','EQ001',10.00,5.00,0.00,0.00,1,95.00,NULL,'N','N','Y','SYSTEM','2026-01-22 08:04:48',NULL,NULL),
(2,'P001','SF-FRM-001',2,'PR006','검사','WC006','EQ015',5.00,3.00,0.00,0.00,1,100.00,NULL,'N','N','Y','SYSTEM','2026-01-22 08:04:48',NULL,NULL),
(3,'P001','SF-BKT-001',1,'PR002','CNC가공','WC002','EQ004',15.00,8.00,0.00,0.00,1,98.00,NULL,'N','N','Y','SYSTEM','2026-01-22 08:04:48',NULL,NULL),
(4,'P001','SF-BKT-001',2,'PR006','검사','WC006','EQ015',5.00,3.00,0.00,0.00,1,100.00,NULL,'N','N','Y','SYSTEM','2026-01-22 08:04:48',NULL,NULL),
(5,'P001','SF-SFT-001',1,'PR002','CNC가공','WC002','EQ005',15.00,10.00,0.00,0.00,1,97.00,NULL,'N','N','Y','SYSTEM','2026-01-22 08:04:48',NULL,NULL),
(6,'P001','SF-CVR-001',1,'PR001','프레스','WC001','EQ002',10.00,5.00,0.00,0.00,1,95.00,NULL,'N','N','Y','SYSTEM','2026-01-22 08:04:48',NULL,NULL),
(7,'P001','SF-CVR-001',2,'PR004','도장','WC004','EQ011',5.00,8.00,0.00,0.00,1,92.00,NULL,'N','N','Y','SYSTEM','2026-01-22 08:04:48',NULL,NULL),
(8,'P001','FG-ASM-001',1,'PR005','조립','WC005','EQ013',20.00,15.00,0.00,0.00,1,98.00,NULL,'N','N','Y','SYSTEM','2026-01-22 08:04:48',NULL,NULL),
(9,'P001','FG-ASM-001',2,'PR006','검사','WC006','EQ015',5.00,3.00,0.00,0.00,1,100.00,NULL,'N','N','Y','SYSTEM','2026-01-22 08:04:48',NULL,NULL),
(10,'P002','SF-PCB-001',1,'PR008','SMT','WC008','EQ019',30.00,20.00,0.00,0.00,1,96.00,NULL,'N','N','Y','SYSTEM','2026-01-22 08:04:48',NULL,NULL),
(11,'P002','SF-PCB-001',2,'PR009','DIP','WC009','EQ021',20.00,15.00,0.00,0.00,1,95.00,NULL,'N','N','Y','SYSTEM','2026-01-22 08:04:48',NULL,NULL),
(12,'P002','SF-PCB-002',1,'PR008','SMT','WC008','EQ020',30.00,20.00,0.00,0.00,1,96.00,NULL,'N','N','Y','SYSTEM','2026-01-22 08:04:48',NULL,NULL),
(13,'P002','FG-CTR-001',1,'PR008','SMT','WC008','EQ019',30.00,20.00,0.00,0.00,1,96.00,NULL,'N','N','Y','SYSTEM','2026-01-22 08:04:48',NULL,NULL),
(14,'P002','FG-CTR-001',2,'PR010','검사','WC010','EQ023',5.00,5.00,0.00,0.00,1,100.00,NULL,'N','N','Y','SYSTEM','2026-01-22 08:04:48',NULL,NULL),
(15,'P002','FG-SEN-001',1,'PR008','SMT','WC008','EQ020',30.00,20.00,0.00,0.00,1,96.00,NULL,'N','N','Y','SYSTEM','2026-01-22 08:04:48',NULL,NULL),
(16,'P002','FG-SEN-001',2,'PR010','검사','WC010','EQ024',5.00,5.00,0.00,0.00,1,100.00,NULL,'N','N','Y','SYSTEM','2026-01-22 08:04:48',NULL,NULL);
/*!40000 ALTER TABLE `MST_ROUTING` ENABLE KEYS */;
UNLOCK TABLES;

--
-- Table structure for table `MST_UNIT`
--

DROP TABLE IF EXISTS `MST_UNIT`;
/*!40101 SET @saved_cs_client     = @@character_set_client */;
/*!40101 SET character_set_client = utf8mb4 */;
CREATE TABLE `MST_UNIT` (
  `UNIT_CD` varchar(20) NOT NULL COMMENT '단위코드',
  `UNIT_NM` varchar(50) NOT NULL COMMENT '단위명',
  `UNIT_TYPE` varchar(20) DEFAULT NULL COMMENT '단위유형',
  `USE_YN` char(1) NOT NULL DEFAULT 'Y' COMMENT '사용여부',
  `REG_USER_ID` varchar(50) NOT NULL COMMENT '등록자ID',
  `REG_DTM` datetime NOT NULL DEFAULT current_timestamp() COMMENT '등록일시',
  `UPD_USER_ID` varchar(50) DEFAULT NULL COMMENT '수정자ID',
  `UPD_DTM` datetime DEFAULT NULL ON UPDATE current_timestamp() COMMENT '수정일시',
  PRIMARY KEY (`UNIT_CD`)
) ENGINE=InnoDB DEFAULT CHARSET=utf8mb4 COLLATE=utf8mb4_general_ci COMMENT='단위정보';
/*!40101 SET character_set_client = @saved_cs_client */;

--
-- Dumping data for table `MST_UNIT`
--

LOCK TABLES `MST_UNIT` WRITE;
/*!40000 ALTER TABLE `MST_UNIT` DISABLE KEYS */;
INSERT INTO `MST_UNIT` VALUES
('BOX','Box','수량','Y','SYSTEM','2026-01-22 07:58:56',NULL,NULL),
('CM','cm','길이','Y','SYSTEM','2026-01-22 07:58:56',NULL,NULL),
('EA','개','수량','Y','SYSTEM','2026-01-22 07:58:56',NULL,NULL),
('G','g','중량','Y','SYSTEM','2026-01-22 07:58:56',NULL,NULL),
('KG','Kg','중량','Y','SYSTEM','2026-01-22 07:58:56',NULL,NULL),
('L','L','용량','Y','SYSTEM','2026-01-22 07:58:56',NULL,NULL),
('M','m','길이','Y','SYSTEM','2026-01-22 07:58:56',NULL,NULL),
('ML','mL','용량','Y','SYSTEM','2026-01-22 07:58:56',NULL,NULL),
('MM','mm','길이','Y','SYSTEM','2026-01-22 07:58:56',NULL,NULL),
('PCS','Pcs','수량','Y','SYSTEM','2026-01-22 07:58:56',NULL,NULL),
('ROLL','Roll','수량','Y','SYSTEM','2026-01-22 07:58:56',NULL,NULL),
('SET','Set','수량','Y','SYSTEM','2026-01-22 07:58:56',NULL,NULL),
('SHEET','Sheet','수량','Y','SYSTEM','2026-01-22 07:58:56',NULL,NULL);
/*!40000 ALTER TABLE `MST_UNIT` ENABLE KEYS */;
UNLOCK TABLES;

--
-- Table structure for table `MST_VENDOR`
--

DROP TABLE IF EXISTS `MST_VENDOR`;
/*!40101 SET @saved_cs_client     = @@character_set_client */;
/*!40101 SET character_set_client = utf8mb4 */;
CREATE TABLE `MST_VENDOR` (
  `VENDOR_CD` varchar(50) NOT NULL COMMENT '거래처코드',
  `VENDOR_NM` varchar(200) NOT NULL COMMENT '거래처명',
  `VENDOR_TYPE` varchar(20) NOT NULL COMMENT '거래처유형',
  `BIZ_NO` varchar(20) DEFAULT NULL COMMENT '사업자번호',
  `CEO_NM` varchar(50) DEFAULT NULL COMMENT '대표자명',
  `BIZ_TYPE` varchar(100) DEFAULT NULL COMMENT '업태',
  `BIZ_ITEM` varchar(100) DEFAULT NULL COMMENT '종목',
  `ADDR` varchar(500) DEFAULT NULL COMMENT '주소',
  `TEL_NO` varchar(20) DEFAULT NULL COMMENT '전화번호',
  `FAX_NO` varchar(20) DEFAULT NULL COMMENT '팩스번호',
  `EMAIL` varchar(100) DEFAULT NULL COMMENT '이메일',
  `MANAGER_NM` varchar(50) DEFAULT NULL COMMENT '담당자명',
  `MANAGER_TEL` varchar(20) DEFAULT NULL COMMENT '담당자연락처',
  `PAYMENT_TERMS` varchar(100) DEFAULT NULL COMMENT '결제조건',
  `BANK_NM` varchar(50) DEFAULT NULL COMMENT '은행명',
  `ACCOUNT_NO` varchar(50) DEFAULT NULL COMMENT '계좌번호',
  `ACCOUNT_HOLDER` varchar(50) DEFAULT NULL COMMENT '예금주',
  `USE_YN` char(1) NOT NULL DEFAULT 'Y' COMMENT '사용여부',
  `REG_USER_ID` varchar(50) NOT NULL COMMENT '등록자ID',
  `REG_DTM` datetime NOT NULL DEFAULT current_timestamp() COMMENT '등록일시',
  `UPD_USER_ID` varchar(50) DEFAULT NULL COMMENT '수정자ID',
  `UPD_DTM` datetime DEFAULT NULL ON UPDATE current_timestamp() COMMENT '수정일시',
  PRIMARY KEY (`VENDOR_CD`)
) ENGINE=InnoDB DEFAULT CHARSET=utf8mb4 COLLATE=utf8mb4_general_ci COMMENT='거래처정보';
/*!40101 SET character_set_client = @saved_cs_client */;

--
-- Dumping data for table `MST_VENDOR`
--

LOCK TABLES `MST_VENDOR` WRITE;
/*!40000 ALTER TABLE `MST_VENDOR` DISABLE KEYS */;
INSERT INTO `MST_VENDOR` VALUES
('V001','(주)철강소재','매입처','111-11-11111','강철수','제조업','철강재','경기도 안산시 단원구','031-111-1111',NULL,'steel@vendor.co.kr','김영업','010-1111-0001','월말결제',NULL,NULL,NULL,'Y','SYSTEM','2026-01-22 08:02:52',NULL,NULL),
('V002','(주)알루미늄코리아','매입처','222-22-22222','박알루','제조업','비철금속','경기도 시흥시','031-222-2222',NULL,'alu@vendor.co.kr','이자재','010-2222-0002','월말결제',NULL,NULL,NULL,'Y','SYSTEM','2026-01-22 08:02:52',NULL,NULL),
('V003','한국플라스틱(주)','매입처','333-33-33333','최플라','제조업','플라스틱','경기도 화성시','031-333-3333',NULL,'plastic@vendor.co.kr','박구매','010-3333-0003','익월10일',NULL,NULL,NULL,'Y','SYSTEM','2026-01-22 08:02:52',NULL,NULL),
('V004','(주)전자부품센터','매입처','444-44-44444','정전자','도소매','전자부품','서울시 구로구','02-444-4444',NULL,'elec@vendor.co.kr','최납품','010-4444-0004','선결제',NULL,NULL,NULL,'Y','SYSTEM','2026-01-22 08:02:52',NULL,NULL),
('V005','세계베어링(주)','매입처','555-55-55555','김베어','제조업','베어링','경기도 평택시','031-555-5555',NULL,'bearing@vendor.co.kr','한공급','010-5555-0005','월말결제',NULL,NULL,NULL,'Y','SYSTEM','2026-01-22 08:02:52',NULL,NULL),
('V006','(주)정밀나사','매입처','666-66-66666','이나사','제조업','체결부품','경기도 안성시','031-666-6666',NULL,'screw@vendor.co.kr','강납품','010-6666-0006','익월말',NULL,NULL,NULL,'Y','SYSTEM','2026-01-22 08:02:52',NULL,NULL),
('V007','PCB코리아(주)','매입처','777-77-77777','오피씨','제조업','PCB','경기도 안산시','031-777-7777',NULL,'pcb@vendor.co.kr','서기판','010-7777-0007','월말결제',NULL,NULL,NULL,'Y','SYSTEM','2026-01-22 08:02:52',NULL,NULL),
('V008','(주)반도체유통','매입처','888-88-88888','윤반도','도소매','반도체','서울시 강남구','02-888-8888',NULL,'semi@vendor.co.kr','양칩스','010-8888-0008','선결제',NULL,NULL,NULL,'Y','SYSTEM','2026-01-22 08:02:52',NULL,NULL),
('V009','삼성전자(주)','매출처','999-99-99999','이재용','제조업','전자제품','경기도 수원시','031-999-9999',NULL,'samsung@customer.co.kr','조구매','010-9999-0001','익월말',NULL,NULL,NULL,'Y','SYSTEM','2026-01-22 08:02:52',NULL,NULL),
('V010','LG전자(주)','매출처','101-01-01010','구광모','제조업','전자제품','서울시 영등포구','02-101-0101',NULL,'lg@customer.co.kr','임발주','010-0101-0002','익월말',NULL,NULL,NULL,'Y','SYSTEM','2026-01-22 08:02:52',NULL,NULL),
('V011','현대자동차(주)','매출처','102-02-02020','정의선','제조업','자동차','서울시 서초구','02-102-0202',NULL,'hyundai@customer.co.kr','송주문','010-0202-0003','익월말',NULL,NULL,NULL,'Y','SYSTEM','2026-01-22 08:02:52',NULL,NULL),
('V012','(주)중소기업A','매출처','103-03-03030','김중소','제조업','기계장비','경기도 부천시','032-103-0303',NULL,'smea@customer.co.kr','한발주','010-0303-0004','월말결제',NULL,NULL,NULL,'Y','SYSTEM','2026-01-22 08:02:52',NULL,NULL),
('V013','(주)중소기업B','매출처','104-04-04040','박중소','제조업','전자부품','경기도 광명시','02-104-0404',NULL,'smeb@customer.co.kr','오주문','010-0404-0005','월말결제',NULL,NULL,NULL,'Y','SYSTEM','2026-01-22 08:02:52',NULL,NULL),
('V014','(주)협력업체','매입/매출','105-05-05050','최협력','제조업','부품가공','경기도 수원시','031-105-0505',NULL,'partner@vendor.co.kr','윤협력','010-0505-0006','월말결제',NULL,NULL,NULL,'Y','SYSTEM','2026-01-22 08:02:52',NULL,NULL);
/*!40000 ALTER TABLE `MST_VENDOR` ENABLE KEYS */;
UNLOCK TABLES;

--
-- Table structure for table `MST_WAREHOUSE`
--

DROP TABLE IF EXISTS `MST_WAREHOUSE`;
/*!40101 SET @saved_cs_client     = @@character_set_client */;
/*!40101 SET character_set_client = utf8mb4 */;
CREATE TABLE `MST_WAREHOUSE` (
  `WAREHOUSE_CD` varchar(20) NOT NULL COMMENT '창고코드',
  `PLANT_CD` varchar(20) NOT NULL COMMENT '공장코드',
  `WAREHOUSE_NM` varchar(100) NOT NULL COMMENT '창고명',
  `WAREHOUSE_TYPE` varchar(20) NOT NULL COMMENT '창고유형',
  `LOCATION` varchar(100) DEFAULT NULL COMMENT '위치',
  `CAPACITY` decimal(15,3) DEFAULT NULL COMMENT '수용능력',
  `CAPACITY_UNIT` varchar(20) DEFAULT NULL COMMENT '수용단위',
  `MANAGER_ID` varchar(20) DEFAULT NULL COMMENT '담당자ID',
  `TEL_NO` varchar(20) DEFAULT NULL COMMENT '전화번호',
  `USE_YN` char(1) NOT NULL DEFAULT 'Y' COMMENT '사용여부',
  `REG_USER_ID` varchar(50) NOT NULL COMMENT '등록자ID',
  `REG_DTM` datetime NOT NULL DEFAULT current_timestamp() COMMENT '등록일시',
  `UPD_USER_ID` varchar(50) DEFAULT NULL COMMENT '수정자ID',
  `UPD_DTM` datetime DEFAULT NULL ON UPDATE current_timestamp() COMMENT '수정일시',
  PRIMARY KEY (`WAREHOUSE_CD`),
  KEY `FK_MST_WAREHOUSE_PLANT` (`PLANT_CD`),
  CONSTRAINT `FK_MST_WAREHOUSE_PLANT` FOREIGN KEY (`PLANT_CD`) REFERENCES `MST_PLANT` (`PLANT_CD`)
) ENGINE=InnoDB DEFAULT CHARSET=utf8mb4 COLLATE=utf8mb4_general_ci COMMENT='창고정보';
/*!40101 SET character_set_client = @saved_cs_client */;

--
-- Dumping data for table `MST_WAREHOUSE`
--

LOCK TABLES `MST_WAREHOUSE` WRITE;
/*!40000 ALTER TABLE `MST_WAREHOUSE` DISABLE KEYS */;
INSERT INTO `MST_WAREHOUSE` VALUES
('WH001','P001','원자재창고','원자재창고','E동 1층',10000.000,'M2','W013',NULL,'Y','SYSTEM','2026-01-22 08:06:25',NULL,NULL),
('WH002','P001','부품창고','원자재창고','E동 2층',5000.000,'M2','W013',NULL,'Y','SYSTEM','2026-01-22 08:06:25',NULL,NULL),
('WH003','P001','재공품창고','재공창고','F동 1층',3000.000,'M2','W013',NULL,'Y','SYSTEM','2026-01-22 08:06:25',NULL,NULL),
('WH004','P001','완제품창고','완제품창고','G동 1층',8000.000,'M2','W013',NULL,'Y','SYSTEM','2026-01-22 08:06:25',NULL,NULL),
('WH005','P001','불량품창고','불량품창고','G동 지하',500.000,'M2','W010',NULL,'Y','SYSTEM','2026-01-22 08:06:25',NULL,NULL),
('WH006','P001','반품창고','반품창고','G동 지하',300.000,'M2','W013',NULL,'Y','SYSTEM','2026-01-22 08:06:25',NULL,NULL),
('WH007','P002','원자재창고','원자재창고','C동 1층',5000.000,'M2','W017',NULL,'Y','SYSTEM','2026-01-22 08:06:25',NULL,NULL),
('WH008','P002','완제품창고','완제품창고','D동 1층',4000.000,'M2','W017',NULL,'Y','SYSTEM','2026-01-22 08:06:25',NULL,NULL),
('WH009','P002','불량품창고','불량품창고','D동 지하',200.000,'M2','W020',NULL,'Y','SYSTEM','2026-01-22 08:06:25',NULL,NULL);
/*!40000 ALTER TABLE `MST_WAREHOUSE` ENABLE KEYS */;
UNLOCK TABLES;

--
-- Table structure for table `MST_WORKCENTER`
--

DROP TABLE IF EXISTS `MST_WORKCENTER`;
/*!40101 SET @saved_cs_client     = @@character_set_client */;
/*!40101 SET character_set_client = utf8mb4 */;
CREATE TABLE `MST_WORKCENTER` (
  `WORKCENTER_CD` varchar(20) NOT NULL COMMENT '작업장코드',
  `PLANT_CD` varchar(20) NOT NULL COMMENT '공장코드',
  `WORKCENTER_NM` varchar(100) NOT NULL COMMENT '작업장명',
  `WORKCENTER_TYPE` varchar(20) NOT NULL COMMENT '작업장유형',
  `LOCATION` varchar(100) DEFAULT NULL COMMENT '위치',
  `CAPACITY_QTY` decimal(15,3) DEFAULT NULL COMMENT '생산능력',
  `CAPACITY_UNIT` varchar(20) DEFAULT NULL COMMENT '능력단위',
  `WORKER_CNT` int(11) DEFAULT NULL COMMENT '작업인원',
  `MANAGER_ID` varchar(20) DEFAULT NULL COMMENT '담당자ID',
  `USE_YN` char(1) NOT NULL DEFAULT 'Y' COMMENT '사용여부',
  `REG_USER_ID` varchar(50) NOT NULL COMMENT '등록자ID',
  `REG_DTM` datetime NOT NULL DEFAULT current_timestamp() COMMENT '등록일시',
  `UPD_USER_ID` varchar(50) DEFAULT NULL COMMENT '수정자ID',
  `UPD_DTM` datetime DEFAULT NULL ON UPDATE current_timestamp() COMMENT '수정일시',
  PRIMARY KEY (`WORKCENTER_CD`),
  KEY `FK_MST_WORKCENTER_PLANT` (`PLANT_CD`),
  CONSTRAINT `FK_MST_WORKCENTER_PLANT` FOREIGN KEY (`PLANT_CD`) REFERENCES `MST_PLANT` (`PLANT_CD`)
) ENGINE=InnoDB DEFAULT CHARSET=utf8mb4 COLLATE=utf8mb4_general_ci COMMENT='작업장정보';
/*!40101 SET character_set_client = @saved_cs_client */;

--
-- Dumping data for table `MST_WORKCENTER`
--

LOCK TABLES `MST_WORKCENTER` WRITE;
/*!40000 ALTER TABLE `MST_WORKCENTER` DISABLE KEYS */;
INSERT INTO `MST_WORKCENTER` VALUES
('WC001','P001','프레스작업장','가공','A동 1층',1000.000,'EA/일',NULL,'W001','Y','SYSTEM','2026-01-22 08:00:50',NULL,NULL),
('WC002','P001','CNC가공작업장','가공','A동 2층',500.000,'EA/일',NULL,'W001','Y','SYSTEM','2026-01-22 08:00:50',NULL,NULL),
('WC003','P001','용접작업장','가공','B동 1층',300.000,'EA/일',NULL,'W006','Y','SYSTEM','2026-01-22 08:00:50',NULL,NULL),
('WC004','P001','도장작업장','후처리','B동 2층',400.000,'EA/일',NULL,'W006','Y','SYSTEM','2026-01-22 08:00:50',NULL,NULL),
('WC005','P001','조립작업장','조립','C동 1층',200.000,'SET/일',NULL,'W006','Y','SYSTEM','2026-01-22 08:00:50',NULL,NULL),
('WC006','P001','검사작업장','검사','C동 2층',500.000,'EA/일',NULL,'W010','Y','SYSTEM','2026-01-22 08:00:50',NULL,NULL),
('WC007','P001','포장작업장','포장','D동 1층',300.000,'BOX/일',NULL,'W006','Y','SYSTEM','2026-01-22 08:00:50',NULL,NULL),
('WC008','P002','SMT작업장','실장','A동 1층',2000.000,'EA/일',NULL,'W017','Y','SYSTEM','2026-01-22 08:00:50',NULL,NULL),
('WC009','P002','DIP작업장','실장','A동 2층',1500.000,'EA/일',NULL,'W017','Y','SYSTEM','2026-01-22 08:00:50',NULL,NULL),
('WC010','P002','검사작업장','검사','B동 1층',1000.000,'EA/일',NULL,'W020','Y','SYSTEM','2026-01-22 08:00:50',NULL,NULL);
/*!40000 ALTER TABLE `MST_WORKCENTER` ENABLE KEYS */;
UNLOCK TABLES;

--
-- Table structure for table `MST_WORKER`
--

DROP TABLE IF EXISTS `MST_WORKER`;
/*!40101 SET @saved_cs_client     = @@character_set_client */;
/*!40101 SET character_set_client = utf8mb4 */;
CREATE TABLE `MST_WORKER` (
  `WORKER_ID` varchar(20) NOT NULL COMMENT '작업자ID',
  `PLANT_CD` varchar(20) NOT NULL COMMENT '공장코드',
  `DEPT_CD` varchar(20) DEFAULT NULL COMMENT '부서코드',
  `WORKER_NM` varchar(50) NOT NULL COMMENT '작업자명',
  `WORKER_TYPE` varchar(20) NOT NULL DEFAULT '정규직' COMMENT '작업자유형',
  `POSITION` varchar(50) DEFAULT NULL COMMENT '직위',
  `HIRE_DT` date DEFAULT NULL COMMENT '입사일',
  `RESIGN_DT` date DEFAULT NULL COMMENT '퇴사일',
  `MOBILE_NO` varchar(20) DEFAULT NULL COMMENT '휴대폰번호',
  `EMAIL` varchar(100) DEFAULT NULL COMMENT '이메일',
  `SKILL_LEVEL` varchar(20) DEFAULT '중급' COMMENT '숙련도',
  `CERT_INFO` varchar(500) DEFAULT NULL COMMENT '자격증정보',
  `USE_YN` char(1) NOT NULL DEFAULT 'Y' COMMENT '사용여부',
  `REG_USER_ID` varchar(50) NOT NULL COMMENT '등록자ID',
  `REG_DTM` datetime NOT NULL DEFAULT current_timestamp() COMMENT '등록일시',
  `UPD_USER_ID` varchar(50) DEFAULT NULL COMMENT '수정자ID',
  `UPD_DTM` datetime DEFAULT NULL ON UPDATE current_timestamp() COMMENT '수정일시',
  PRIMARY KEY (`WORKER_ID`),
  KEY `FK_MST_WORKER_DEPT` (`DEPT_CD`),
  KEY `IDX_MST_WORKER_01` (`PLANT_CD`,`DEPT_CD`),
  CONSTRAINT `FK_MST_WORKER_DEPT` FOREIGN KEY (`DEPT_CD`) REFERENCES `MST_DEPT` (`DEPT_CD`),
  CONSTRAINT `FK_MST_WORKER_PLANT` FOREIGN KEY (`PLANT_CD`) REFERENCES `MST_PLANT` (`PLANT_CD`)
) ENGINE=InnoDB DEFAULT CHARSET=utf8mb4 COLLATE=utf8mb4_general_ci COMMENT='작업자정보';
/*!40101 SET character_set_client = @saved_cs_client */;

--
-- Dumping data for table `MST_WORKER`
--

LOCK TABLES `MST_WORKER` WRITE;
/*!40000 ALTER TABLE `MST_WORKER` DISABLE KEYS */;
INSERT INTO `MST_WORKER` VALUES
('W001','P001','D002','김생산','정규직','팀장','2015-03-01',NULL,'010-1111-1001','kim.prod@smartmfg.co.kr','전문가',NULL,'Y','SYSTEM','2026-01-22 08:00:50',NULL,NULL),
('W002','P001','D002','이작업','정규직','반장','2017-05-15',NULL,'010-1111-1002','lee.work@smartmfg.co.kr','고급',NULL,'Y','SYSTEM','2026-01-22 08:00:50',NULL,NULL),
('W003','P001','D002','박기술','정규직','사원','2019-07-01',NULL,'010-1111-1003','park.tech@smartmfg.co.kr','중급',NULL,'Y','SYSTEM','2026-01-22 08:00:50',NULL,NULL),
('W004','P001','D002','최운전','정규직','사원','2020-03-01',NULL,'010-1111-1004','choi.oper@smartmfg.co.kr','중급',NULL,'Y','SYSTEM','2026-01-22 08:00:50',NULL,NULL),
('W005','P001','D002','정가공','정규직','사원','2021-01-15',NULL,'010-1111-1005','jung.mach@smartmfg.co.kr','초급',NULL,'Y','SYSTEM','2026-01-22 08:00:50',NULL,NULL),
('W006','P001','D003','한제조','정규직','팀장','2016-02-01',NULL,'010-1111-1006','han.mfg@smartmfg.co.kr','전문가',NULL,'Y','SYSTEM','2026-01-22 08:00:50',NULL,NULL),
('W007','P001','D003','오조립','정규직','반장','2018-04-01',NULL,'010-1111-1007','oh.assy@smartmfg.co.kr','고급',NULL,'Y','SYSTEM','2026-01-22 08:00:50',NULL,NULL),
('W008','P001','D003','서포장','정규직','사원','2020-06-01',NULL,'010-1111-1008','seo.pack@smartmfg.co.kr','중급',NULL,'Y','SYSTEM','2026-01-22 08:00:50',NULL,NULL),
('W009','P001','D003','윤검수','계약직','사원','2022-01-01',NULL,'010-1111-1009','yoon.insp@smartmfg.co.kr','초급',NULL,'Y','SYSTEM','2026-01-22 08:00:50',NULL,NULL),
('W010','P001','D005','강품질','정규직','팀장','2014-09-01',NULL,'010-1111-1010','kang.qa@smartmfg.co.kr','전문가',NULL,'Y','SYSTEM','2026-01-22 08:00:50',NULL,NULL),
('W011','P001','D005','조검사','정규직','사원','2019-03-01',NULL,'010-1111-1011','jo.qc@smartmfg.co.kr','고급',NULL,'Y','SYSTEM','2026-01-22 08:00:50',NULL,NULL),
('W012','P001','D005','임측정','정규직','사원','2021-05-01',NULL,'010-1111-1012','lim.meas@smartmfg.co.kr','중급',NULL,'Y','SYSTEM','2026-01-22 08:00:50',NULL,NULL),
('W013','P001','D008','송자재','정규직','팀장','2016-08-01',NULL,'010-1111-1013','song.mat@smartmfg.co.kr','고급',NULL,'Y','SYSTEM','2026-01-22 08:00:50',NULL,NULL),
('W014','P001','D008','양입출','정규직','사원','2020-02-01',NULL,'010-1111-1014','yang.io@smartmfg.co.kr','중급',NULL,'Y','SYSTEM','2026-01-22 08:00:50',NULL,NULL),
('W015','P001','D010','권설비','정규직','팀장','2015-11-01',NULL,'010-1111-1015','kwon.eqp@smartmfg.co.kr','전문가',NULL,'Y','SYSTEM','2026-01-22 08:00:50',NULL,NULL),
('W016','P001','D010','황정비','정규직','사원','2018-07-01',NULL,'010-1111-1016','hwang.maint@smartmfg.co.kr','고급',NULL,'Y','SYSTEM','2026-01-22 08:00:50',NULL,NULL),
('W017','P002','D012','안생산','정규직','팀장','2017-04-01',NULL,'010-2222-1001','ahn.prod@smartmfg.co.kr','전문가',NULL,'Y','SYSTEM','2026-01-22 08:00:50',NULL,NULL),
('W018','P002','D012','배작업','정규직','반장','2019-08-01',NULL,'010-2222-1002','bae.work@smartmfg.co.kr','고급',NULL,'Y','SYSTEM','2026-01-22 08:00:50',NULL,NULL),
('W019','P002','D012','유가공','정규직','사원','2021-03-01',NULL,'010-2222-1003','yoo.mach@smartmfg.co.kr','중급',NULL,'Y','SYSTEM','2026-01-22 08:00:50',NULL,NULL),
('W020','P002','D013','나품질','정규직','팀장','2018-01-01',NULL,'010-2222-1004','na.qa@smartmfg.co.kr','전문가',NULL,'Y','SYSTEM','2026-01-22 08:00:50',NULL,NULL);
/*!40000 ALTER TABLE `MST_WORKER` ENABLE KEYS */;
UNLOCK TABLES;

--
-- Table structure for table `PLN_PROD_PLAN`
--

DROP TABLE IF EXISTS `PLN_PROD_PLAN`;
/*!40101 SET @saved_cs_client     = @@character_set_client */;
/*!40101 SET character_set_client = utf8mb4 */;
CREATE TABLE `PLN_PROD_PLAN` (
  `PLAN_ID` bigint(20) NOT NULL AUTO_INCREMENT COMMENT '계획ID',
  `PLANT_CD` varchar(20) NOT NULL COMMENT '공장코드',
  `PLAN_NO` varchar(30) NOT NULL COMMENT '계획번호',
  `PLAN_DT` date NOT NULL COMMENT '계획일자',
  `PLAN_TYPE` varchar(20) NOT NULL COMMENT '계획유형',
  `ITEM_CD` varchar(50) NOT NULL COMMENT '품목코드',
  `PLAN_QTY` decimal(15,3) NOT NULL COMMENT '계획수량',
  `PLAN_START_DT` date NOT NULL COMMENT '계획시작일',
  `PLAN_END_DT` date NOT NULL COMMENT '계획종료일',
  `PRIORITY` int(11) DEFAULT 5 COMMENT '우선순위',
  `ORDER_NO` varchar(50) DEFAULT NULL COMMENT '수주번호',
  `CUSTOMER_CD` varchar(50) DEFAULT NULL COMMENT '고객코드',
  `CUSTOMER_NM` varchar(100) DEFAULT NULL COMMENT '고객명',
  `DELIVERY_DT` date DEFAULT NULL COMMENT '납기일',
  `PLAN_STATUS` varchar(20) NOT NULL DEFAULT '계획' COMMENT '계획상태',
  `RESULT_QTY` decimal(15,3) DEFAULT 0.000 COMMENT '실적수량',
  `PLAN_RMK` varchar(500) DEFAULT NULL COMMENT '비고',
  `APPROVE_USER_ID` varchar(50) DEFAULT NULL COMMENT '승인자ID',
  `APPROVE_DTM` datetime DEFAULT NULL COMMENT '승인일시',
  `REG_USER_ID` varchar(50) NOT NULL COMMENT '등록자ID',
  `REG_DTM` datetime NOT NULL DEFAULT current_timestamp() COMMENT '등록일시',
  `UPD_USER_ID` varchar(50) DEFAULT NULL COMMENT '수정자ID',
  `UPD_DTM` datetime DEFAULT NULL ON UPDATE current_timestamp() COMMENT '수정일시',
  PRIMARY KEY (`PLAN_ID`),
  UNIQUE KEY `UK_PLN_PROD_PLAN` (`PLAN_NO`),
  KEY `IDX_PLN_PROD_PLAN_01` (`PLANT_CD`,`PLAN_DT`),
  KEY `IDX_PLN_PROD_PLAN_02` (`ITEM_CD`),
  KEY `IDX_PLN_PROD_PLAN_03` (`PLAN_STATUS`),
  CONSTRAINT `FK_PLN_PROD_PLAN_ITEM` FOREIGN KEY (`ITEM_CD`) REFERENCES `MST_ITEM` (`ITEM_CD`),
  CONSTRAINT `FK_PLN_PROD_PLAN_PLANT` FOREIGN KEY (`PLANT_CD`) REFERENCES `MST_PLANT` (`PLANT_CD`)
) ENGINE=InnoDB AUTO_INCREMENT=20 DEFAULT CHARSET=utf8mb4 COLLATE=utf8mb4_general_ci COMMENT='생산계획';
/*!40101 SET character_set_client = @saved_cs_client */;

--
-- Dumping data for table `PLN_PROD_PLAN`
--

LOCK TABLES `PLN_PROD_PLAN` WRITE;
/*!40000 ALTER TABLE `PLN_PROD_PLAN` DISABLE KEYS */;
INSERT INTO `PLN_PROD_PLAN` VALUES
(10,'P001','PP202501010001','2025-01-01','월간계획','FG-ASM-001',500.000,'2025-01-06','2025-01-31',1,'SO-2025-001','V009','삼성전자(주)','2025-02-05','진행',320.000,NULL,NULL,NULL,'SYSTEM','2026-01-22 08:05:04',NULL,NULL),
(11,'P001','PP202501010002','2025-01-01','월간계획','FG-ASM-002',300.000,'2025-01-06','2025-01-31',2,'SO-2025-002','V010','LG전자(주)','2025-02-10','진행',180.000,NULL,NULL,NULL,'SYSTEM','2026-01-22 08:05:04',NULL,NULL),
(12,'P001','PP202501010003','2025-01-01','월간계획','FG-ASM-003',150.000,'2025-01-13','2025-01-31',3,'SO-2025-003','V011','현대자동차(주)','2025-02-15','계획',50.000,NULL,NULL,NULL,'SYSTEM','2026-01-22 08:05:04',NULL,NULL),
(13,'P002','PP202501010004','2025-01-01','월간계획','FG-CTR-001',1000.000,'2025-01-06','2025-01-31',1,'SO-2025-006','V009','삼성전자(주)','2025-02-05','진행',650.000,NULL,NULL,NULL,'SYSTEM','2026-01-22 08:05:04',NULL,NULL),
(14,'P002','PP202501010005','2025-01-01','월간계획','FG-SEN-001',1500.000,'2025-01-06','2025-01-31',1,'SO-2025-008','V011','현대자동차(주)','2025-02-03','진행',980.000,NULL,NULL,NULL,'SYSTEM','2026-01-22 08:05:04',NULL,NULL);
/*!40000 ALTER TABLE `PLN_PROD_PLAN` ENABLE KEYS */;
UNLOCK TABLES;

--
-- Table structure for table `PLN_WORK_ORDER`
--

DROP TABLE IF EXISTS `PLN_WORK_ORDER`;
/*!40101 SET @saved_cs_client     = @@character_set_client */;
/*!40101 SET character_set_client = utf8mb4 */;
CREATE TABLE `PLN_WORK_ORDER` (
  `WO_ID` bigint(20) NOT NULL AUTO_INCREMENT COMMENT '작업지시ID',
  `PLANT_CD` varchar(20) NOT NULL COMMENT '공장코드',
  `WO_NO` varchar(30) NOT NULL COMMENT '작업지시번호',
  `PLAN_ID` bigint(20) DEFAULT NULL COMMENT '계획ID',
  `WO_DT` date NOT NULL COMMENT '작업지시일',
  `ITEM_CD` varchar(50) NOT NULL COMMENT '품목코드',
  `WO_QTY` decimal(15,3) NOT NULL COMMENT '지시수량',
  `WORKCENTER_CD` varchar(20) DEFAULT NULL COMMENT '작업장코드',
  `EQUIPMENT_CD` varchar(20) DEFAULT NULL COMMENT '설비코드',
  `WORKER_ID` varchar(20) DEFAULT NULL COMMENT '작업자ID',
  `PLAN_START_DTM` datetime NOT NULL COMMENT '계획시작일시',
  `PLAN_END_DTM` datetime NOT NULL COMMENT '계획종료일시',
  `ACTUAL_START_DTM` datetime DEFAULT NULL COMMENT '실제시작일시',
  `ACTUAL_END_DTM` datetime DEFAULT NULL COMMENT '실제종료일시',
  `GOOD_QTY` decimal(15,3) DEFAULT 0.000 COMMENT '양품수량',
  `DEFECT_QTY` decimal(15,3) DEFAULT 0.000 COMMENT '불량수량',
  `WO_STATUS` varchar(20) NOT NULL DEFAULT '대기' COMMENT '작업상태',
  `PRIORITY` int(11) DEFAULT 5 COMMENT '우선순위',
  `LOT_NO` varchar(50) DEFAULT NULL COMMENT 'LOT번호',
  `PARENT_WO_ID` bigint(20) DEFAULT NULL COMMENT '상위작업지시ID',
  `ORDER_NO` varchar(50) DEFAULT NULL COMMENT '수주번호',
  `DELIVERY_DT` date DEFAULT NULL COMMENT '납기일',
  `WO_RMK` varchar(500) DEFAULT NULL COMMENT '비고',
  `REG_USER_ID` varchar(50) NOT NULL COMMENT '등록자ID',
  `REG_DTM` datetime NOT NULL DEFAULT current_timestamp() COMMENT '등록일시',
  `UPD_USER_ID` varchar(50) DEFAULT NULL COMMENT '수정자ID',
  `UPD_DTM` datetime DEFAULT NULL ON UPDATE current_timestamp() COMMENT '수정일시',
  PRIMARY KEY (`WO_ID`),
  UNIQUE KEY `UK_PLN_WORK_ORDER` (`WO_NO`),
  KEY `FK_PLN_WO_EQP` (`EQUIPMENT_CD`),
  KEY `FK_PLN_WO_WORKER` (`WORKER_ID`),
  KEY `IDX_PLN_WORK_ORDER_01` (`PLANT_CD`,`WO_DT`,`WO_STATUS`),
  KEY `IDX_PLN_WORK_ORDER_02` (`ITEM_CD`),
  KEY `IDX_PLN_WORK_ORDER_03` (`LOT_NO`),
  KEY `IDX_PLN_WORK_ORDER_04` (`WORKCENTER_CD`),
  KEY `IDX_PLN_WORK_ORDER_05` (`PLAN_ID`),
  CONSTRAINT `FK_PLN_WO_EQP` FOREIGN KEY (`EQUIPMENT_CD`) REFERENCES `MST_EQUIPMENT` (`EQUIPMENT_CD`),
  CONSTRAINT `FK_PLN_WO_ITEM` FOREIGN KEY (`ITEM_CD`) REFERENCES `MST_ITEM` (`ITEM_CD`),
  CONSTRAINT `FK_PLN_WO_PLAN` FOREIGN KEY (`PLAN_ID`) REFERENCES `PLN_PROD_PLAN` (`PLAN_ID`),
  CONSTRAINT `FK_PLN_WO_PLANT` FOREIGN KEY (`PLANT_CD`) REFERENCES `MST_PLANT` (`PLANT_CD`),
  CONSTRAINT `FK_PLN_WO_WC` FOREIGN KEY (`WORKCENTER_CD`) REFERENCES `MST_WORKCENTER` (`WORKCENTER_CD`),
  CONSTRAINT `FK_PLN_WO_WORKER` FOREIGN KEY (`WORKER_ID`) REFERENCES `MST_WORKER` (`WORKER_ID`)
) ENGINE=InnoDB AUTO_INCREMENT=15 DEFAULT CHARSET=utf8mb4 COLLATE=utf8mb4_general_ci COMMENT='작업지시';
/*!40101 SET character_set_client = @saved_cs_client */;

--
-- Dumping data for table `PLN_WORK_ORDER`
--

LOCK TABLES `PLN_WORK_ORDER` WRITE;
/*!40000 ALTER TABLE `PLN_WORK_ORDER` DISABLE KEYS */;
INSERT INTO `PLN_WORK_ORDER` VALUES
(8,'P001','WO202501010001',10,'2025-01-06','FG-ASM-001',100.000,'WC005','EQ013','W006','2025-01-06 08:00:00','2025-01-06 18:00:00',NULL,NULL,95.000,5.000,'진행',1,'FG-ASM-001-20250106-001',NULL,'SO-2025-001','2025-02-05',NULL,'SYSTEM','2026-01-22 08:05:23',NULL,NULL),
(9,'P001','WO202501010002',10,'2025-01-06','FG-ASM-001',100.000,'WC005','EQ013','W007','2025-01-07 08:00:00','2025-01-07 18:00:00',NULL,NULL,98.000,2.000,'진행',1,'FG-ASM-001-20250107-001',NULL,'SO-2025-001','2025-02-05',NULL,'SYSTEM','2026-01-22 08:05:23',NULL,NULL),
(10,'P001','WO202501010003',10,'2025-01-06','FG-ASM-001',100.000,'WC005','EQ014','W006','2025-01-08 08:00:00','2025-01-08 18:00:00',NULL,NULL,95.000,5.000,'진행',1,'FG-ASM-001-20250108-001',NULL,'SO-2025-001','2025-02-05',NULL,'SYSTEM','2026-01-22 08:05:23',NULL,NULL),
(11,'P001','WO202501010004',11,'2025-01-06','FG-ASM-002',80.000,'WC005','EQ013','W007','2025-01-09 08:00:00','2025-01-09 18:00:00',NULL,NULL,76.000,4.000,'진행',2,'FG-ASM-002-20250109-001',NULL,'SO-2025-002','2025-02-10',NULL,'SYSTEM','2026-01-22 08:05:23',NULL,NULL),
(12,'P002','WO202501010005',13,'2025-01-06','FG-CTR-001',150.000,'WC008','EQ019','W017','2025-01-06 08:00:00','2025-01-06 20:00:00',NULL,NULL,143.000,7.000,'진행',1,'FG-CTR-001-20250106-001',NULL,'SO-2025-006','2025-02-05',NULL,'SYSTEM','2026-01-22 08:05:23',NULL,NULL),
(13,'P002','WO202501010006',13,'2025-01-06','FG-CTR-001',150.000,'WC008','EQ020','W018','2025-01-07 08:00:00','2025-01-07 20:00:00',NULL,NULL,148.000,2.000,'진행',1,'FG-CTR-001-20250107-001',NULL,'SO-2025-006','2025-02-05',NULL,'SYSTEM','2026-01-22 08:05:23',NULL,NULL),
(14,'P002','WO202501010007',14,'2025-01-06','FG-SEN-001',200.000,'WC008','EQ019','W017','2025-01-06 08:00:00','2025-01-06 20:00:00',NULL,NULL,195.000,5.000,'진행',1,'FG-SEN-001-20250106-001',NULL,'SO-2025-008','2025-02-03',NULL,'SYSTEM','2026-01-22 08:05:23',NULL,NULL);
/*!40000 ALTER TABLE `PLN_WORK_ORDER` ENABLE KEYS */;
UNLOCK TABLES;

--
-- Table structure for table `PLN_WO_MATERIAL`
--

DROP TABLE IF EXISTS `PLN_WO_MATERIAL`;
/*!40101 SET @saved_cs_client     = @@character_set_client */;
/*!40101 SET character_set_client = utf8mb4 */;
CREATE TABLE `PLN_WO_MATERIAL` (
  `WO_MTL_ID` bigint(20) NOT NULL AUTO_INCREMENT COMMENT '자재ID',
  `WO_ID` bigint(20) NOT NULL COMMENT '작업지시ID',
  `ITEM_CD` varchar(50) NOT NULL COMMENT '품목코드',
  `PLAN_QTY` decimal(15,5) NOT NULL COMMENT '계획수량',
  `ISSUE_QTY` decimal(15,5) DEFAULT 0.00000 COMMENT '출고수량',
  `RETURN_QTY` decimal(15,5) DEFAULT 0.00000 COMMENT '반납수량',
  `LOSS_RATE` decimal(5,2) DEFAULT 0.00 COMMENT '손실율(%)',
  `WAREHOUSE_CD` varchar(20) DEFAULT NULL COMMENT '창고코드',
  `LOT_NO` varchar(50) DEFAULT NULL COMMENT 'LOT번호',
  `MTL_RMK` varchar(500) DEFAULT NULL COMMENT '비고',
  `REG_USER_ID` varchar(50) NOT NULL COMMENT '등록자ID',
  `REG_DTM` datetime NOT NULL DEFAULT current_timestamp() COMMENT '등록일시',
  `UPD_USER_ID` varchar(50) DEFAULT NULL COMMENT '수정자ID',
  `UPD_DTM` datetime DEFAULT NULL ON UPDATE current_timestamp() COMMENT '수정일시',
  PRIMARY KEY (`WO_MTL_ID`),
  KEY `FK_PLN_WO_MTL_WO` (`WO_ID`),
  KEY `FK_PLN_WO_MTL_ITEM` (`ITEM_CD`),
  CONSTRAINT `FK_PLN_WO_MTL_ITEM` FOREIGN KEY (`ITEM_CD`) REFERENCES `MST_ITEM` (`ITEM_CD`),
  CONSTRAINT `FK_PLN_WO_MTL_WO` FOREIGN KEY (`WO_ID`) REFERENCES `PLN_WORK_ORDER` (`WO_ID`)
) ENGINE=InnoDB DEFAULT CHARSET=utf8mb4 COLLATE=utf8mb4_general_ci COMMENT='작업지시자재';
/*!40101 SET character_set_client = @saved_cs_client */;

--
-- Dumping data for table `PLN_WO_MATERIAL`
--

LOCK TABLES `PLN_WO_MATERIAL` WRITE;
/*!40000 ALTER TABLE `PLN_WO_MATERIAL` DISABLE KEYS */;
/*!40000 ALTER TABLE `PLN_WO_MATERIAL` ENABLE KEYS */;
UNLOCK TABLES;

--
-- Table structure for table `PRD_DEFECT_HIS`
--

DROP TABLE IF EXISTS `PRD_DEFECT_HIS`;
/*!40101 SET @saved_cs_client     = @@character_set_client */;
/*!40101 SET character_set_client = utf8mb4 */;
CREATE TABLE `PRD_DEFECT_HIS` (
  `DEFECT_ID` bigint(20) NOT NULL AUTO_INCREMENT COMMENT '불량ID',
  `PLANT_CD` varchar(20) NOT NULL COMMENT '공장코드',
  `RESULT_ID` bigint(20) NOT NULL COMMENT '작업실적ID',
  `PROC_RESULT_ID` bigint(20) DEFAULT NULL COMMENT '공정실적ID',
  `DEFECT_DT` date NOT NULL COMMENT '불량발생일',
  `DEFECT_TYPE` varchar(20) NOT NULL COMMENT '불량유형',
  `DEFECT_CD` varchar(20) NOT NULL COMMENT '불량코드',
  `DEFECT_NM` varchar(100) DEFAULT NULL COMMENT '불량명',
  `DEFECT_QTY` decimal(15,3) NOT NULL COMMENT '불량수량',
  `DEFECT_CAUSE` varchar(500) DEFAULT NULL COMMENT '불량원인',
  `DEFECT_ACTION` varchar(500) DEFAULT NULL COMMENT '조치내용',
  `DISPOSITION` varchar(20) DEFAULT NULL COMMENT '처리방법',
  `DISPOSITION_QTY` decimal(15,3) DEFAULT NULL COMMENT '처리수량',
  `DISPOSITION_DT` date DEFAULT NULL COMMENT '처리일자',
  `ITEM_CD` varchar(50) NOT NULL COMMENT '품목코드',
  `LOT_NO` varchar(50) DEFAULT NULL COMMENT 'LOT번호',
  `WORKER_ID` varchar(20) DEFAULT NULL COMMENT '작업자ID',
  `EQUIPMENT_CD` varchar(20) DEFAULT NULL COMMENT '설비코드',
  `PROCESS_CD` varchar(20) DEFAULT NULL COMMENT '공정코드',
  `DEFECT_RMK` varchar(500) DEFAULT NULL COMMENT '비고',
  `REG_USER_ID` varchar(50) NOT NULL COMMENT '등록자ID',
  `REG_DTM` datetime NOT NULL DEFAULT current_timestamp() COMMENT '등록일시',
  `UPD_USER_ID` varchar(50) DEFAULT NULL COMMENT '수정자ID',
  `UPD_DTM` datetime DEFAULT NULL ON UPDATE current_timestamp() COMMENT '수정일시',
  PRIMARY KEY (`DEFECT_ID`),
  KEY `FK_PRD_DEFECT_PROC` (`PROC_RESULT_ID`),
  KEY `IDX_PRD_DEFECT_HIS_01` (`RESULT_ID`),
  KEY `IDX_PRD_DEFECT_HIS_02` (`PLANT_CD`,`DEFECT_DT`),
  KEY `IDX_PRD_DEFECT_HIS_03` (`DEFECT_CD`),
  KEY `IDX_PRD_DEFECT_HIS_04` (`ITEM_CD`,`LOT_NO`),
  CONSTRAINT `FK_PRD_DEFECT_ITEM` FOREIGN KEY (`ITEM_CD`) REFERENCES `MST_ITEM` (`ITEM_CD`),
  CONSTRAINT `FK_PRD_DEFECT_PLANT` FOREIGN KEY (`PLANT_CD`) REFERENCES `MST_PLANT` (`PLANT_CD`),
  CONSTRAINT `FK_PRD_DEFECT_PROC` FOREIGN KEY (`PROC_RESULT_ID`) REFERENCES `PRD_PROCESS_RESULT` (`PROC_RESULT_ID`),
  CONSTRAINT `FK_PRD_DEFECT_RESULT` FOREIGN KEY (`RESULT_ID`) REFERENCES `PRD_WORK_RESULT` (`RESULT_ID`)
) ENGINE=InnoDB DEFAULT CHARSET=utf8mb4 COLLATE=utf8mb4_general_ci COMMENT='생산불량이력';
/*!40101 SET character_set_client = @saved_cs_client */;

--
-- Dumping data for table `PRD_DEFECT_HIS`
--

LOCK TABLES `PRD_DEFECT_HIS` WRITE;
/*!40000 ALTER TABLE `PRD_DEFECT_HIS` DISABLE KEYS */;
/*!40000 ALTER TABLE `PRD_DEFECT_HIS` ENABLE KEYS */;
UNLOCK TABLES;

--
-- Table structure for table `PRD_MATERIAL_ISSUE`
--

DROP TABLE IF EXISTS `PRD_MATERIAL_ISSUE`;
/*!40101 SET @saved_cs_client     = @@character_set_client */;
/*!40101 SET character_set_client = utf8mb4 */;
CREATE TABLE `PRD_MATERIAL_ISSUE` (
  `ISSUE_ID` bigint(20) NOT NULL AUTO_INCREMENT COMMENT '투입ID',
  `PLANT_CD` varchar(20) NOT NULL COMMENT '공장코드',
  `RESULT_ID` bigint(20) NOT NULL COMMENT '작업실적ID',
  `WO_ID` bigint(20) NOT NULL COMMENT '작업지시ID',
  `ISSUE_DT` date NOT NULL COMMENT '투입일자',
  `ITEM_CD` varchar(50) NOT NULL COMMENT '품목코드',
  `LOT_NO` varchar(50) DEFAULT NULL COMMENT 'LOT번호',
  `ISSUE_QTY` decimal(15,5) NOT NULL COMMENT '투입수량',
  `UNIT` varchar(20) NOT NULL COMMENT '단위',
  `WAREHOUSE_CD` varchar(20) DEFAULT NULL COMMENT '창고코드',
  `LOCATION_CD` varchar(50) DEFAULT NULL COMMENT '로케이션',
  `ISSUE_TYPE` varchar(20) NOT NULL DEFAULT '정규투입' COMMENT '투입유형',
  `ISSUE_RMK` varchar(500) DEFAULT NULL COMMENT '비고',
  `REG_USER_ID` varchar(50) NOT NULL COMMENT '등록자ID',
  `REG_DTM` datetime NOT NULL DEFAULT current_timestamp() COMMENT '등록일시',
  `UPD_USER_ID` varchar(50) DEFAULT NULL COMMENT '수정자ID',
  `UPD_DTM` datetime DEFAULT NULL ON UPDATE current_timestamp() COMMENT '수정일시',
  PRIMARY KEY (`ISSUE_ID`),
  KEY `FK_PRD_ISSUE_PLANT` (`PLANT_CD`),
  KEY `IDX_PRD_MTL_ISSUE_01` (`RESULT_ID`),
  KEY `IDX_PRD_MTL_ISSUE_02` (`WO_ID`),
  KEY `IDX_PRD_MTL_ISSUE_03` (`ITEM_CD`,`LOT_NO`),
  CONSTRAINT `FK_PRD_ISSUE_ITEM` FOREIGN KEY (`ITEM_CD`) REFERENCES `MST_ITEM` (`ITEM_CD`),
  CONSTRAINT `FK_PRD_ISSUE_PLANT` FOREIGN KEY (`PLANT_CD`) REFERENCES `MST_PLANT` (`PLANT_CD`),
  CONSTRAINT `FK_PRD_ISSUE_RESULT` FOREIGN KEY (`RESULT_ID`) REFERENCES `PRD_WORK_RESULT` (`RESULT_ID`),
  CONSTRAINT `FK_PRD_ISSUE_WO` FOREIGN KEY (`WO_ID`) REFERENCES `PLN_WORK_ORDER` (`WO_ID`)
) ENGINE=InnoDB DEFAULT CHARSET=utf8mb4 COLLATE=utf8mb4_general_ci COMMENT='자재투입이력';
/*!40101 SET character_set_client = @saved_cs_client */;

--
-- Dumping data for table `PRD_MATERIAL_ISSUE`
--

LOCK TABLES `PRD_MATERIAL_ISSUE` WRITE;
/*!40000 ALTER TABLE `PRD_MATERIAL_ISSUE` DISABLE KEYS */;
/*!40000 ALTER TABLE `PRD_MATERIAL_ISSUE` ENABLE KEYS */;
UNLOCK TABLES;

--
-- Table structure for table `PRD_PROCESS_RESULT`
--

DROP TABLE IF EXISTS `PRD_PROCESS_RESULT`;
/*!40101 SET @saved_cs_client     = @@character_set_client */;
/*!40101 SET character_set_client = utf8mb4 */;
CREATE TABLE `PRD_PROCESS_RESULT` (
  `PROC_RESULT_ID` bigint(20) NOT NULL AUTO_INCREMENT COMMENT '공정실적ID',
  `RESULT_ID` bigint(20) NOT NULL COMMENT '작업실적ID',
  `ROUTING_ID` bigint(20) NOT NULL COMMENT '라우팅ID',
  `PROCESS_SEQ` int(11) NOT NULL COMMENT '공정순서',
  `PROCESS_CD` varchar(20) NOT NULL COMMENT '공정코드',
  `PROCESS_NM` varchar(100) NOT NULL COMMENT '공정명',
  `START_DTM` datetime NOT NULL COMMENT '시작일시',
  `END_DTM` datetime DEFAULT NULL COMMENT '종료일시',
  `INPUT_QTY` decimal(15,3) NOT NULL COMMENT '투입수량',
  `OUTPUT_QTY` decimal(15,3) DEFAULT NULL COMMENT '산출수량',
  `GOOD_QTY` decimal(15,3) DEFAULT NULL COMMENT '양품수량',
  `DEFECT_QTY` decimal(15,3) DEFAULT 0.000 COMMENT '불량수량',
  `WORKER_ID` varchar(20) DEFAULT NULL COMMENT '작업자ID',
  `EQUIPMENT_CD` varchar(20) DEFAULT NULL COMMENT '설비코드',
  `WORK_TIME` decimal(10,2) DEFAULT NULL COMMENT '작업시간(분)',
  `PROCESS_STATUS` varchar(20) NOT NULL DEFAULT '대기' COMMENT '공정상태',
  `LOT_NO` varchar(50) DEFAULT NULL COMMENT 'LOT번호',
  `PROC_RMK` varchar(500) DEFAULT NULL COMMENT '비고',
  `REG_USER_ID` varchar(50) NOT NULL COMMENT '등록자ID',
  `REG_DTM` datetime NOT NULL DEFAULT current_timestamp() COMMENT '등록일시',
  `UPD_USER_ID` varchar(50) DEFAULT NULL COMMENT '수정자ID',
  `UPD_DTM` datetime DEFAULT NULL ON UPDATE current_timestamp() COMMENT '수정일시',
  PRIMARY KEY (`PROC_RESULT_ID`),
  KEY `FK_PRD_PROC_WORKER` (`WORKER_ID`),
  KEY `FK_PRD_PROC_EQP` (`EQUIPMENT_CD`),
  KEY `IDX_PRD_PROCESS_RESULT_01` (`RESULT_ID`),
  KEY `IDX_PRD_PROCESS_RESULT_02` (`ROUTING_ID`),
  CONSTRAINT `FK_PRD_PROC_EQP` FOREIGN KEY (`EQUIPMENT_CD`) REFERENCES `MST_EQUIPMENT` (`EQUIPMENT_CD`),
  CONSTRAINT `FK_PRD_PROC_RESULT` FOREIGN KEY (`RESULT_ID`) REFERENCES `PRD_WORK_RESULT` (`RESULT_ID`),
  CONSTRAINT `FK_PRD_PROC_ROUTING` FOREIGN KEY (`ROUTING_ID`) REFERENCES `MST_ROUTING` (`ROUTING_ID`),
  CONSTRAINT `FK_PRD_PROC_WORKER` FOREIGN KEY (`WORKER_ID`) REFERENCES `MST_WORKER` (`WORKER_ID`)
) ENGINE=InnoDB DEFAULT CHARSET=utf8mb4 COLLATE=utf8mb4_general_ci COMMENT='공정실적';
/*!40101 SET character_set_client = @saved_cs_client */;

--
-- Dumping data for table `PRD_PROCESS_RESULT`
--

LOCK TABLES `PRD_PROCESS_RESULT` WRITE;
/*!40000 ALTER TABLE `PRD_PROCESS_RESULT` DISABLE KEYS */;
/*!40000 ALTER TABLE `PRD_PROCESS_RESULT` ENABLE KEYS */;
UNLOCK TABLES;

--
-- Table structure for table `PRD_WORK_RESULT`
--

DROP TABLE IF EXISTS `PRD_WORK_RESULT`;
/*!40101 SET @saved_cs_client     = @@character_set_client */;
/*!40101 SET character_set_client = utf8mb4 */;
CREATE TABLE `PRD_WORK_RESULT` (
  `RESULT_ID` bigint(20) NOT NULL AUTO_INCREMENT COMMENT '실적ID',
  `PLANT_CD` varchar(20) NOT NULL COMMENT '공장코드',
  `RESULT_NO` varchar(30) NOT NULL COMMENT '실적번호',
  `WO_ID` bigint(20) NOT NULL COMMENT '작업지시ID',
  `RESULT_DT` date NOT NULL COMMENT '실적일자',
  `SHIFT` varchar(10) NOT NULL COMMENT '근무조',
  `WORKER_ID` varchar(20) NOT NULL COMMENT '작업자ID',
  `WORKCENTER_CD` varchar(20) NOT NULL COMMENT '작업장코드',
  `EQUIPMENT_CD` varchar(20) DEFAULT NULL COMMENT '설비코드',
  `ITEM_CD` varchar(50) NOT NULL COMMENT '품목코드',
  `PROD_QTY` decimal(15,3) NOT NULL COMMENT '생산수량',
  `GOOD_QTY` decimal(15,3) NOT NULL COMMENT '양품수량',
  `DEFECT_QTY` decimal(15,3) DEFAULT 0.000 COMMENT '불량수량',
  `START_DTM` datetime NOT NULL COMMENT '시작일시',
  `END_DTM` datetime DEFAULT NULL COMMENT '종료일시',
  `WORK_TIME` decimal(10,2) DEFAULT NULL COMMENT '작업시간(분)',
  `SETUP_TIME` decimal(10,2) DEFAULT 0.00 COMMENT '준비시간(분)',
  `DOWN_TIME` decimal(10,2) DEFAULT 0.00 COMMENT '비가동시간(분)',
  `LOT_NO` varchar(50) DEFAULT NULL COMMENT 'LOT번호',
  `RESULT_STATUS` varchar(20) NOT NULL DEFAULT '진행' COMMENT '실적상태',
  `RESULT_RMK` varchar(500) DEFAULT NULL COMMENT '비고',
  `REG_USER_ID` varchar(50) NOT NULL COMMENT '등록자ID',
  `REG_DTM` datetime NOT NULL DEFAULT current_timestamp() COMMENT '등록일시',
  `UPD_USER_ID` varchar(50) DEFAULT NULL COMMENT '수정자ID',
  `UPD_DTM` datetime DEFAULT NULL ON UPDATE current_timestamp() COMMENT '수정일시',
  PRIMARY KEY (`RESULT_ID`),
  UNIQUE KEY `UK_PRD_WORK_RESULT` (`RESULT_NO`),
  KEY `FK_PRD_RESULT_WORKER` (`WORKER_ID`),
  KEY `FK_PRD_RESULT_EQP` (`EQUIPMENT_CD`),
  KEY `IDX_PRD_WORK_RESULT_01` (`WO_ID`),
  KEY `IDX_PRD_WORK_RESULT_02` (`PLANT_CD`,`RESULT_DT`),
  KEY `IDX_PRD_WORK_RESULT_03` (`ITEM_CD`),
  KEY `IDX_PRD_WORK_RESULT_04` (`LOT_NO`),
  KEY `IDX_PRD_WORK_RESULT_05` (`WORKCENTER_CD`),
  CONSTRAINT `FK_PRD_RESULT_EQP` FOREIGN KEY (`EQUIPMENT_CD`) REFERENCES `MST_EQUIPMENT` (`EQUIPMENT_CD`),
  CONSTRAINT `FK_PRD_RESULT_ITEM` FOREIGN KEY (`ITEM_CD`) REFERENCES `MST_ITEM` (`ITEM_CD`),
  CONSTRAINT `FK_PRD_RESULT_PLANT` FOREIGN KEY (`PLANT_CD`) REFERENCES `MST_PLANT` (`PLANT_CD`),
  CONSTRAINT `FK_PRD_RESULT_WC` FOREIGN KEY (`WORKCENTER_CD`) REFERENCES `MST_WORKCENTER` (`WORKCENTER_CD`),
  CONSTRAINT `FK_PRD_RESULT_WO` FOREIGN KEY (`WO_ID`) REFERENCES `PLN_WORK_ORDER` (`WO_ID`),
  CONSTRAINT `FK_PRD_RESULT_WORKER` FOREIGN KEY (`WORKER_ID`) REFERENCES `MST_WORKER` (`WORKER_ID`)
) ENGINE=InnoDB AUTO_INCREMENT=15 DEFAULT CHARSET=utf8mb4 COLLATE=utf8mb4_general_ci COMMENT='작업실적';
/*!40101 SET character_set_client = @saved_cs_client */;

--
-- Dumping data for table `PRD_WORK_RESULT`
--

LOCK TABLES `PRD_WORK_RESULT` WRITE;
/*!40000 ALTER TABLE `PRD_WORK_RESULT` DISABLE KEYS */;
INSERT INTO `PRD_WORK_RESULT` VALUES
(8,'P001','RES202501060001',8,'2025-01-06','1','W006','WC005','EQ013','FG-ASM-001',100.000,95.000,5.000,'2025-01-06 08:00:00','2025-01-06 18:00:00',600.00,30.00,0.00,'FG-ASM-001-20250106-001','완료',NULL,'SYSTEM','2026-01-22 08:05:48',NULL,NULL),
(9,'P001','RES202501070001',9,'2025-01-07','1','W007','WC005','EQ013','FG-ASM-001',100.000,98.000,2.000,'2025-01-07 08:00:00','2025-01-07 18:00:00',600.00,30.00,0.00,'FG-ASM-001-20250107-001','완료',NULL,'SYSTEM','2026-01-22 08:05:48',NULL,NULL),
(10,'P001','RES202501080001',10,'2025-01-08','1','W006','WC005','EQ014','FG-ASM-001',100.000,95.000,5.000,'2025-01-08 08:00:00','2025-01-08 18:00:00',600.00,30.00,0.00,'FG-ASM-001-20250108-001','완료',NULL,'SYSTEM','2026-01-22 08:05:48',NULL,NULL),
(11,'P001','RES202501090001',11,'2025-01-09','1','W007','WC005','EQ013','FG-ASM-002',80.000,76.000,4.000,'2025-01-09 08:00:00','2025-01-09 18:00:00',600.00,30.00,0.00,'FG-ASM-002-20250109-001','완료',NULL,'SYSTEM','2026-01-22 08:05:48',NULL,NULL),
(12,'P002','RES202501060002',12,'2025-01-06','1','W017','WC008','EQ019','FG-CTR-001',150.000,143.000,7.000,'2025-01-06 08:00:00','2025-01-06 20:00:00',720.00,60.00,0.00,'FG-CTR-001-20250106-001','완료',NULL,'SYSTEM','2026-01-22 08:05:48',NULL,NULL),
(13,'P002','RES202501070002',13,'2025-01-07','1','W018','WC008','EQ020','FG-CTR-001',150.000,148.000,2.000,'2025-01-07 08:00:00','2025-01-07 20:00:00',720.00,60.00,0.00,'FG-CTR-001-20250107-001','완료',NULL,'SYSTEM','2026-01-22 08:05:48',NULL,NULL),
(14,'P002','RES202501060003',14,'2025-01-06','1','W017','WC008','EQ019','FG-SEN-001',200.000,195.000,5.000,'2025-01-06 08:00:00','2025-01-06 20:00:00',720.00,60.00,0.00,'FG-SEN-001-20250106-001','완료',NULL,'SYSTEM','2026-01-22 08:05:48',NULL,NULL);
/*!40000 ALTER TABLE `PRD_WORK_RESULT` ENABLE KEYS */;
UNLOCK TABLES;

--
-- Table structure for table `QC_CALIBRATION_HIS`
--

DROP TABLE IF EXISTS `QC_CALIBRATION_HIS`;
/*!40101 SET @saved_cs_client     = @@character_set_client */;
/*!40101 SET character_set_client = utf8mb4 */;
CREATE TABLE `QC_CALIBRATION_HIS` (
  `CAL_ID` bigint(20) NOT NULL AUTO_INCREMENT COMMENT '교정ID',
  `MEASURE_EQUIP_CD` varchar(20) NOT NULL COMMENT '측정장비코드',
  `CAL_DT` date NOT NULL COMMENT '교정일자',
  `CAL_TYPE` varchar(20) NOT NULL COMMENT '교정유형',
  `CAL_AGENCY` varchar(100) DEFAULT NULL COMMENT '교정기관',
  `CAL_RESULT` varchar(20) NOT NULL COMMENT '교정결과',
  `CAL_CERT_NO` varchar(50) DEFAULT NULL COMMENT '교정성적서번호',
  `BEFORE_VALUE` varchar(100) DEFAULT NULL COMMENT '교정전값',
  `AFTER_VALUE` varchar(100) DEFAULT NULL COMMENT '교정후값',
  `NEXT_CAL_DT` date DEFAULT NULL COMMENT '다음교정예정일',
  `CAL_COST` decimal(18,2) DEFAULT NULL COMMENT '교정비용',
  `CAL_RMK` varchar(500) DEFAULT NULL COMMENT '비고',
  `REG_USER_ID` varchar(50) NOT NULL COMMENT '등록자ID',
  `REG_DTM` datetime NOT NULL DEFAULT current_timestamp() COMMENT '등록일시',
  `UPD_USER_ID` varchar(50) DEFAULT NULL COMMENT '수정자ID',
  `UPD_DTM` datetime DEFAULT NULL ON UPDATE current_timestamp() COMMENT '수정일시',
  PRIMARY KEY (`CAL_ID`),
  KEY `IDX_QC_CAL_HIS_01` (`MEASURE_EQUIP_CD`,`CAL_DT`),
  CONSTRAINT `FK_QC_CAL_HIS_EQUIP` FOREIGN KEY (`MEASURE_EQUIP_CD`) REFERENCES `QC_MEASURE_EQUIP` (`MEASURE_EQUIP_CD`)
) ENGINE=InnoDB DEFAULT CHARSET=utf8mb4 COLLATE=utf8mb4_general_ci COMMENT='측정장비교정이력';
/*!40101 SET character_set_client = @saved_cs_client */;

--
-- Dumping data for table `QC_CALIBRATION_HIS`
--

LOCK TABLES `QC_CALIBRATION_HIS` WRITE;
/*!40000 ALTER TABLE `QC_CALIBRATION_HIS` DISABLE KEYS */;
/*!40000 ALTER TABLE `QC_CALIBRATION_HIS` ENABLE KEYS */;
UNLOCK TABLES;

--
-- Table structure for table `QC_COA`
--

DROP TABLE IF EXISTS `QC_COA`;
/*!40101 SET @saved_cs_client     = @@character_set_client */;
/*!40101 SET character_set_client = utf8mb4 */;
CREATE TABLE `QC_COA` (
  `COA_ID` bigint(20) NOT NULL AUTO_INCREMENT COMMENT '성적서ID',
  `PLANT_CD` varchar(20) NOT NULL COMMENT '공장코드',
  `COA_NO` varchar(30) NOT NULL COMMENT '성적서번호',
  `COA_DT` date NOT NULL COMMENT '발행일자',
  `INSPECT_ID` bigint(20) NOT NULL COMMENT '검사ID',
  `ITEM_CD` varchar(50) NOT NULL COMMENT '품목코드',
  `LOT_NO` varchar(50) DEFAULT NULL COMMENT 'LOT번호',
  `SHIP_QTY` decimal(15,3) DEFAULT NULL COMMENT '출하수량',
  `CUSTOMER_CD` varchar(50) DEFAULT NULL COMMENT '고객코드',
  `CUSTOMER_NM` varchar(100) DEFAULT NULL COMMENT '고객명',
  `ORDER_NO` varchar(50) DEFAULT NULL COMMENT '주문번호',
  `ISSUE_USER_ID` varchar(20) NOT NULL COMMENT '발행자ID',
  `APPROVE_USER_ID` varchar(20) DEFAULT NULL COMMENT '승인자ID',
  `APPROVE_DTM` datetime DEFAULT NULL COMMENT '승인일시',
  `COA_STATUS` varchar(20) NOT NULL DEFAULT '발행' COMMENT '상태',
  `COA_RMK` varchar(500) DEFAULT NULL COMMENT '비고',
  `REG_USER_ID` varchar(50) NOT NULL COMMENT '등록자ID',
  `REG_DTM` datetime NOT NULL DEFAULT current_timestamp() COMMENT '등록일시',
  `UPD_USER_ID` varchar(50) DEFAULT NULL COMMENT '수정자ID',
  `UPD_DTM` datetime DEFAULT NULL ON UPDATE current_timestamp() COMMENT '수정일시',
  PRIMARY KEY (`COA_ID`),
  UNIQUE KEY `UK_QC_COA` (`COA_NO`),
  KEY `FK_QC_COA_ITEM` (`ITEM_CD`),
  KEY `IDX_QC_COA_01` (`PLANT_CD`,`COA_DT`),
  KEY `IDX_QC_COA_02` (`INSPECT_ID`),
  CONSTRAINT `FK_QC_COA_INSPECT` FOREIGN KEY (`INSPECT_ID`) REFERENCES `QC_INSPECT_RESULT` (`INSPECT_ID`),
  CONSTRAINT `FK_QC_COA_ITEM` FOREIGN KEY (`ITEM_CD`) REFERENCES `MST_ITEM` (`ITEM_CD`),
  CONSTRAINT `FK_QC_COA_PLANT` FOREIGN KEY (`PLANT_CD`) REFERENCES `MST_PLANT` (`PLANT_CD`)
) ENGINE=InnoDB DEFAULT CHARSET=utf8mb4 COLLATE=utf8mb4_general_ci COMMENT='품질성적서';
/*!40101 SET character_set_client = @saved_cs_client */;

--
-- Dumping data for table `QC_COA`
--

LOCK TABLES `QC_COA` WRITE;
/*!40000 ALTER TABLE `QC_COA` DISABLE KEYS */;
/*!40000 ALTER TABLE `QC_COA` ENABLE KEYS */;
UNLOCK TABLES;

--
-- Table structure for table `QC_DEFECT_CODE`
--

DROP TABLE IF EXISTS `QC_DEFECT_CODE`;
/*!40101 SET @saved_cs_client     = @@character_set_client */;
/*!40101 SET character_set_client = utf8mb4 */;
CREATE TABLE `QC_DEFECT_CODE` (
  `DEFECT_CD` varchar(20) NOT NULL COMMENT '불량코드',
  `PLANT_CD` varchar(20) NOT NULL COMMENT '공장코드',
  `DEFECT_NM` varchar(100) NOT NULL COMMENT '불량명',
  `DEFECT_TYPE` varchar(20) NOT NULL COMMENT '불량유형',
  `DEFECT_GRP` varchar(50) DEFAULT NULL COMMENT '불량그룹',
  `DEFECT_DESC` varchar(500) DEFAULT NULL COMMENT '불량설명',
  `SEVERITY` varchar(20) DEFAULT NULL COMMENT '심각도',
  `SORT_SEQ` int(11) NOT NULL DEFAULT 0 COMMENT '정렬순서',
  `USE_YN` char(1) NOT NULL DEFAULT 'Y' COMMENT '사용여부',
  `REG_USER_ID` varchar(50) NOT NULL COMMENT '등록자ID',
  `REG_DTM` datetime NOT NULL DEFAULT current_timestamp() COMMENT '등록일시',
  `UPD_USER_ID` varchar(50) DEFAULT NULL COMMENT '수정자ID',
  `UPD_DTM` datetime DEFAULT NULL ON UPDATE current_timestamp() COMMENT '수정일시',
  PRIMARY KEY (`DEFECT_CD`),
  KEY `IDX_QC_DEFECT_CODE_01` (`PLANT_CD`,`DEFECT_TYPE`),
  CONSTRAINT `FK_QC_DEFECT_CODE_PLANT` FOREIGN KEY (`PLANT_CD`) REFERENCES `MST_PLANT` (`PLANT_CD`)
) ENGINE=InnoDB DEFAULT CHARSET=utf8mb4 COLLATE=utf8mb4_general_ci COMMENT='불량코드';
/*!40101 SET character_set_client = @saved_cs_client */;

--
-- Dumping data for table `QC_DEFECT_CODE`
--

LOCK TABLES `QC_DEFECT_CODE` WRITE;
/*!40000 ALTER TABLE `QC_DEFECT_CODE` DISABLE KEYS */;
INSERT INTO `QC_DEFECT_CODE` VALUES
('D001','P001','치수불량','치수불량','가공불량','규격 치수 미달 또는 초과','중대',1,'Y','SYSTEM','2026-01-22 08:00:50',NULL,NULL),
('D002','P001','스크래치','외관불량','외관불량','표면 긁힘, 찍힘','경미',2,'Y','SYSTEM','2026-01-22 08:00:50',NULL,NULL),
('D003','P001','버발생','외관불량','가공불량','가공 후 버 미제거','경미',3,'Y','SYSTEM','2026-01-22 08:00:50',NULL,NULL),
('D004','P001','도장불량','외관불량','도장불량','도장 벗겨짐, 기포, 흐름','중대',4,'Y','SYSTEM','2026-01-22 08:00:50',NULL,NULL),
('D005','P001','조립불량','기능불량','조립불량','조립 누락, 오조립','중대',5,'Y','SYSTEM','2026-01-22 08:00:50',NULL,NULL),
('D006','P002','납땜불량','기능불량','실장불량','납땜 브릿지, 미납, 냉납','중대',1,'Y','SYSTEM','2026-01-22 08:00:50',NULL,NULL),
('D007','P002','검사불합격','기능불량','검사불량','기능 검사 불합격','중대',2,'Y','SYSTEM','2026-01-22 08:00:50',NULL,NULL),
('D008','P002','부품누락','기능불량','실장불량','부품 미실장','치명',3,'Y','SYSTEM','2026-01-22 08:00:50',NULL,NULL),
('D009','P002','부품오장착','기능불량','실장불량','잘못된 부품 실장','치명',4,'Y','SYSTEM','2026-01-22 08:00:50',NULL,NULL),
('D010','P001','크랙','외관불량','가공불량','균열 발생','치명',6,'Y','SYSTEM','2026-01-22 08:00:50',NULL,NULL),
('D011','P001','용접불량','기능불량','용접불량','용접 비드 불량, 기공','중대',7,'Y','SYSTEM','2026-01-22 08:00:50',NULL,NULL),
('D012','P001','변형','치수불량','가공불량','형상 변형','중대',8,'Y','SYSTEM','2026-01-22 08:00:50',NULL,NULL),
('D013','P001','부식','외관불량','재료불량','부식 발생','중대',9,'Y','SYSTEM','2026-01-22 08:00:50',NULL,NULL),
('D014','P001','이물혼입','외관불량','오염불량','이물질 혼입','경미',10,'Y','SYSTEM','2026-01-22 08:00:50',NULL,NULL),
('D015','P002','PCB손상','외관불량','재료불량','PCB 손상, 패턴불량','치명',5,'Y','SYSTEM','2026-01-22 08:00:50',NULL,NULL),
('D016','P002','부품파손','기능불량','취급불량','부품 파손','중대',6,'Y','SYSTEM','2026-01-22 08:00:50',NULL,NULL),
('D017','P002','극성오류','기능불량','실장불량','부품 극성 오류','치명',7,'Y','SYSTEM','2026-01-22 08:00:50',NULL,NULL),
('DC001','P001','크기 오버','치수불량',NULL,NULL,'중',1,'Y','SYSTEM','2026-01-22 08:06:03',NULL,NULL),
('DC002','P001','표면 흠집','외관불량',NULL,NULL,'하',2,'Y','SYSTEM','2026-01-22 08:06:03',NULL,NULL),
('DC003','P001','용접 불량','구조불량',NULL,NULL,'상',3,'Y','SYSTEM','2026-01-22 08:06:03',NULL,NULL),
('DC004','P002','부품 누락','조립불량',NULL,NULL,'상',1,'Y','SYSTEM','2026-01-22 08:06:03',NULL,NULL),
('DC005','P002','핸다 문제','기능불량',NULL,NULL,'상',2,'Y','SYSTEM','2026-01-22 08:06:03',NULL,NULL);
/*!40000 ALTER TABLE `QC_DEFECT_CODE` ENABLE KEYS */;
UNLOCK TABLES;

--
-- Table structure for table `QC_DEFECT_HIS`
--

DROP TABLE IF EXISTS `QC_DEFECT_HIS`;
/*!40101 SET @saved_cs_client     = @@character_set_client */;
/*!40101 SET character_set_client = utf8mb4 */;
CREATE TABLE `QC_DEFECT_HIS` (
  `QC_DEFECT_ID` bigint(20) NOT NULL AUTO_INCREMENT COMMENT '품질불량ID',
  `PLANT_CD` varchar(20) NOT NULL COMMENT '공장코드',
  `INSPECT_ID` bigint(20) NOT NULL COMMENT '검사ID',
  `DEFECT_DT` date NOT NULL COMMENT '불량발생일',
  `DEFECT_CD` varchar(20) NOT NULL COMMENT '불량코드',
  `DEFECT_NM` varchar(100) DEFAULT NULL COMMENT '불량명',
  `DEFECT_QTY` decimal(15,3) NOT NULL COMMENT '불량수량',
  `ITEM_CD` varchar(50) NOT NULL COMMENT '품목코드',
  `LOT_NO` varchar(50) DEFAULT NULL COMMENT 'LOT번호',
  `DEFECT_CAUSE` varchar(500) DEFAULT NULL COMMENT '불량원인',
  `CAUSE_CATEGORY` varchar(50) DEFAULT NULL COMMENT '원인구분(4M)',
  `CORRECTIVE_ACTION` varchar(500) DEFAULT NULL COMMENT '시정조치',
  `PREVENTIVE_ACTION` varchar(500) DEFAULT NULL COMMENT '예방조치',
  `ACTION_USER_ID` varchar(20) DEFAULT NULL COMMENT '조치담당자',
  `ACTION_DT` date DEFAULT NULL COMMENT '조치일자',
  `DISPOSITION` varchar(20) DEFAULT NULL COMMENT '처리방법',
  `DISPOSITION_QTY` decimal(15,3) DEFAULT NULL COMMENT '처리수량',
  `DISPOSITION_DT` date DEFAULT NULL COMMENT '처리일자',
  `DEFECT_RMK` varchar(500) DEFAULT NULL COMMENT '비고',
  `REG_USER_ID` varchar(50) NOT NULL COMMENT '등록자ID',
  `REG_DTM` datetime NOT NULL DEFAULT current_timestamp() COMMENT '등록일시',
  `UPD_USER_ID` varchar(50) DEFAULT NULL COMMENT '수정자ID',
  `UPD_DTM` datetime DEFAULT NULL ON UPDATE current_timestamp() COMMENT '수정일시',
  PRIMARY KEY (`QC_DEFECT_ID`),
  KEY `IDX_QC_DEFECT_HIS_01` (`PLANT_CD`,`DEFECT_DT`),
  KEY `IDX_QC_DEFECT_HIS_02` (`INSPECT_ID`),
  KEY `IDX_QC_DEFECT_HIS_03` (`DEFECT_CD`),
  KEY `IDX_QC_DEFECT_HIS_04` (`ITEM_CD`,`LOT_NO`),
  CONSTRAINT `FK_QC_DEFECT_HIS_CD` FOREIGN KEY (`DEFECT_CD`) REFERENCES `QC_DEFECT_CODE` (`DEFECT_CD`),
  CONSTRAINT `FK_QC_DEFECT_HIS_INSPECT` FOREIGN KEY (`INSPECT_ID`) REFERENCES `QC_INSPECT_RESULT` (`INSPECT_ID`),
  CONSTRAINT `FK_QC_DEFECT_HIS_ITEM` FOREIGN KEY (`ITEM_CD`) REFERENCES `MST_ITEM` (`ITEM_CD`),
  CONSTRAINT `FK_QC_DEFECT_HIS_PLANT` FOREIGN KEY (`PLANT_CD`) REFERENCES `MST_PLANT` (`PLANT_CD`)
) ENGINE=InnoDB DEFAULT CHARSET=utf8mb4 COLLATE=utf8mb4_general_ci COMMENT='품질불량이력';
/*!40101 SET character_set_client = @saved_cs_client */;

--
-- Dumping data for table `QC_DEFECT_HIS`
--

LOCK TABLES `QC_DEFECT_HIS` WRITE;
/*!40000 ALTER TABLE `QC_DEFECT_HIS` DISABLE KEYS */;
/*!40000 ALTER TABLE `QC_DEFECT_HIS` ENABLE KEYS */;
UNLOCK TABLES;

--
-- Table structure for table `QC_INSPECT_DETAIL`
--

DROP TABLE IF EXISTS `QC_INSPECT_DETAIL`;
/*!40101 SET @saved_cs_client     = @@character_set_client */;
/*!40101 SET character_set_client = utf8mb4 */;
CREATE TABLE `QC_INSPECT_DETAIL` (
  `INSPECT_DTL_ID` bigint(20) NOT NULL AUTO_INCREMENT COMMENT '검사상세ID',
  `INSPECT_ID` bigint(20) NOT NULL COMMENT '검사ID',
  `INSPECT_STD_ID` bigint(20) NOT NULL COMMENT '검사기준ID',
  `SAMPLE_NO` int(11) NOT NULL DEFAULT 1 COMMENT '샘플번호',
  `INSPECT_ITEM` varchar(100) NOT NULL COMMENT '검사항목',
  `DATA_TYPE` varchar(20) NOT NULL COMMENT '데이터유형',
  `MEASURE_VALUE` decimal(15,5) DEFAULT NULL COMMENT '측정값(숫자)',
  `MEASURE_TEXT` varchar(200) DEFAULT NULL COMMENT '측정값(텍스트)',
  `LSL` decimal(15,5) DEFAULT NULL COMMENT '하한규격',
  `USL` decimal(15,5) DEFAULT NULL COMMENT '상한규격',
  `TARGET_VALUE` decimal(15,5) DEFAULT NULL COMMENT '목표값',
  `JUDGE_RESULT` varchar(20) NOT NULL COMMENT '판정결과',
  `DEFECT_CD` varchar(20) DEFAULT NULL COMMENT '불량코드',
  `DETAIL_RMK` varchar(500) DEFAULT NULL COMMENT '비고',
  `REG_USER_ID` varchar(50) NOT NULL COMMENT '등록자ID',
  `REG_DTM` datetime NOT NULL DEFAULT current_timestamp() COMMENT '등록일시',
  PRIMARY KEY (`INSPECT_DTL_ID`),
  KEY `FK_QC_INSPECT_DTL_DEFECT` (`DEFECT_CD`),
  KEY `IDX_QC_INSPECT_DETAIL_01` (`INSPECT_ID`),
  KEY `IDX_QC_INSPECT_DETAIL_02` (`INSPECT_STD_ID`),
  CONSTRAINT `FK_QC_INSPECT_DTL_DEFECT` FOREIGN KEY (`DEFECT_CD`) REFERENCES `QC_DEFECT_CODE` (`DEFECT_CD`),
  CONSTRAINT `FK_QC_INSPECT_DTL_ID` FOREIGN KEY (`INSPECT_ID`) REFERENCES `QC_INSPECT_RESULT` (`INSPECT_ID`),
  CONSTRAINT `FK_QC_INSPECT_DTL_STD` FOREIGN KEY (`INSPECT_STD_ID`) REFERENCES `QC_INSPECT_STD` (`INSPECT_STD_ID`)
) ENGINE=InnoDB DEFAULT CHARSET=utf8mb4 COLLATE=utf8mb4_general_ci COMMENT='검사상세';
/*!40101 SET character_set_client = @saved_cs_client */;

--
-- Dumping data for table `QC_INSPECT_DETAIL`
--

LOCK TABLES `QC_INSPECT_DETAIL` WRITE;
/*!40000 ALTER TABLE `QC_INSPECT_DETAIL` DISABLE KEYS */;
/*!40000 ALTER TABLE `QC_INSPECT_DETAIL` ENABLE KEYS */;
UNLOCK TABLES;

--
-- Table structure for table `QC_INSPECT_RESULT`
--

DROP TABLE IF EXISTS `QC_INSPECT_RESULT`;
/*!40101 SET @saved_cs_client     = @@character_set_client */;
/*!40101 SET character_set_client = utf8mb4 */;
CREATE TABLE `QC_INSPECT_RESULT` (
  `INSPECT_ID` bigint(20) NOT NULL AUTO_INCREMENT COMMENT '검사ID',
  `PLANT_CD` varchar(20) NOT NULL COMMENT '공장코드',
  `INSPECT_NO` varchar(30) NOT NULL COMMENT '검사번호',
  `INSPECT_TYPE` varchar(20) NOT NULL COMMENT '검사유형',
  `INSPECT_DT` date NOT NULL COMMENT '검사일자',
  `ITEM_CD` varchar(50) NOT NULL COMMENT '품목코드',
  `LOT_NO` varchar(50) DEFAULT NULL COMMENT 'LOT번호',
  `INSPECT_QTY` decimal(15,3) NOT NULL COMMENT '검사수량',
  `SAMPLE_QTY` decimal(15,3) DEFAULT NULL COMMENT '샘플수량',
  `PASS_QTY` decimal(15,3) DEFAULT 0.000 COMMENT '합격수량',
  `FAIL_QTY` decimal(15,3) DEFAULT 0.000 COMMENT '불합격수량',
  `INSPECTOR_ID` varchar(20) NOT NULL COMMENT '검사자ID',
  `WO_ID` bigint(20) DEFAULT NULL COMMENT '작업지시ID',
  `RESULT_ID` bigint(20) DEFAULT NULL COMMENT '작업실적ID',
  `RECEIVE_ID` bigint(20) DEFAULT NULL COMMENT '입고ID',
  `VENDOR_CD` varchar(50) DEFAULT NULL COMMENT '거래처코드',
  `JUDGE_RESULT` varchar(20) NOT NULL DEFAULT '대기' COMMENT '판정결과',
  `JUDGE_USER_ID` varchar(50) DEFAULT NULL COMMENT '판정자ID',
  `JUDGE_DTM` datetime DEFAULT NULL COMMENT '판정일시',
  `PROCESS_CD` varchar(20) DEFAULT NULL COMMENT '공정코드',
  `INSPECT_RMK` varchar(500) DEFAULT NULL COMMENT '비고',
  `REG_USER_ID` varchar(50) NOT NULL COMMENT '등록자ID',
  `REG_DTM` datetime NOT NULL DEFAULT current_timestamp() COMMENT '등록일시',
  `UPD_USER_ID` varchar(50) DEFAULT NULL COMMENT '수정자ID',
  `UPD_DTM` datetime DEFAULT NULL ON UPDATE current_timestamp() COMMENT '수정일시',
  PRIMARY KEY (`INSPECT_ID`),
  UNIQUE KEY `UK_QC_INSPECT_RESULT` (`INSPECT_NO`),
  KEY `FK_QC_INSPECT_INSPECTOR` (`INSPECTOR_ID`),
  KEY `IDX_QC_INSPECT_RESULT_01` (`PLANT_CD`,`INSPECT_DT`),
  KEY `IDX_QC_INSPECT_RESULT_02` (`ITEM_CD`,`LOT_NO`),
  KEY `IDX_QC_INSPECT_RESULT_03` (`INSPECT_TYPE`,`JUDGE_RESULT`),
  KEY `IDX_QC_INSPECT_RESULT_04` (`WO_ID`),
  KEY `IDX_QC_INSPECT_RESULT_05` (`VENDOR_CD`),
  CONSTRAINT `FK_QC_INSPECT_INSPECTOR` FOREIGN KEY (`INSPECTOR_ID`) REFERENCES `MST_WORKER` (`WORKER_ID`),
  CONSTRAINT `FK_QC_INSPECT_ITEM` FOREIGN KEY (`ITEM_CD`) REFERENCES `MST_ITEM` (`ITEM_CD`),
  CONSTRAINT `FK_QC_INSPECT_PLANT` FOREIGN KEY (`PLANT_CD`) REFERENCES `MST_PLANT` (`PLANT_CD`),
  CONSTRAINT `FK_QC_INSPECT_VENDOR` FOREIGN KEY (`VENDOR_CD`) REFERENCES `MST_VENDOR` (`VENDOR_CD`),
  CONSTRAINT `FK_QC_INSPECT_WO` FOREIGN KEY (`WO_ID`) REFERENCES `PLN_WORK_ORDER` (`WO_ID`)
) ENGINE=InnoDB AUTO_INCREMENT=5 DEFAULT CHARSET=utf8mb4 COLLATE=utf8mb4_general_ci COMMENT='검사실적';
/*!40101 SET character_set_client = @saved_cs_client */;

--
-- Dumping data for table `QC_INSPECT_RESULT`
--

LOCK TABLES `QC_INSPECT_RESULT` WRITE;
/*!40000 ALTER TABLE `QC_INSPECT_RESULT` DISABLE KEYS */;
INSERT INTO `QC_INSPECT_RESULT` VALUES
(1,'P001','INS202501060001','최종검사','2025-01-06','FG-ASM-001','FG-ASM-001-20250106-001',95.000,95.000,95.000,0.000,'W010',8,1,NULL,NULL,'합격','W010','2025-01-06 19:00:00','PR006',NULL,'SYSTEM','2026-01-22 08:06:03',NULL,NULL),
(2,'P001','INS202501070001','최종검사','2025-01-07','FG-ASM-001','FG-ASM-001-20250107-001',98.000,98.000,98.000,0.000,'W011',9,2,NULL,NULL,'합격','W010','2025-01-07 19:00:00','PR006',NULL,'SYSTEM','2026-01-22 08:06:03',NULL,NULL),
(3,'P002','INS202501060002','최종검사','2025-01-06','FG-CTR-001','FG-CTR-001-20250106-001',143.000,143.000,143.000,0.000,'W020',12,4,NULL,NULL,'합격','W020','2025-01-06 21:00:00','PR010',NULL,'SYSTEM','2026-01-22 08:06:03',NULL,NULL),
(4,'P002','INS202501070002','최종검사','2025-01-07','FG-CTR-001','FG-CTR-001-20250107-001',148.000,148.000,148.000,0.000,'W020',13,5,NULL,NULL,'합격','W020','2025-01-07 21:00:00','PR010',NULL,'SYSTEM','2026-01-22 08:06:03',NULL,NULL);
/*!40000 ALTER TABLE `QC_INSPECT_RESULT` ENABLE KEYS */;
UNLOCK TABLES;

--
-- Table structure for table `QC_INSPECT_STD`
--

DROP TABLE IF EXISTS `QC_INSPECT_STD`;
/*!40101 SET @saved_cs_client     = @@character_set_client */;
/*!40101 SET character_set_client = utf8mb4 */;
CREATE TABLE `QC_INSPECT_STD` (
  `INSPECT_STD_ID` bigint(20) NOT NULL AUTO_INCREMENT COMMENT '검사기준ID',
  `PLANT_CD` varchar(20) NOT NULL COMMENT '공장코드',
  `ITEM_CD` varchar(50) NOT NULL COMMENT '품목코드',
  `INSPECT_TYPE` varchar(20) NOT NULL COMMENT '검사유형',
  `INSPECT_ITEM_SEQ` int(11) NOT NULL COMMENT '검사항목순서',
  `INSPECT_ITEM` varchar(100) NOT NULL COMMENT '검사항목',
  `INSPECT_METHOD` varchar(500) DEFAULT NULL COMMENT '검사방법',
  `DATA_TYPE` varchar(20) NOT NULL DEFAULT 'NUMBER' COMMENT '데이터유형',
  `SPEC_VALUE` varchar(100) DEFAULT NULL COMMENT '규격값',
  `LSL` decimal(15,5) DEFAULT NULL COMMENT '하한규격',
  `USL` decimal(15,5) DEFAULT NULL COMMENT '상한규격',
  `TARGET_VALUE` decimal(15,5) DEFAULT NULL COMMENT '목표값',
  `UNIT` varchar(20) DEFAULT NULL COMMENT '단위',
  `SAMPLE_SIZE` int(11) DEFAULT 1 COMMENT '샘플크기',
  `SAMPLE_METHOD` varchar(50) DEFAULT NULL COMMENT '샘플링방법',
  `INSPECT_TOOL` varchar(100) DEFAULT NULL COMMENT '검사도구',
  `MANDATORY_YN` char(1) NOT NULL DEFAULT 'Y' COMMENT '필수여부',
  `PROCESS_CD` varchar(20) DEFAULT NULL COMMENT '공정코드',
  `VALID_START_DT` date DEFAULT NULL COMMENT '유효시작일',
  `VALID_END_DT` date DEFAULT NULL COMMENT '유효종료일',
  `STD_RMK` varchar(500) DEFAULT NULL COMMENT '비고',
  `USE_YN` char(1) NOT NULL DEFAULT 'Y' COMMENT '사용여부',
  `REG_USER_ID` varchar(50) NOT NULL COMMENT '등록자ID',
  `REG_DTM` datetime NOT NULL DEFAULT current_timestamp() COMMENT '등록일시',
  `UPD_USER_ID` varchar(50) DEFAULT NULL COMMENT '수정자ID',
  `UPD_DTM` datetime DEFAULT NULL ON UPDATE current_timestamp() COMMENT '수정일시',
  PRIMARY KEY (`INSPECT_STD_ID`),
  UNIQUE KEY `UK_QC_INSPECT_STD` (`PLANT_CD`,`ITEM_CD`,`INSPECT_TYPE`,`INSPECT_ITEM_SEQ`),
  KEY `IDX_QC_INSPECT_STD_01` (`ITEM_CD`,`INSPECT_TYPE`),
  KEY `IDX_QC_INSPECT_STD_02` (`PLANT_CD`,`INSPECT_TYPE`),
  CONSTRAINT `FK_QC_INSPECT_STD_ITEM` FOREIGN KEY (`ITEM_CD`) REFERENCES `MST_ITEM` (`ITEM_CD`),
  CONSTRAINT `FK_QC_INSPECT_STD_PLANT` FOREIGN KEY (`PLANT_CD`) REFERENCES `MST_PLANT` (`PLANT_CD`)
) ENGINE=InnoDB AUTO_INCREMENT=32 DEFAULT CHARSET=utf8mb4 COLLATE=utf8mb4_general_ci COMMENT='검사기준';
/*!40101 SET character_set_client = @saved_cs_client */;

--
-- Dumping data for table `QC_INSPECT_STD`
--

LOCK TABLES `QC_INSPECT_STD` WRITE;
/*!40000 ALTER TABLE `QC_INSPECT_STD` DISABLE KEYS */;
INSERT INTO `QC_INSPECT_STD` VALUES
(27,'P001','FG-ASM-001','최종검사',1,'외관검사','육안검사','YN',NULL,NULL,NULL,NULL,NULL,1,NULL,NULL,'Y',NULL,NULL,NULL,NULL,'Y','SYSTEM','2026-01-22 08:06:03',NULL,NULL),
(28,'P001','FG-ASM-001','최종검사',2,'크기검사','캘리퍼스','NUMBER',NULL,99.50000,100.50000,100.00000,'mm',1,NULL,NULL,'Y',NULL,NULL,NULL,NULL,'Y','SYSTEM','2026-01-22 08:06:03',NULL,NULL),
(29,'P002','FG-CTR-001','최종검사',1,'외관검사','육안검사','YN',NULL,NULL,NULL,NULL,NULL,1,NULL,NULL,'Y',NULL,NULL,NULL,NULL,'Y','SYSTEM','2026-01-22 08:06:03',NULL,NULL),
(30,'P002','FG-CTR-001','최종검사',2,'기능테스트','기능검사','YN',NULL,NULL,NULL,NULL,NULL,1,NULL,NULL,'Y',NULL,NULL,NULL,NULL,'Y','SYSTEM','2026-01-22 08:06:03',NULL,NULL),
(31,'P002','FG-CTR-001','최종검사',3,'전압측정','멀티미터','NUMBER',NULL,4.90000,5.10000,5.00000,'V',1,NULL,NULL,'Y',NULL,NULL,NULL,NULL,'Y','SYSTEM','2026-01-22 08:06:03',NULL,NULL);
/*!40000 ALTER TABLE `QC_INSPECT_STD` ENABLE KEYS */;
UNLOCK TABLES;

--
-- Table structure for table `QC_MEASURE_EQUIP`
--

DROP TABLE IF EXISTS `QC_MEASURE_EQUIP`;
/*!40101 SET @saved_cs_client     = @@character_set_client */;
/*!40101 SET character_set_client = utf8mb4 */;
CREATE TABLE `QC_MEASURE_EQUIP` (
  `MEASURE_EQUIP_CD` varchar(20) NOT NULL COMMENT '측정장비코드',
  `PLANT_CD` varchar(20) NOT NULL COMMENT '공장코드',
  `MEASURE_EQUIP_NM` varchar(100) NOT NULL COMMENT '측정장비명',
  `EQUIP_TYPE` varchar(50) DEFAULT NULL COMMENT '장비유형',
  `MODEL_NM` varchar(100) DEFAULT NULL COMMENT '모델명',
  `MAKER` varchar(100) DEFAULT NULL COMMENT '제조사',
  `SERIAL_NO` varchar(100) DEFAULT NULL COMMENT '시리얼번호',
  `MEASURE_RANGE` varchar(100) DEFAULT NULL COMMENT '측정범위',
  `RESOLUTION` varchar(50) DEFAULT NULL COMMENT '분해능',
  `ACCURACY` varchar(50) DEFAULT NULL COMMENT '정확도',
  `PURCHASE_DT` date DEFAULT NULL COMMENT '구매일',
  `LAST_CAL_DT` date DEFAULT NULL COMMENT '최종교정일',
  `NEXT_CAL_DT` date DEFAULT NULL COMMENT '다음교정예정일',
  `CAL_CYCLE` int(11) DEFAULT NULL COMMENT '교정주기(월)',
  `LOCATION` varchar(100) DEFAULT NULL COMMENT '보관위치',
  `MANAGER_ID` varchar(20) DEFAULT NULL COMMENT '담당자ID',
  `EQUIP_STATUS` varchar(20) NOT NULL DEFAULT '정상' COMMENT '장비상태',
  `USE_YN` char(1) NOT NULL DEFAULT 'Y' COMMENT '사용여부',
  `REG_USER_ID` varchar(50) NOT NULL COMMENT '등록자ID',
  `REG_DTM` datetime NOT NULL DEFAULT current_timestamp() COMMENT '등록일시',
  `UPD_USER_ID` varchar(50) DEFAULT NULL COMMENT '수정자ID',
  `UPD_DTM` datetime DEFAULT NULL ON UPDATE current_timestamp() COMMENT '수정일시',
  PRIMARY KEY (`MEASURE_EQUIP_CD`),
  KEY `IDX_QC_MEASURE_EQUIP_01` (`PLANT_CD`,`EQUIP_STATUS`),
  KEY `IDX_QC_MEASURE_EQUIP_02` (`NEXT_CAL_DT`),
  CONSTRAINT `FK_QC_MEASURE_EQUIP_PLANT` FOREIGN KEY (`PLANT_CD`) REFERENCES `MST_PLANT` (`PLANT_CD`)
) ENGINE=InnoDB DEFAULT CHARSET=utf8mb4 COLLATE=utf8mb4_general_ci COMMENT='측정장비';
/*!40101 SET character_set_client = @saved_cs_client */;

--
-- Dumping data for table `QC_MEASURE_EQUIP`
--

LOCK TABLES `QC_MEASURE_EQUIP` WRITE;
/*!40000 ALTER TABLE `QC_MEASURE_EQUIP` DISABLE KEYS */;
/*!40000 ALTER TABLE `QC_MEASURE_EQUIP` ENABLE KEYS */;
UNLOCK TABLES;

--
-- Temporary table structure for view `V_DAILY_PROD_SUMMARY`
--

DROP TABLE IF EXISTS `V_DAILY_PROD_SUMMARY`;
/*!50001 DROP VIEW IF EXISTS `V_DAILY_PROD_SUMMARY`*/;
SET @saved_cs_client     = @@character_set_client;
SET character_set_client = utf8mb4;
/*!50001 CREATE VIEW `V_DAILY_PROD_SUMMARY` AS SELECT
 1 AS `PLANT_CD`,
  1 AS `RESULT_DT`,
  1 AS `ITEM_CD`,
  1 AS `ITEM_NM`,
  1 AS `ITEM_TYPE`,
  1 AS `WORKCENTER_CD`,
  1 AS `WORKCENTER_NM`,
  1 AS `WO_CNT`,
  1 AS `TOTAL_PROD_QTY`,
  1 AS `TOTAL_GOOD_QTY`,
  1 AS `TOTAL_DEFECT_QTY`,
  1 AS `YIELD_RATE`,
  1 AS `TOTAL_WORK_TIME` */;
SET character_set_client = @saved_cs_client;

--
-- Temporary table structure for view `V_DEFECT_ANALYSIS`
--

DROP TABLE IF EXISTS `V_DEFECT_ANALYSIS`;
/*!50001 DROP VIEW IF EXISTS `V_DEFECT_ANALYSIS`*/;
SET @saved_cs_client     = @@character_set_client;
SET character_set_client = utf8mb4;
/*!50001 CREATE VIEW `V_DEFECT_ANALYSIS` AS SELECT
 1 AS `PLANT_CD`,
  1 AS `DEFECT_DT`,
  1 AS `ITEM_CD`,
  1 AS `ITEM_NM`,
  1 AS `DEFECT_CD`,
  1 AS `DEFECT_NM`,
  1 AS `DEFECT_TYPE`,
  1 AS `PROCESS_CD`,
  1 AS `EQUIPMENT_CD`,
  1 AS `EQUIPMENT_NM`,
  1 AS `TOTAL_DEFECT_QTY`,
  1 AS `DEFECT_CNT` */;
SET character_set_client = @saved_cs_client;

--
-- Temporary table structure for view `V_DOWNTIME_ANALYSIS`
--

DROP TABLE IF EXISTS `V_DOWNTIME_ANALYSIS`;
/*!50001 DROP VIEW IF EXISTS `V_DOWNTIME_ANALYSIS`*/;
SET @saved_cs_client     = @@character_set_client;
SET character_set_client = utf8mb4;
/*!50001 CREATE VIEW `V_DOWNTIME_ANALYSIS` AS SELECT
 1 AS `PLANT_CD`,
  1 AS `EQUIPMENT_CD`,
  1 AS `EQUIPMENT_NM`,
  1 AS `DOWNTIME_DT`,
  1 AS `DOWNTIME_TYPE`,
  1 AS `DOWNTIME_CD`,
  1 AS `DOWNTIME_NM`,
  1 AS `TOTAL_DOWNTIME_MIN`,
  1 AS `DOWNTIME_CNT`,
  1 AS `PLANNED_YN` */;
SET character_set_client = @saved_cs_client;

--
-- Temporary table structure for view `V_EQUIPMENT_UTILIZATION`
--

DROP TABLE IF EXISTS `V_EQUIPMENT_UTILIZATION`;
/*!50001 DROP VIEW IF EXISTS `V_EQUIPMENT_UTILIZATION`*/;
SET @saved_cs_client     = @@character_set_client;
SET character_set_client = utf8mb4;
/*!50001 CREATE VIEW `V_EQUIPMENT_UTILIZATION` AS SELECT
 1 AS `PLANT_CD`,
  1 AS `EQUIPMENT_CD`,
  1 AS `EQUIPMENT_NM`,
  1 AS `EQUIPMENT_TYPE`,
  1 AS `OPER_DT`,
  1 AS `SHIFT`,
  1 AS `RUN_TIME`,
  1 AS `DOWN_TIME`,
  1 AS `IDLE_TIME`,
  1 AS `TOTAL_TIME`,
  1 AS `UTILIZATION_RATE`,
  1 AS `TOTAL_PROD_QTY` */;
SET character_set_client = @saved_cs_client;

--
-- Temporary table structure for view `V_INSPECT_SUMMARY`
--

DROP TABLE IF EXISTS `V_INSPECT_SUMMARY`;
/*!50001 DROP VIEW IF EXISTS `V_INSPECT_SUMMARY`*/;
SET @saved_cs_client     = @@character_set_client;
SET character_set_client = utf8mb4;
/*!50001 CREATE VIEW `V_INSPECT_SUMMARY` AS SELECT
 1 AS `PLANT_CD`,
  1 AS `INSPECT_DT`,
  1 AS `INSPECT_TYPE`,
  1 AS `ITEM_CD`,
  1 AS `ITEM_NM`,
  1 AS `INSPECT_CNT`,
  1 AS `TOTAL_INSPECT_QTY`,
  1 AS `TOTAL_PASS_QTY`,
  1 AS `TOTAL_FAIL_QTY`,
  1 AS `PASS_RATE`,
  1 AS `PASS_CNT`,
  1 AS `FAIL_CNT`,
  1 AS `COND_PASS_CNT` */;
SET character_set_client = @saved_cs_client;

--
-- Temporary table structure for view `V_LOT_TRACKING`
--

DROP TABLE IF EXISTS `V_LOT_TRACKING`;
/*!50001 DROP VIEW IF EXISTS `V_LOT_TRACKING`*/;
SET @saved_cs_client     = @@character_set_client;
SET character_set_client = utf8mb4;
/*!50001 CREATE VIEW `V_LOT_TRACKING` AS SELECT
 1 AS `LOT_NO`,
  1 AS `PLANT_CD`,
  1 AS `ITEM_CD`,
  1 AS `ITEM_NM`,
  1 AS `LOT_QTY`,
  1 AS `CURRENT_QTY`,
  1 AS `CREATE_DT`,
  1 AS `EXPIRE_DT`,
  1 AS `LOT_STATUS`,
  1 AS `VENDOR_CD`,
  1 AS `VENDOR_NM`,
  1 AS `VENDOR_LOT_NO`,
  1 AS `WO_ID`,
  1 AS `WO_NO`,
  1 AS `PARENT_LOT_NO` */;
SET character_set_client = @saved_cs_client;

--
-- Temporary table structure for view `V_MAINT_SCHEDULE_ALERT`
--

DROP TABLE IF EXISTS `V_MAINT_SCHEDULE_ALERT`;
/*!50001 DROP VIEW IF EXISTS `V_MAINT_SCHEDULE_ALERT`*/;
SET @saved_cs_client     = @@character_set_client;
SET character_set_client = utf8mb4;
/*!50001 CREATE VIEW `V_MAINT_SCHEDULE_ALERT` AS SELECT
 1 AS `MAINT_PLAN_ID`,
  1 AS `PLANT_CD`,
  1 AS `EQUIPMENT_CD`,
  1 AS `EQUIPMENT_NM`,
  1 AS `WORKCENTER_CD`,
  1 AS `WORKCENTER_NM`,
  1 AS `MAINT_PLAN_NM`,
  1 AS `MAINT_TYPE`,
  1 AS `NEXT_MAINT_DT`,
  1 AS `LAST_MAINT_DT`,
  1 AS `DAYS_UNTIL_MAINT`,
  1 AS `MAINT_ALERT_STATUS`,
  1 AS `MANAGER_ID`,
  1 AS `MANAGER_NM` */;
SET character_set_client = @saved_cs_client;

--
-- Temporary table structure for view `V_STOCK_SUMMARY`
--

DROP TABLE IF EXISTS `V_STOCK_SUMMARY`;
/*!50001 DROP VIEW IF EXISTS `V_STOCK_SUMMARY`*/;
SET @saved_cs_client     = @@character_set_client;
SET character_set_client = utf8mb4;
/*!50001 CREATE VIEW `V_STOCK_SUMMARY` AS SELECT
 1 AS `PLANT_CD`,
  1 AS `ITEM_CD`,
  1 AS `ITEM_NM`,
  1 AS `ITEM_TYPE`,
  1 AS `ITEM_GRP`,
  1 AS `UNIT`,
  1 AS `TOTAL_STOCK_QTY`,
  1 AS `TOTAL_RESERVED_QTY`,
  1 AS `TOTAL_AVAILABLE_QTY`,
  1 AS `SAFETY_STOCK_QTY`,
  1 AS `LOW_STOCK_YN`,
  1 AS `TOTAL_STOCK_AMT` */;
SET character_set_client = @saved_cs_client;

--
-- Temporary table structure for view `V_VENDOR_INSPECT_STATUS`
--

DROP TABLE IF EXISTS `V_VENDOR_INSPECT_STATUS`;
/*!50001 DROP VIEW IF EXISTS `V_VENDOR_INSPECT_STATUS`*/;
SET @saved_cs_client     = @@character_set_client;
SET character_set_client = utf8mb4;
/*!50001 CREATE VIEW `V_VENDOR_INSPECT_STATUS` AS SELECT
 1 AS `PLANT_CD`,
  1 AS `VENDOR_CD`,
  1 AS `VENDOR_NM`,
  1 AS `ITEM_CD`,
  1 AS `ITEM_NM`,
  1 AS `INSPECT_CNT`,
  1 AS `TOTAL_INSPECT_QTY`,
  1 AS `TOTAL_PASS_QTY`,
  1 AS `TOTAL_FAIL_QTY`,
  1 AS `PASS_RATE` */;
SET character_set_client = @saved_cs_client;

--
-- Temporary table structure for view `V_WAREHOUSE_STOCK`
--

DROP TABLE IF EXISTS `V_WAREHOUSE_STOCK`;
/*!50001 DROP VIEW IF EXISTS `V_WAREHOUSE_STOCK`*/;
SET @saved_cs_client     = @@character_set_client;
SET character_set_client = utf8mb4;
/*!50001 CREATE VIEW `V_WAREHOUSE_STOCK` AS SELECT
 1 AS `PLANT_CD`,
  1 AS `WAREHOUSE_CD`,
  1 AS `WAREHOUSE_NM`,
  1 AS `WAREHOUSE_TYPE`,
  1 AS `ITEM_CD`,
  1 AS `ITEM_NM`,
  1 AS `ITEM_TYPE`,
  1 AS `LOT_NO`,
  1 AS `STOCK_QTY`,
  1 AS `RESERVED_QTY`,
  1 AS `AVAILABLE_QTY`,
  1 AS `STOCK_STATUS`,
  1 AS `EXPIRE_DT`,
  1 AS `NEAR_EXPIRE_YN` */;
SET character_set_client = @saved_cs_client;

--
-- Temporary table structure for view `V_WORK_ORDER_STATUS`
--

DROP TABLE IF EXISTS `V_WORK_ORDER_STATUS`;
/*!50001 DROP VIEW IF EXISTS `V_WORK_ORDER_STATUS`*/;
SET @saved_cs_client     = @@character_set_client;
SET character_set_client = utf8mb4;
/*!50001 CREATE VIEW `V_WORK_ORDER_STATUS` AS SELECT
 1 AS `WO_ID`,
  1 AS `PLANT_CD`,
  1 AS `WO_NO`,
  1 AS `WO_DT`,
  1 AS `ITEM_CD`,
  1 AS `ITEM_NM`,
  1 AS `WO_QTY`,
  1 AS `GOOD_QTY`,
  1 AS `DEFECT_QTY`,
  1 AS `PROGRESS_RATE`,
  1 AS `WO_STATUS`,
  1 AS `WORKCENTER_CD`,
  1 AS `WORKCENTER_NM`,
  1 AS `EQUIPMENT_CD`,
  1 AS `EQUIPMENT_NM`,
  1 AS `WORKER_ID`,
  1 AS `WORKER_NM`,
  1 AS `PLAN_START_DTM`,
  1 AS `PLAN_END_DTM`,
  1 AS `ACTUAL_START_DTM`,
  1 AS `ACTUAL_END_DTM`,
  1 AS `LOT_NO`,
  1 AS `PRIORITY` */;
SET character_set_client = @saved_cs_client;

--
-- Final view structure for view `V_DAILY_PROD_SUMMARY`
--

/*!50001 DROP VIEW IF EXISTS `V_DAILY_PROD_SUMMARY`*/;
/*!50001 SET @saved_cs_client          = @@character_set_client */;
/*!50001 SET @saved_cs_results         = @@character_set_results */;
/*!50001 SET @saved_col_connection     = @@collation_connection */;
/*!50001 SET character_set_client      = utf8mb3 */;
/*!50001 SET character_set_results     = utf8mb3 */;
/*!50001 SET collation_connection      = utf8mb3_uca1400_ai_ci */;
/*!50001 CREATE ALGORITHM=UNDEFINED */
/*!50013 DEFINER=`root`@`localhost` SQL SECURITY DEFINER */
/*!50001 VIEW `V_DAILY_PROD_SUMMARY` AS select `r`.`PLANT_CD` AS `PLANT_CD`,`r`.`RESULT_DT` AS `RESULT_DT`,`r`.`ITEM_CD` AS `ITEM_CD`,`i`.`ITEM_NM` AS `ITEM_NM`,`i`.`ITEM_TYPE` AS `ITEM_TYPE`,`r`.`WORKCENTER_CD` AS `WORKCENTER_CD`,`wc`.`WORKCENTER_NM` AS `WORKCENTER_NM`,count(distinct `r`.`WO_ID`) AS `WO_CNT`,sum(`r`.`PROD_QTY`) AS `TOTAL_PROD_QTY`,sum(`r`.`GOOD_QTY`) AS `TOTAL_GOOD_QTY`,sum(`r`.`DEFECT_QTY`) AS `TOTAL_DEFECT_QTY`,round(sum(`r`.`GOOD_QTY`) / nullif(sum(`r`.`PROD_QTY`),0) * 100,2) AS `YIELD_RATE`,sum(`r`.`WORK_TIME`) AS `TOTAL_WORK_TIME` from ((`PRD_WORK_RESULT` `r` join `MST_ITEM` `i` on(`r`.`ITEM_CD` = `i`.`ITEM_CD`)) left join `MST_WORKCENTER` `wc` on(`r`.`WORKCENTER_CD` = `wc`.`WORKCENTER_CD`)) group by `r`.`PLANT_CD`,`r`.`RESULT_DT`,`r`.`ITEM_CD`,`i`.`ITEM_NM`,`i`.`ITEM_TYPE`,`r`.`WORKCENTER_CD`,`wc`.`WORKCENTER_NM` */;
/*!50001 SET character_set_client      = @saved_cs_client */;
/*!50001 SET character_set_results     = @saved_cs_results */;
/*!50001 SET collation_connection      = @saved_col_connection */;

--
-- Final view structure for view `V_DEFECT_ANALYSIS`
--

/*!50001 DROP VIEW IF EXISTS `V_DEFECT_ANALYSIS`*/;
/*!50001 SET @saved_cs_client          = @@character_set_client */;
/*!50001 SET @saved_cs_results         = @@character_set_results */;
/*!50001 SET @saved_col_connection     = @@collation_connection */;
/*!50001 SET character_set_client      = utf8mb3 */;
/*!50001 SET character_set_results     = utf8mb3 */;
/*!50001 SET collation_connection      = utf8mb3_uca1400_ai_ci */;
/*!50001 CREATE ALGORITHM=UNDEFINED */
/*!50013 DEFINER=`root`@`localhost` SQL SECURITY DEFINER */
/*!50001 VIEW `V_DEFECT_ANALYSIS` AS select `d`.`PLANT_CD` AS `PLANT_CD`,`d`.`DEFECT_DT` AS `DEFECT_DT`,`d`.`ITEM_CD` AS `ITEM_CD`,`i`.`ITEM_NM` AS `ITEM_NM`,`d`.`DEFECT_CD` AS `DEFECT_CD`,`dc`.`DEFECT_NM` AS `DEFECT_NM`,`d`.`DEFECT_TYPE` AS `DEFECT_TYPE`,`d`.`PROCESS_CD` AS `PROCESS_CD`,`d`.`EQUIPMENT_CD` AS `EQUIPMENT_CD`,`eq`.`EQUIPMENT_NM` AS `EQUIPMENT_NM`,sum(`d`.`DEFECT_QTY`) AS `TOTAL_DEFECT_QTY`,count(0) AS `DEFECT_CNT` from (((`PRD_DEFECT_HIS` `d` join `MST_ITEM` `i` on(`d`.`ITEM_CD` = `i`.`ITEM_CD`)) left join `QC_DEFECT_CODE` `dc` on(`d`.`DEFECT_CD` = `dc`.`DEFECT_CD`)) left join `MST_EQUIPMENT` `eq` on(`d`.`EQUIPMENT_CD` = `eq`.`EQUIPMENT_CD`)) group by `d`.`PLANT_CD`,`d`.`DEFECT_DT`,`d`.`ITEM_CD`,`i`.`ITEM_NM`,`d`.`DEFECT_CD`,`dc`.`DEFECT_NM`,`d`.`DEFECT_TYPE`,`d`.`PROCESS_CD`,`d`.`EQUIPMENT_CD`,`eq`.`EQUIPMENT_NM` */;
/*!50001 SET character_set_client      = @saved_cs_client */;
/*!50001 SET character_set_results     = @saved_cs_results */;
/*!50001 SET collation_connection      = @saved_col_connection */;

--
-- Final view structure for view `V_DOWNTIME_ANALYSIS`
--

/*!50001 DROP VIEW IF EXISTS `V_DOWNTIME_ANALYSIS`*/;
/*!50001 SET @saved_cs_client          = @@character_set_client */;
/*!50001 SET @saved_cs_results         = @@character_set_results */;
/*!50001 SET @saved_col_connection     = @@collation_connection */;
/*!50001 SET character_set_client      = utf8mb3 */;
/*!50001 SET character_set_results     = utf8mb3 */;
/*!50001 SET collation_connection      = utf8mb3_uca1400_ai_ci */;
/*!50001 CREATE ALGORITHM=UNDEFINED */
/*!50013 DEFINER=`root`@`localhost` SQL SECURITY DEFINER */
/*!50001 VIEW `V_DOWNTIME_ANALYSIS` AS select `d`.`PLANT_CD` AS `PLANT_CD`,`d`.`EQUIPMENT_CD` AS `EQUIPMENT_CD`,`e`.`EQUIPMENT_NM` AS `EQUIPMENT_NM`,`d`.`DOWNTIME_DT` AS `DOWNTIME_DT`,`d`.`DOWNTIME_TYPE` AS `DOWNTIME_TYPE`,`d`.`DOWNTIME_CD` AS `DOWNTIME_CD`,`dc`.`DOWNTIME_NM` AS `DOWNTIME_NM`,sum(`d`.`DOWNTIME_MIN`) AS `TOTAL_DOWNTIME_MIN`,count(0) AS `DOWNTIME_CNT`,`dc`.`PLANNED_YN` AS `PLANNED_YN` from ((`EQP_DOWNTIME` `d` join `MST_EQUIPMENT` `e` on(`d`.`EQUIPMENT_CD` = `e`.`EQUIPMENT_CD`)) join `EQP_DOWNTIME_CODE` `dc` on(`d`.`DOWNTIME_CD` = `dc`.`DOWNTIME_CD`)) group by `d`.`PLANT_CD`,`d`.`EQUIPMENT_CD`,`e`.`EQUIPMENT_NM`,`d`.`DOWNTIME_DT`,`d`.`DOWNTIME_TYPE`,`d`.`DOWNTIME_CD`,`dc`.`DOWNTIME_NM`,`dc`.`PLANNED_YN` */;
/*!50001 SET character_set_client      = @saved_cs_client */;
/*!50001 SET character_set_results     = @saved_cs_results */;
/*!50001 SET collation_connection      = @saved_col_connection */;

--
-- Final view structure for view `V_EQUIPMENT_UTILIZATION`
--

/*!50001 DROP VIEW IF EXISTS `V_EQUIPMENT_UTILIZATION`*/;
/*!50001 SET @saved_cs_client          = @@character_set_client */;
/*!50001 SET @saved_cs_results         = @@character_set_results */;
/*!50001 SET @saved_col_connection     = @@collation_connection */;
/*!50001 SET character_set_client      = utf8mb3 */;
/*!50001 SET character_set_results     = utf8mb3 */;
/*!50001 SET collation_connection      = utf8mb3_uca1400_ai_ci */;
/*!50001 CREATE ALGORITHM=UNDEFINED */
/*!50013 DEFINER=`root`@`localhost` SQL SECURITY DEFINER */
/*!50001 VIEW `V_EQUIPMENT_UTILIZATION` AS select `o`.`PLANT_CD` AS `PLANT_CD`,`o`.`EQUIPMENT_CD` AS `EQUIPMENT_CD`,`e`.`EQUIPMENT_NM` AS `EQUIPMENT_NM`,`e`.`EQUIPMENT_TYPE` AS `EQUIPMENT_TYPE`,`o`.`OPER_DT` AS `OPER_DT`,`o`.`SHIFT` AS `SHIFT`,sum(case when `o`.`OPER_STATUS` = '가동' then `o`.`OPER_TIME` else 0 end) AS `RUN_TIME`,sum(case when `o`.`OPER_STATUS` = '비가동' then `o`.`OPER_TIME` else 0 end) AS `DOWN_TIME`,sum(case when `o`.`OPER_STATUS` = '대기' then `o`.`OPER_TIME` else 0 end) AS `IDLE_TIME`,sum(`o`.`OPER_TIME`) AS `TOTAL_TIME`,round(sum(case when `o`.`OPER_STATUS` = '가동' then `o`.`OPER_TIME` else 0 end) / nullif(sum(`o`.`OPER_TIME`),0) * 100,2) AS `UTILIZATION_RATE`,sum(`o`.`PROD_QTY`) AS `TOTAL_PROD_QTY` from (`EQP_OPER_STATUS` `o` join `MST_EQUIPMENT` `e` on(`o`.`EQUIPMENT_CD` = `e`.`EQUIPMENT_CD`)) group by `o`.`PLANT_CD`,`o`.`EQUIPMENT_CD`,`e`.`EQUIPMENT_NM`,`e`.`EQUIPMENT_TYPE`,`o`.`OPER_DT`,`o`.`SHIFT` */;
/*!50001 SET character_set_client      = @saved_cs_client */;
/*!50001 SET character_set_results     = @saved_cs_results */;
/*!50001 SET collation_connection      = @saved_col_connection */;

--
-- Final view structure for view `V_INSPECT_SUMMARY`
--

/*!50001 DROP VIEW IF EXISTS `V_INSPECT_SUMMARY`*/;
/*!50001 SET @saved_cs_client          = @@character_set_client */;
/*!50001 SET @saved_cs_results         = @@character_set_results */;
/*!50001 SET @saved_col_connection     = @@collation_connection */;
/*!50001 SET character_set_client      = utf8mb3 */;
/*!50001 SET character_set_results     = utf8mb3 */;
/*!50001 SET collation_connection      = utf8mb3_uca1400_ai_ci */;
/*!50001 CREATE ALGORITHM=UNDEFINED */
/*!50013 DEFINER=`root`@`localhost` SQL SECURITY DEFINER */
/*!50001 VIEW `V_INSPECT_SUMMARY` AS select `ir`.`PLANT_CD` AS `PLANT_CD`,`ir`.`INSPECT_DT` AS `INSPECT_DT`,`ir`.`INSPECT_TYPE` AS `INSPECT_TYPE`,`ir`.`ITEM_CD` AS `ITEM_CD`,`i`.`ITEM_NM` AS `ITEM_NM`,count(0) AS `INSPECT_CNT`,sum(`ir`.`INSPECT_QTY`) AS `TOTAL_INSPECT_QTY`,sum(`ir`.`PASS_QTY`) AS `TOTAL_PASS_QTY`,sum(`ir`.`FAIL_QTY`) AS `TOTAL_FAIL_QTY`,round(sum(`ir`.`PASS_QTY`) / nullif(sum(`ir`.`INSPECT_QTY`),0) * 100,2) AS `PASS_RATE`,sum(case when `ir`.`JUDGE_RESULT` = '합격' then 1 else 0 end) AS `PASS_CNT`,sum(case when `ir`.`JUDGE_RESULT` = '불합격' then 1 else 0 end) AS `FAIL_CNT`,sum(case when `ir`.`JUDGE_RESULT` = '조건부합격' then 1 else 0 end) AS `COND_PASS_CNT` from (`QC_INSPECT_RESULT` `ir` join `MST_ITEM` `i` on(`ir`.`ITEM_CD` = `i`.`ITEM_CD`)) group by `ir`.`PLANT_CD`,`ir`.`INSPECT_DT`,`ir`.`INSPECT_TYPE`,`ir`.`ITEM_CD`,`i`.`ITEM_NM` */;
/*!50001 SET character_set_client      = @saved_cs_client */;
/*!50001 SET character_set_results     = @saved_cs_results */;
/*!50001 SET collation_connection      = @saved_col_connection */;

--
-- Final view structure for view `V_LOT_TRACKING`
--

/*!50001 DROP VIEW IF EXISTS `V_LOT_TRACKING`*/;
/*!50001 SET @saved_cs_client          = @@character_set_client */;
/*!50001 SET @saved_cs_results         = @@character_set_results */;
/*!50001 SET @saved_col_connection     = @@collation_connection */;
/*!50001 SET character_set_client      = utf8mb3 */;
/*!50001 SET character_set_results     = utf8mb3 */;
/*!50001 SET collation_connection      = utf8mb3_uca1400_ai_ci */;
/*!50001 CREATE ALGORITHM=UNDEFINED */
/*!50013 DEFINER=`root`@`localhost` SQL SECURITY DEFINER */
/*!50001 VIEW `V_LOT_TRACKING` AS select `l`.`LOT_NO` AS `LOT_NO`,`l`.`PLANT_CD` AS `PLANT_CD`,`l`.`ITEM_CD` AS `ITEM_CD`,`i`.`ITEM_NM` AS `ITEM_NM`,`l`.`LOT_QTY` AS `LOT_QTY`,`l`.`CURRENT_QTY` AS `CURRENT_QTY`,`l`.`CREATE_DT` AS `CREATE_DT`,`l`.`EXPIRE_DT` AS `EXPIRE_DT`,`l`.`LOT_STATUS` AS `LOT_STATUS`,`l`.`VENDOR_CD` AS `VENDOR_CD`,`v`.`VENDOR_NM` AS `VENDOR_NM`,`l`.`VENDOR_LOT_NO` AS `VENDOR_LOT_NO`,`l`.`WO_ID` AS `WO_ID`,`wo`.`WO_NO` AS `WO_NO`,`l`.`PARENT_LOT_NO` AS `PARENT_LOT_NO` from (((`INV_LOT` `l` join `MST_ITEM` `i` on(`l`.`ITEM_CD` = `i`.`ITEM_CD`)) left join `MST_VENDOR` `v` on(`l`.`VENDOR_CD` = `v`.`VENDOR_CD`)) left join `PLN_WORK_ORDER` `wo` on(`l`.`WO_ID` = `wo`.`WO_ID`)) */;
/*!50001 SET character_set_client      = @saved_cs_client */;
/*!50001 SET character_set_results     = @saved_cs_results */;
/*!50001 SET collation_connection      = @saved_col_connection */;

--
-- Final view structure for view `V_MAINT_SCHEDULE_ALERT`
--

/*!50001 DROP VIEW IF EXISTS `V_MAINT_SCHEDULE_ALERT`*/;
/*!50001 SET @saved_cs_client          = @@character_set_client */;
/*!50001 SET @saved_cs_results         = @@character_set_results */;
/*!50001 SET @saved_col_connection     = @@collation_connection */;
/*!50001 SET character_set_client      = utf8mb3 */;
/*!50001 SET character_set_results     = utf8mb3 */;
/*!50001 SET collation_connection      = utf8mb3_uca1400_ai_ci */;
/*!50001 CREATE ALGORITHM=UNDEFINED */
/*!50013 DEFINER=`root`@`localhost` SQL SECURITY DEFINER */
/*!50001 VIEW `V_MAINT_SCHEDULE_ALERT` AS select `mp`.`MAINT_PLAN_ID` AS `MAINT_PLAN_ID`,`mp`.`PLANT_CD` AS `PLANT_CD`,`mp`.`EQUIPMENT_CD` AS `EQUIPMENT_CD`,`e`.`EQUIPMENT_NM` AS `EQUIPMENT_NM`,`e`.`WORKCENTER_CD` AS `WORKCENTER_CD`,`wc`.`WORKCENTER_NM` AS `WORKCENTER_NM`,`mp`.`MAINT_PLAN_NM` AS `MAINT_PLAN_NM`,`mp`.`MAINT_TYPE` AS `MAINT_TYPE`,`mp`.`NEXT_MAINT_DT` AS `NEXT_MAINT_DT`,`mp`.`LAST_MAINT_DT` AS `LAST_MAINT_DT`,to_days(`mp`.`NEXT_MAINT_DT`) - to_days(curdate()) AS `DAYS_UNTIL_MAINT`,case when `mp`.`NEXT_MAINT_DT` <= curdate() then '지연' when `mp`.`NEXT_MAINT_DT` <= curdate() + interval `mp`.`LEAD_TIME` day then '임박' else '정상' end AS `MAINT_ALERT_STATUS`,`mp`.`MANAGER_ID` AS `MANAGER_ID`,`w`.`WORKER_NM` AS `MANAGER_NM` from (((`EQP_MAINT_PLAN` `mp` join `MST_EQUIPMENT` `e` on(`mp`.`EQUIPMENT_CD` = `e`.`EQUIPMENT_CD`)) join `MST_WORKCENTER` `wc` on(`e`.`WORKCENTER_CD` = `wc`.`WORKCENTER_CD`)) left join `MST_WORKER` `w` on(`mp`.`MANAGER_ID` = `w`.`WORKER_ID`)) where `mp`.`USE_YN` = 'Y' and `mp`.`NEXT_MAINT_DT` is not null */;
/*!50001 SET character_set_client      = @saved_cs_client */;
/*!50001 SET character_set_results     = @saved_cs_results */;
/*!50001 SET collation_connection      = @saved_col_connection */;

--
-- Final view structure for view `V_STOCK_SUMMARY`
--

/*!50001 DROP VIEW IF EXISTS `V_STOCK_SUMMARY`*/;
/*!50001 SET @saved_cs_client          = @@character_set_client */;
/*!50001 SET @saved_cs_results         = @@character_set_results */;
/*!50001 SET @saved_col_connection     = @@collation_connection */;
/*!50001 SET character_set_client      = utf8mb3 */;
/*!50001 SET character_set_results     = utf8mb3 */;
/*!50001 SET collation_connection      = utf8mb3_uca1400_ai_ci */;
/*!50001 CREATE ALGORITHM=UNDEFINED */
/*!50013 DEFINER=`root`@`localhost` SQL SECURITY DEFINER */
/*!50001 VIEW `V_STOCK_SUMMARY` AS select `s`.`PLANT_CD` AS `PLANT_CD`,`s`.`ITEM_CD` AS `ITEM_CD`,`i`.`ITEM_NM` AS `ITEM_NM`,`i`.`ITEM_TYPE` AS `ITEM_TYPE`,`i`.`ITEM_GRP` AS `ITEM_GRP`,`i`.`UNIT` AS `UNIT`,sum(`s`.`STOCK_QTY`) AS `TOTAL_STOCK_QTY`,sum(`s`.`RESERVED_QTY`) AS `TOTAL_RESERVED_QTY`,sum(`s`.`AVAILABLE_QTY`) AS `TOTAL_AVAILABLE_QTY`,`i`.`SAFETY_STOCK_QTY` AS `SAFETY_STOCK_QTY`,case when sum(`s`.`AVAILABLE_QTY`) < coalesce(`i`.`SAFETY_STOCK_QTY`,0) then 'Y' else 'N' end AS `LOW_STOCK_YN`,sum(`s`.`STOCK_AMT`) AS `TOTAL_STOCK_AMT` from (`INV_STOCK` `s` join `MST_ITEM` `i` on(`s`.`ITEM_CD` = `i`.`ITEM_CD`)) where `s`.`STOCK_STATUS` = '정상' group by `s`.`PLANT_CD`,`s`.`ITEM_CD`,`i`.`ITEM_NM`,`i`.`ITEM_TYPE`,`i`.`ITEM_GRP`,`i`.`UNIT`,`i`.`SAFETY_STOCK_QTY` */;
/*!50001 SET character_set_client      = @saved_cs_client */;
/*!50001 SET character_set_results     = @saved_cs_results */;
/*!50001 SET collation_connection      = @saved_col_connection */;

--
-- Final view structure for view `V_VENDOR_INSPECT_STATUS`
--

/*!50001 DROP VIEW IF EXISTS `V_VENDOR_INSPECT_STATUS`*/;
/*!50001 SET @saved_cs_client          = @@character_set_client */;
/*!50001 SET @saved_cs_results         = @@character_set_results */;
/*!50001 SET @saved_col_connection     = @@collation_connection */;
/*!50001 SET character_set_client      = utf8mb3 */;
/*!50001 SET character_set_results     = utf8mb3 */;
/*!50001 SET collation_connection      = utf8mb3_uca1400_ai_ci */;
/*!50001 CREATE ALGORITHM=UNDEFINED */
/*!50013 DEFINER=`root`@`localhost` SQL SECURITY DEFINER */
/*!50001 VIEW `V_VENDOR_INSPECT_STATUS` AS select `ir`.`PLANT_CD` AS `PLANT_CD`,`ir`.`VENDOR_CD` AS `VENDOR_CD`,`v`.`VENDOR_NM` AS `VENDOR_NM`,`ir`.`ITEM_CD` AS `ITEM_CD`,`i`.`ITEM_NM` AS `ITEM_NM`,count(0) AS `INSPECT_CNT`,sum(`ir`.`INSPECT_QTY`) AS `TOTAL_INSPECT_QTY`,sum(`ir`.`PASS_QTY`) AS `TOTAL_PASS_QTY`,sum(`ir`.`FAIL_QTY`) AS `TOTAL_FAIL_QTY`,round(sum(`ir`.`PASS_QTY`) / nullif(sum(`ir`.`INSPECT_QTY`),0) * 100,2) AS `PASS_RATE` from ((`QC_INSPECT_RESULT` `ir` join `MST_ITEM` `i` on(`ir`.`ITEM_CD` = `i`.`ITEM_CD`)) join `MST_VENDOR` `v` on(`ir`.`VENDOR_CD` = `v`.`VENDOR_CD`)) where `ir`.`INSPECT_TYPE` = '수입검사' group by `ir`.`PLANT_CD`,`ir`.`VENDOR_CD`,`v`.`VENDOR_NM`,`ir`.`ITEM_CD`,`i`.`ITEM_NM` */;
/*!50001 SET character_set_client      = @saved_cs_client */;
/*!50001 SET character_set_results     = @saved_cs_results */;
/*!50001 SET collation_connection      = @saved_col_connection */;

--
-- Final view structure for view `V_WAREHOUSE_STOCK`
--

/*!50001 DROP VIEW IF EXISTS `V_WAREHOUSE_STOCK`*/;
/*!50001 SET @saved_cs_client          = @@character_set_client */;
/*!50001 SET @saved_cs_results         = @@character_set_results */;
/*!50001 SET @saved_col_connection     = @@collation_connection */;
/*!50001 SET character_set_client      = utf8mb3 */;
/*!50001 SET character_set_results     = utf8mb3 */;
/*!50001 SET collation_connection      = utf8mb3_uca1400_ai_ci */;
/*!50001 CREATE ALGORITHM=UNDEFINED */
/*!50013 DEFINER=`root`@`localhost` SQL SECURITY DEFINER */
/*!50001 VIEW `V_WAREHOUSE_STOCK` AS select `s`.`PLANT_CD` AS `PLANT_CD`,`s`.`WAREHOUSE_CD` AS `WAREHOUSE_CD`,`wh`.`WAREHOUSE_NM` AS `WAREHOUSE_NM`,`wh`.`WAREHOUSE_TYPE` AS `WAREHOUSE_TYPE`,`s`.`ITEM_CD` AS `ITEM_CD`,`i`.`ITEM_NM` AS `ITEM_NM`,`i`.`ITEM_TYPE` AS `ITEM_TYPE`,`s`.`LOT_NO` AS `LOT_NO`,`s`.`STOCK_QTY` AS `STOCK_QTY`,`s`.`RESERVED_QTY` AS `RESERVED_QTY`,`s`.`AVAILABLE_QTY` AS `AVAILABLE_QTY`,`s`.`STOCK_STATUS` AS `STOCK_STATUS`,`s`.`EXPIRE_DT` AS `EXPIRE_DT`,case when `s`.`EXPIRE_DT` is not null and `s`.`EXPIRE_DT` <= curdate() + interval 30 day then 'Y' else 'N' end AS `NEAR_EXPIRE_YN` from ((`INV_STOCK` `s` join `MST_ITEM` `i` on(`s`.`ITEM_CD` = `i`.`ITEM_CD`)) join `MST_WAREHOUSE` `wh` on(`s`.`WAREHOUSE_CD` = `wh`.`WAREHOUSE_CD`)) where `s`.`STOCK_QTY` > 0 */;
/*!50001 SET character_set_client      = @saved_cs_client */;
/*!50001 SET character_set_results     = @saved_cs_results */;
/*!50001 SET collation_connection      = @saved_col_connection */;

--
-- Final view structure for view `V_WORK_ORDER_STATUS`
--

/*!50001 DROP VIEW IF EXISTS `V_WORK_ORDER_STATUS`*/;
/*!50001 SET @saved_cs_client          = @@character_set_client */;
/*!50001 SET @saved_cs_results         = @@character_set_results */;
/*!50001 SET @saved_col_connection     = @@collation_connection */;
/*!50001 SET character_set_client      = utf8mb3 */;
/*!50001 SET character_set_results     = utf8mb3 */;
/*!50001 SET collation_connection      = utf8mb3_uca1400_ai_ci */;
/*!50001 CREATE ALGORITHM=UNDEFINED */
/*!50013 DEFINER=`root`@`localhost` SQL SECURITY DEFINER */
/*!50001 VIEW `V_WORK_ORDER_STATUS` AS select `wo`.`WO_ID` AS `WO_ID`,`wo`.`PLANT_CD` AS `PLANT_CD`,`wo`.`WO_NO` AS `WO_NO`,`wo`.`WO_DT` AS `WO_DT`,`wo`.`ITEM_CD` AS `ITEM_CD`,`i`.`ITEM_NM` AS `ITEM_NM`,`wo`.`WO_QTY` AS `WO_QTY`,`wo`.`GOOD_QTY` AS `GOOD_QTY`,`wo`.`DEFECT_QTY` AS `DEFECT_QTY`,round(`wo`.`GOOD_QTY` / nullif(`wo`.`WO_QTY`,0) * 100,2) AS `PROGRESS_RATE`,`wo`.`WO_STATUS` AS `WO_STATUS`,`wo`.`WORKCENTER_CD` AS `WORKCENTER_CD`,`wc`.`WORKCENTER_NM` AS `WORKCENTER_NM`,`wo`.`EQUIPMENT_CD` AS `EQUIPMENT_CD`,`eq`.`EQUIPMENT_NM` AS `EQUIPMENT_NM`,`wo`.`WORKER_ID` AS `WORKER_ID`,`w`.`WORKER_NM` AS `WORKER_NM`,`wo`.`PLAN_START_DTM` AS `PLAN_START_DTM`,`wo`.`PLAN_END_DTM` AS `PLAN_END_DTM`,`wo`.`ACTUAL_START_DTM` AS `ACTUAL_START_DTM`,`wo`.`ACTUAL_END_DTM` AS `ACTUAL_END_DTM`,`wo`.`LOT_NO` AS `LOT_NO`,`wo`.`PRIORITY` AS `PRIORITY` from ((((`PLN_WORK_ORDER` `wo` join `MST_ITEM` `i` on(`wo`.`ITEM_CD` = `i`.`ITEM_CD`)) left join `MST_WORKCENTER` `wc` on(`wo`.`WORKCENTER_CD` = `wc`.`WORKCENTER_CD`)) left join `MST_EQUIPMENT` `eq` on(`wo`.`EQUIPMENT_CD` = `eq`.`EQUIPMENT_CD`)) left join `MST_WORKER` `w` on(`wo`.`WORKER_ID` = `w`.`WORKER_ID`)) */;
/*!50001 SET character_set_client      = @saved_cs_client */;
/*!50001 SET character_set_results     = @saved_cs_results */;
/*!50001 SET collation_connection      = @saved_col_connection */;
/*!40103 SET TIME_ZONE=@OLD_TIME_ZONE */;

/*!40101 SET SQL_MODE=@OLD_SQL_MODE */;
/*!40014 SET FOREIGN_KEY_CHECKS=@OLD_FOREIGN_KEY_CHECKS */;
/*!40014 SET UNIQUE_CHECKS=@OLD_UNIQUE_CHECKS */;
/*!40101 SET CHARACTER_SET_CLIENT=@OLD_CHARACTER_SET_CLIENT */;
/*!40101 SET CHARACTER_SET_RESULTS=@OLD_CHARACTER_SET_RESULTS */;
/*!40101 SET COLLATION_CONNECTION=@OLD_COLLATION_CONNECTION */;
/*M!100616 SET NOTE_VERBOSITY=@OLD_NOTE_VERBOSITY */;

-- Dump completed on 2026-01-22  8:11:04
