-- MySQL dump 10.13  Distrib 8.0.19, for Win64 (x86_64)
--
-- Host: mysql-hd-mes.j.aivencloud.com    Database: MES_DB
-- ------------------------------------------------------
-- Server version	8.0.45

/*!40101 SET @OLD_CHARACTER_SET_CLIENT=@@CHARACTER_SET_CLIENT */;
/*!40101 SET @OLD_CHARACTER_SET_RESULTS=@@CHARACTER_SET_RESULTS */;
/*!40101 SET @OLD_COLLATION_CONNECTION=@@COLLATION_CONNECTION */;
/*!50503 SET NAMES utf8mb4 */;
/*!40103 SET @OLD_TIME_ZONE=@@TIME_ZONE */;
/*!40103 SET TIME_ZONE='+00:00' */;
/*!40014 SET @OLD_UNIQUE_CHECKS=@@UNIQUE_CHECKS, UNIQUE_CHECKS=0 */;
/*!40014 SET @OLD_FOREIGN_KEY_CHECKS=@@FOREIGN_KEY_CHECKS, FOREIGN_KEY_CHECKS=0 */;
/*!40101 SET @OLD_SQL_MODE=@@SQL_MODE, SQL_MODE='NO_AUTO_VALUE_ON_ZERO' */;
/*!40111 SET @OLD_SQL_NOTES=@@SQL_NOTES, SQL_NOTES=0 */;
SET @MYSQLDUMP_TEMP_LOG_BIN = @@SESSION.SQL_LOG_BIN;
SET @@SESSION.SQL_LOG_BIN= 0;

--
-- GTID state at the beginning of the backup 
--

SET @@GLOBAL.GTID_PURGED=/*!80000 '+'*/ '365397c7-2c99-11f1-8178-c2e06643005e:1-317,
3962603a-2e29-11f1-852e-be7c5369a986:1-108,
3a4732f1-5326-11f1-a4eb-f63f900eb776:1-50,
d9d626c6-2983-11f1-b939-169820b9b4f0:1-34';

--
-- Table structure for table `COM_CODE`
--

DROP TABLE IF EXISTS `COM_CODE`;
/*!40101 SET @saved_cs_client     = @@character_set_client */;
/*!50503 SET character_set_client = utf8mb4 */;
CREATE TABLE `COM_CODE` (
  `GRP_CD` varchar(20) COLLATE utf8mb4_general_ci NOT NULL COMMENT '그룹코드',
  `COM_CD` varchar(20) COLLATE utf8mb4_general_ci NOT NULL COMMENT '공통코드',
  `COM_NM` varchar(100) COLLATE utf8mb4_general_ci NOT NULL COMMENT '코드명',
  `COM_DESC` varchar(500) COLLATE utf8mb4_general_ci DEFAULT NULL COMMENT '코드설명',
  `SORT_SEQ` int NOT NULL DEFAULT '0' COMMENT '정렬순서',
  `ATTR1` varchar(100) COLLATE utf8mb4_general_ci DEFAULT NULL COMMENT '속성1',
  `ATTR2` varchar(100) COLLATE utf8mb4_general_ci DEFAULT NULL COMMENT '속성2',
  `ATTR3` varchar(100) COLLATE utf8mb4_general_ci DEFAULT NULL COMMENT '속성3',
  `USE_YN` char(1) COLLATE utf8mb4_general_ci NOT NULL DEFAULT 'Y' COMMENT '사용여부',
  `REG_USER_ID` varchar(50) COLLATE utf8mb4_general_ci NOT NULL COMMENT '등록자ID',
  `REG_DTM` datetime NOT NULL DEFAULT CURRENT_TIMESTAMP COMMENT '등록일시',
  `UPD_USER_ID` varchar(50) COLLATE utf8mb4_general_ci DEFAULT NULL COMMENT '수정자ID',
  `UPD_DTM` datetime DEFAULT NULL ON UPDATE CURRENT_TIMESTAMP COMMENT '수정일시',
  PRIMARY KEY (`GRP_CD`,`COM_CD`),
  CONSTRAINT `FK_COM_CODE_GRP` FOREIGN KEY (`GRP_CD`) REFERENCES `COM_CODE_GRP` (`GRP_CD`)
) ENGINE=InnoDB DEFAULT CHARSET=utf8mb4 COLLATE=utf8mb4_general_ci COMMENT='공통코드';
/*!40101 SET character_set_client = @saved_cs_client */;

--
-- Dumping data for table `COM_CODE`
--

LOCK TABLES `COM_CODE` WRITE;
/*!40000 ALTER TABLE `COM_CODE` DISABLE KEYS */;
INSERT INTO `COM_CODE` VALUES ('CYCLE_TYPE','DAY','일',NULL,1,NULL,NULL,NULL,'Y','SYSTEM','2026-03-31 00:50:52',NULL,NULL),('CYCLE_TYPE','HOUR','시간',NULL,6,NULL,NULL,NULL,'Y','SYSTEM','2026-03-31 00:50:52',NULL,NULL),('CYCLE_TYPE','MONTH','월',NULL,3,NULL,NULL,NULL,'Y','SYSTEM','2026-03-31 00:50:52',NULL,NULL),('CYCLE_TYPE','QUARTER','분기',NULL,4,NULL,NULL,NULL,'Y','SYSTEM','2026-03-31 00:50:52',NULL,NULL),('CYCLE_TYPE','WEEK','주',NULL,2,NULL,NULL,NULL,'Y','SYSTEM','2026-03-31 00:50:52',NULL,NULL),('CYCLE_TYPE','YEAR','년',NULL,5,NULL,NULL,NULL,'Y','SYSTEM','2026-03-31 00:50:52',NULL,NULL),('DATA_TYPE','NUMBER','숫자',NULL,1,NULL,NULL,NULL,'Y','SYSTEM','2026-03-31 00:50:53',NULL,NULL),('DATA_TYPE','SELECT','선택',NULL,4,NULL,NULL,NULL,'Y','SYSTEM','2026-03-31 00:50:53',NULL,NULL),('DATA_TYPE','TEXT','텍스트',NULL,2,NULL,NULL,NULL,'Y','SYSTEM','2026-03-31 00:50:53',NULL,NULL),('DATA_TYPE','YN','예/아니오',NULL,3,NULL,NULL,NULL,'Y','SYSTEM','2026-03-31 00:50:53',NULL,NULL),('DEFECT_TYPE','APPEARANCE','외관불량',NULL,2,NULL,NULL,NULL,'Y','SYSTEM','2026-03-31 00:50:46',NULL,NULL),('DEFECT_TYPE','DIMENSION','치수불량',NULL,1,NULL,NULL,NULL,'Y','SYSTEM','2026-03-31 00:50:46',NULL,NULL),('DEFECT_TYPE','FUNCTION','기능불량',NULL,3,NULL,NULL,NULL,'Y','SYSTEM','2026-03-31 00:50:46',NULL,NULL),('DEFECT_TYPE','MATERIAL','자재불량',NULL,4,NULL,NULL,NULL,'Y','SYSTEM','2026-03-31 00:50:46',NULL,NULL),('DEFECT_TYPE','OTHER','기타불량',NULL,5,NULL,NULL,NULL,'Y','SYSTEM','2026-03-31 00:50:46',NULL,NULL),('DISPOSITION','REINSPECT','재검사',NULL,3,NULL,NULL,NULL,'Y','SYSTEM','2026-03-31 00:50:45',NULL,NULL),('DISPOSITION','RETURN','반품',NULL,5,NULL,NULL,NULL,'Y','SYSTEM','2026-03-31 00:50:45',NULL,NULL),('DISPOSITION','REWORK','재작업',NULL,2,NULL,NULL,NULL,'Y','SYSTEM','2026-03-31 00:50:45',NULL,NULL),('DISPOSITION','SCRAP','폐기',NULL,1,NULL,NULL,NULL,'Y','SYSTEM','2026-03-31 00:50:45',NULL,NULL),('DISPOSITION','SPECIAL','특채',NULL,4,NULL,NULL,NULL,'Y','SYSTEM','2026-03-31 00:50:45',NULL,NULL),('DOWNTIME_TYPE','BREAKDOWN','고장',NULL,1,NULL,NULL,NULL,'Y','SYSTEM','2026-03-31 00:50:43',NULL,NULL),('DOWNTIME_TYPE','MAINT','정비',NULL,2,NULL,NULL,NULL,'Y','SYSTEM','2026-03-31 00:50:43',NULL,NULL),('DOWNTIME_TYPE','MATERIAL','자재대기',NULL,4,NULL,NULL,NULL,'Y','SYSTEM','2026-03-31 00:50:43',NULL,NULL),('DOWNTIME_TYPE','OTHER','기타',NULL,6,NULL,NULL,NULL,'Y','SYSTEM','2026-03-31 00:50:43',NULL,NULL),('DOWNTIME_TYPE','QUALITY','품질문제',NULL,5,NULL,NULL,NULL,'Y','SYSTEM','2026-03-31 00:50:43',NULL,NULL),('DOWNTIME_TYPE','SETUP','작업준비',NULL,3,NULL,NULL,NULL,'Y','SYSTEM','2026-03-31 00:50:43',NULL,NULL),('EQP_STATUS','IDLE','대기',NULL,4,NULL,NULL,NULL,'Y','SYSTEM','2026-03-31 00:50:52',NULL,NULL),('EQP_STATUS','MAINT','정비중',NULL,3,NULL,NULL,NULL,'Y','SYSTEM','2026-03-31 00:50:52',NULL,NULL),('EQP_STATUS','RUN','가동',NULL,1,NULL,NULL,NULL,'Y','SYSTEM','2026-03-31 00:50:52',NULL,NULL),('EQP_STATUS','STOP','비가동',NULL,2,NULL,NULL,NULL,'Y','SYSTEM','2026-03-31 00:50:52',NULL,NULL),('INSPECT_TYPE','FQC','최종검사',NULL,3,NULL,NULL,NULL,'Y','SYSTEM','2026-03-31 00:50:38',NULL,NULL),('INSPECT_TYPE','IQC','수입검사',NULL,1,NULL,NULL,NULL,'Y','SYSTEM','2026-03-31 00:50:38',NULL,NULL),('INSPECT_TYPE','OQC','출하검사',NULL,4,NULL,NULL,NULL,'Y','SYSTEM','2026-03-31 00:50:38',NULL,NULL),('INSPECT_TYPE','PQC','공정검사',NULL,2,NULL,NULL,NULL,'Y','SYSTEM','2026-03-31 00:50:38',NULL,NULL),('ITEM_TYPE','CONSUMABLE','소모품',NULL,5,NULL,NULL,NULL,'Y','SYSTEM','2026-03-31 00:50:35',NULL,NULL),('ITEM_TYPE','HALF','반제품',NULL,2,NULL,NULL,NULL,'Y','SYSTEM','2026-03-31 00:50:35',NULL,NULL),('ITEM_TYPE','PART','부품',NULL,4,NULL,NULL,NULL,'Y','SYSTEM','2026-03-31 00:50:35',NULL,NULL),('ITEM_TYPE','PRODUCT','완제품',NULL,3,NULL,NULL,NULL,'Y','SYSTEM','2026-03-31 00:50:35',NULL,NULL),('ITEM_TYPE','RAW','원자재',NULL,1,NULL,NULL,NULL,'Y','SYSTEM','2026-03-31 00:50:35',NULL,NULL),('JUDGE_RESULT','COND_PASS','조건부합격',NULL,4,NULL,NULL,NULL,'Y','SYSTEM','2026-03-31 00:50:39',NULL,NULL),('JUDGE_RESULT','FAIL','불합격',NULL,3,NULL,NULL,NULL,'Y','SYSTEM','2026-03-31 00:50:39',NULL,NULL),('JUDGE_RESULT','PASS','합격',NULL,2,NULL,NULL,NULL,'Y','SYSTEM','2026-03-31 00:50:39',NULL,NULL),('JUDGE_RESULT','WAIT','대기',NULL,1,NULL,NULL,NULL,'Y','SYSTEM','2026-03-31 00:50:39',NULL,NULL),('LOT_STATUS','HOLD','보류',NULL,2,NULL,NULL,NULL,'Y','SYSTEM','2026-03-31 00:50:42',NULL,NULL),('LOT_STATUS','NORMAL','정상',NULL,1,NULL,NULL,NULL,'Y','SYSTEM','2026-03-31 00:50:42',NULL,NULL),('LOT_STATUS','SCRAP','폐기',NULL,3,NULL,NULL,NULL,'Y','SYSTEM','2026-03-31 00:50:42',NULL,NULL),('MAINT_RESULT','COMPLETE','완료',NULL,2,NULL,NULL,NULL,'Y','SYSTEM','2026-03-31 00:50:45',NULL,NULL),('MAINT_RESULT','HOLD','보류',NULL,3,NULL,NULL,NULL,'Y','SYSTEM','2026-03-31 00:50:45',NULL,NULL),('MAINT_RESULT','PROGRESS','진행중',NULL,1,NULL,NULL,NULL,'Y','SYSTEM','2026-03-31 00:50:45',NULL,NULL),('MAINT_TYPE','BM','개량정비',NULL,3,NULL,NULL,NULL,'Y','SYSTEM','2026-03-31 00:50:44',NULL,NULL),('MAINT_TYPE','CM','사후정비',NULL,2,NULL,NULL,NULL,'Y','SYSTEM','2026-03-31 00:50:44',NULL,NULL),('MAINT_TYPE','DM','일상점검',NULL,4,NULL,NULL,NULL,'Y','SYSTEM','2026-03-31 00:50:44',NULL,NULL),('MAINT_TYPE','PM','예방정비',NULL,1,NULL,NULL,NULL,'Y','SYSTEM','2026-03-31 00:50:44',NULL,NULL),('MCS_IB_ITEM_STATUS','INSPECTED','검수완료',NULL,2,NULL,NULL,NULL,'Y','SYSTEM','2026-04-10 00:08:43',NULL,NULL),('MCS_IB_ITEM_STATUS','PENDING','대기',NULL,1,NULL,NULL,NULL,'Y','SYSTEM','2026-04-10 00:08:43',NULL,NULL),('MCS_IB_ITEM_STATUS','REJECTED','반품',NULL,4,NULL,NULL,NULL,'Y','SYSTEM','2026-04-10 00:08:43',NULL,NULL),('MCS_IB_ITEM_STATUS','STOCKED','적치완료',NULL,3,NULL,NULL,NULL,'Y','SYSTEM','2026-04-10 00:08:43',NULL,NULL),('MCS_IB_STATUS','ARRIVED','도착',NULL,2,NULL,NULL,NULL,'Y','SYSTEM','2026-04-10 00:08:43',NULL,NULL),('MCS_IB_STATUS','CANCELLED','취소',NULL,5,NULL,NULL,NULL,'Y','SYSTEM','2026-04-10 00:08:43',NULL,NULL),('MCS_IB_STATUS','COMPLETED','완료',NULL,4,NULL,NULL,NULL,'Y','SYSTEM','2026-04-10 00:08:43',NULL,NULL),('MCS_IB_STATUS','INSPECTING','검수중',NULL,3,NULL,NULL,NULL,'Y','SYSTEM','2026-04-10 00:08:43',NULL,NULL),('MCS_IB_STATUS','PLANNED','입고예정',NULL,1,NULL,NULL,NULL,'Y','SYSTEM','2026-04-10 00:08:43',NULL,NULL),('MCS_INV_TX_TYPE','ADJ_MINUS','조정감소',NULL,6,'OUT',NULL,NULL,'Y','SYSTEM','2026-04-10 00:08:43',NULL,NULL),('MCS_INV_TX_TYPE','ADJ_PLUS','조정증가',NULL,5,'IN',NULL,NULL,'Y','SYSTEM','2026-04-10 00:08:43',NULL,NULL),('MCS_INV_TX_TYPE','IB_IN','입고적치',NULL,1,'IN',NULL,NULL,'Y','SYSTEM','2026-04-10 00:08:43',NULL,NULL),('MCS_INV_TX_TYPE','OB_OUT','출고출하',NULL,2,'OUT',NULL,NULL,'Y','SYSTEM','2026-04-10 00:08:43',NULL,NULL),('MCS_INV_TX_TYPE','PRD_ISSUE','생산투입',NULL,7,'OUT',NULL,NULL,'Y','SYSTEM','2026-04-10 00:08:43',NULL,NULL),('MCS_INV_TX_TYPE','PRD_RECEIPT','생산입고',NULL,8,'IN',NULL,NULL,'Y','SYSTEM','2026-04-10 00:08:43',NULL,NULL),('MCS_INV_TX_TYPE','TF_IN','이동도착',NULL,4,'IN',NULL,NULL,'Y','SYSTEM','2026-04-10 00:08:43',NULL,NULL),('MCS_INV_TX_TYPE','TF_OUT','이동출발',NULL,3,'OUT',NULL,NULL,'Y','SYSTEM','2026-04-10 00:08:43',NULL,NULL),('MCS_LOC_STATUS','BLOCKED','사용불가',NULL,4,NULL,NULL,NULL,'Y','SYSTEM','2026-04-10 00:08:43',NULL,NULL),('MCS_LOC_STATUS','EMPTY','비어있음',NULL,1,NULL,NULL,NULL,'Y','SYSTEM','2026-04-10 00:08:43',NULL,NULL),('MCS_LOC_STATUS','FULL','가득참',NULL,3,NULL,NULL,NULL,'Y','SYSTEM','2026-04-10 00:08:43',NULL,NULL),('MCS_LOC_STATUS','PARTIAL','일부사용',NULL,2,NULL,NULL,NULL,'Y','SYSTEM','2026-04-10 00:08:43',NULL,NULL),('MCS_OB_ITEM_STATUS','ALLOCATED','할당됨',NULL,2,NULL,NULL,NULL,'Y','SYSTEM','2026-04-10 00:08:43',NULL,NULL),('MCS_OB_ITEM_STATUS','CANCELLED','취소',NULL,5,NULL,NULL,NULL,'Y','SYSTEM','2026-04-10 00:08:43',NULL,NULL),('MCS_OB_ITEM_STATUS','PENDING','대기',NULL,1,NULL,NULL,NULL,'Y','SYSTEM','2026-04-10 00:08:43',NULL,NULL),('MCS_OB_ITEM_STATUS','PICKED','피킹완료',NULL,3,NULL,NULL,NULL,'Y','SYSTEM','2026-04-10 00:08:43',NULL,NULL),('MCS_OB_ITEM_STATUS','SHIPPED','출하완료',NULL,4,NULL,NULL,NULL,'Y','SYSTEM','2026-04-10 00:08:43',NULL,NULL),('MCS_OB_STATUS','ALLOCATED','할당완료',NULL,2,NULL,NULL,NULL,'Y','SYSTEM','2026-04-10 00:08:43',NULL,NULL),('MCS_OB_STATUS','CANCELLED','취소',NULL,6,NULL,NULL,NULL,'Y','SYSTEM','2026-04-10 00:08:43',NULL,NULL),('MCS_OB_STATUS','PICKED','피킹완료',NULL,4,NULL,NULL,NULL,'Y','SYSTEM','2026-04-10 00:08:43',NULL,NULL),('MCS_OB_STATUS','PICKING','피킹중',NULL,3,NULL,NULL,NULL,'Y','SYSTEM','2026-04-10 00:08:43',NULL,NULL),('MCS_OB_STATUS','REQUESTED','출고요청',NULL,1,NULL,NULL,NULL,'Y','SYSTEM','2026-04-10 00:08:43',NULL,NULL),('MCS_OB_STATUS','SHIPPED','출하완료',NULL,5,NULL,NULL,NULL,'Y','SYSTEM','2026-04-10 00:08:43',NULL,NULL),('MCS_TF_ITEM_STATUS','CANCELLED','취소',NULL,3,NULL,NULL,NULL,'Y','SYSTEM','2026-04-10 00:08:43',NULL,NULL),('MCS_TF_ITEM_STATUS','MOVED','이동완료',NULL,2,NULL,NULL,NULL,'Y','SYSTEM','2026-04-10 00:08:43',NULL,NULL),('MCS_TF_ITEM_STATUS','PENDING','대기',NULL,1,NULL,NULL,NULL,'Y','SYSTEM','2026-04-10 00:08:43',NULL,NULL),('MCS_TF_STATUS','CANCELLED','취소',NULL,4,NULL,NULL,NULL,'Y','SYSTEM','2026-04-10 00:08:43',NULL,NULL),('MCS_TF_STATUS','COMPLETED','완료',NULL,3,NULL,NULL,NULL,'Y','SYSTEM','2026-04-10 00:08:43',NULL,NULL),('MCS_TF_STATUS','IN_PROGRESS','이동중',NULL,2,NULL,NULL,NULL,'Y','SYSTEM','2026-04-10 00:08:43',NULL,NULL),('MCS_TF_STATUS','REQUESTED','이동요청',NULL,1,NULL,NULL,NULL,'Y','SYSTEM','2026-04-10 00:08:43',NULL,NULL),('MCS_ZONE_TYPE','QC','검수구역',NULL,5,NULL,NULL,NULL,'Y','SYSTEM','2026-04-10 00:08:43',NULL,NULL),('MCS_ZONE_TYPE','RECEIVING','입고구역',NULL,2,NULL,NULL,NULL,'Y','SYSTEM','2026-04-10 00:08:43',NULL,NULL),('MCS_ZONE_TYPE','SHIPPING','출하구역',NULL,3,NULL,NULL,NULL,'Y','SYSTEM','2026-04-10 00:08:43',NULL,NULL),('MCS_ZONE_TYPE','STAGING','임시구역',NULL,4,NULL,NULL,NULL,'Y','SYSTEM','2026-04-10 00:08:43',NULL,NULL),('MCS_ZONE_TYPE','STORAGE','보관구역',NULL,1,NULL,NULL,NULL,'Y','SYSTEM','2026-04-10 00:08:43',NULL,NULL),('OPER_STATUS','DOWN','비가동',NULL,2,NULL,NULL,NULL,'Y','SYSTEM','2026-03-31 00:50:42',NULL,NULL),('OPER_STATUS','IDLE','대기',NULL,3,NULL,NULL,NULL,'Y','SYSTEM','2026-03-31 00:50:42',NULL,NULL),('OPER_STATUS','RUN','가동',NULL,1,NULL,NULL,NULL,'Y','SYSTEM','2026-03-31 00:50:42',NULL,NULL),('PLAN_STATUS','CANCEL','취소',NULL,5,NULL,NULL,NULL,'Y','SYSTEM','2026-03-31 00:50:37',NULL,NULL),('PLAN_STATUS','COMPLETE','완료',NULL,4,NULL,NULL,NULL,'Y','SYSTEM','2026-03-31 00:50:37',NULL,NULL),('PLAN_STATUS','CONFIRM','확정',NULL,2,NULL,NULL,NULL,'Y','SYSTEM','2026-03-31 00:50:37',NULL,NULL),('PLAN_STATUS','PLAN','계획',NULL,1,NULL,NULL,NULL,'Y','SYSTEM','2026-03-31 00:50:37',NULL,NULL),('PLAN_STATUS','PROGRESS','진행',NULL,3,NULL,NULL,NULL,'Y','SYSTEM','2026-03-31 00:50:37',NULL,NULL),('SHIFT','DAY','주간',NULL,1,NULL,NULL,NULL,'Y','SYSTEM','2026-03-31 00:50:47',NULL,NULL),('SHIFT','MID','중간',NULL,3,NULL,NULL,NULL,'Y','SYSTEM','2026-03-31 00:50:47',NULL,NULL),('SHIFT','NIGHT','야간',NULL,2,NULL,NULL,NULL,'Y','SYSTEM','2026-03-31 00:50:47',NULL,NULL),('SKILL_LEVEL','ADVANCED','고급',NULL,3,NULL,NULL,NULL,'Y','SYSTEM','2026-03-31 00:50:48',NULL,NULL),('SKILL_LEVEL','BEGINNER','초급',NULL,1,NULL,NULL,NULL,'Y','SYSTEM','2026-03-31 00:50:48',NULL,NULL),('SKILL_LEVEL','EXPERT','전문가',NULL,4,NULL,NULL,NULL,'Y','SYSTEM','2026-03-31 00:50:48',NULL,NULL),('SKILL_LEVEL','INTER','중급',NULL,2,NULL,NULL,NULL,'Y','SYSTEM','2026-03-31 00:50:48',NULL,NULL),('STOCK_STATUS','DEFECT','불량',NULL,3,NULL,NULL,NULL,'Y','SYSTEM','2026-03-31 00:50:41',NULL,NULL),('STOCK_STATUS','HOLD','보류',NULL,2,NULL,NULL,NULL,'Y','SYSTEM','2026-03-31 00:50:41',NULL,NULL),('STOCK_STATUS','NORMAL','정상',NULL,1,NULL,NULL,NULL,'Y','SYSTEM','2026-03-31 00:50:41',NULL,NULL),('STOCK_STATUS','SCRAP','폐기',NULL,4,NULL,NULL,NULL,'Y','SYSTEM','2026-03-31 00:50:41',NULL,NULL),('TRANS_REASON','ADJ_IN','조정입고',NULL,4,'IN',NULL,NULL,'Y','SYSTEM','2026-03-31 00:50:40',NULL,NULL),('TRANS_REASON','ADJ_OUT','조정출고',NULL,8,'OUT',NULL,NULL,'Y','SYSTEM','2026-03-31 00:50:40',NULL,NULL),('TRANS_REASON','PRD_IN','생산입고',NULL,2,'IN',NULL,NULL,'Y','SYSTEM','2026-03-31 00:50:40',NULL,NULL),('TRANS_REASON','PRD_OUT','생산출고',NULL,6,'OUT',NULL,NULL,'Y','SYSTEM','2026-03-31 00:50:40',NULL,NULL),('TRANS_REASON','PUR_IN','구매입고',NULL,1,'IN',NULL,NULL,'Y','SYSTEM','2026-03-31 00:50:40',NULL,NULL),('TRANS_REASON','RTN_IN','반품입고',NULL,3,'IN',NULL,NULL,'Y','SYSTEM','2026-03-31 00:50:40',NULL,NULL),('TRANS_REASON','SAL_OUT','판매출고',NULL,5,'OUT',NULL,NULL,'Y','SYSTEM','2026-03-31 00:50:40',NULL,NULL),('TRANS_REASON','SCRAP','폐기',NULL,7,'OUT',NULL,NULL,'Y','SYSTEM','2026-03-31 00:50:40',NULL,NULL),('TRANS_REASON','WH_MOVE','창고이동',NULL,9,'MOVE',NULL,NULL,'Y','SYSTEM','2026-03-31 00:50:40',NULL,NULL),('TRANS_TYPE','ADJ','조정',NULL,4,NULL,NULL,NULL,'Y','SYSTEM','2026-03-31 00:50:39',NULL,NULL),('TRANS_TYPE','IN','입고',NULL,1,NULL,NULL,NULL,'Y','SYSTEM','2026-03-31 00:50:39',NULL,NULL),('TRANS_TYPE','MOVE','이동',NULL,3,NULL,NULL,NULL,'Y','SYSTEM','2026-03-31 00:50:39',NULL,NULL),('TRANS_TYPE','OUT','출고',NULL,2,NULL,NULL,NULL,'Y','SYSTEM','2026-03-31 00:50:39',NULL,NULL),('UNIT','BOX','Box',NULL,9,NULL,NULL,NULL,'Y','SYSTEM','2026-03-31 00:50:51',NULL,NULL),('UNIT','EA','개',NULL,1,NULL,NULL,NULL,'Y','SYSTEM','2026-03-31 00:50:51',NULL,NULL),('UNIT','G','g',NULL,3,NULL,NULL,NULL,'Y','SYSTEM','2026-03-31 00:50:51',NULL,NULL),('UNIT','KG','Kg',NULL,2,NULL,NULL,NULL,'Y','SYSTEM','2026-03-31 00:50:51',NULL,NULL),('UNIT','L','L',NULL,4,NULL,NULL,NULL,'Y','SYSTEM','2026-03-31 00:50:51',NULL,NULL),('UNIT','M','m',NULL,6,NULL,NULL,NULL,'Y','SYSTEM','2026-03-31 00:50:51',NULL,NULL),('UNIT','ML','mL',NULL,5,NULL,NULL,NULL,'Y','SYSTEM','2026-03-31 00:50:51',NULL,NULL),('UNIT','MM','mm',NULL,7,NULL,NULL,NULL,'Y','SYSTEM','2026-03-31 00:50:51',NULL,NULL),('UNIT','ROLL','Roll',NULL,10,NULL,NULL,NULL,'Y','SYSTEM','2026-03-31 00:50:51',NULL,NULL),('UNIT','SET','Set',NULL,8,NULL,NULL,NULL,'Y','SYSTEM','2026-03-31 00:50:51',NULL,NULL),('VENDOR_TYPE','BOTH','매입/매출',NULL,3,NULL,NULL,NULL,'Y','SYSTEM','2026-03-31 00:50:49',NULL,NULL),('VENDOR_TYPE','CUSTOMER','매출처',NULL,2,NULL,NULL,NULL,'Y','SYSTEM','2026-03-31 00:50:49',NULL,NULL),('VENDOR_TYPE','SUPPLIER','매입처',NULL,1,NULL,NULL,NULL,'Y','SYSTEM','2026-03-31 00:50:49',NULL,NULL),('WH_TYPE','DEFECT','불량품창고',NULL,4,NULL,NULL,NULL,'Y','SYSTEM','2026-03-31 00:50:50',NULL,NULL),('WH_TYPE','PRODUCT','완제품창고',NULL,3,NULL,NULL,NULL,'Y','SYSTEM','2026-03-31 00:50:50',NULL,NULL),('WH_TYPE','RAW','원자재창고',NULL,1,NULL,NULL,NULL,'Y','SYSTEM','2026-03-31 00:50:50',NULL,NULL),('WH_TYPE','RETURN','반품창고',NULL,5,NULL,NULL,NULL,'Y','SYSTEM','2026-03-31 00:50:50',NULL,NULL),('WH_TYPE','WIP','재공창고',NULL,2,NULL,NULL,NULL,'Y','SYSTEM','2026-03-31 00:50:50',NULL,NULL),('WORKER_TYPE','CONTRACT','계약직',NULL,2,NULL,NULL,NULL,'Y','SYSTEM','2026-03-31 00:50:48',NULL,NULL),('WORKER_TYPE','REGULAR','정규직',NULL,1,NULL,NULL,NULL,'Y','SYSTEM','2026-03-31 00:50:48',NULL,NULL),('WORKER_TYPE','TEMP','파견직',NULL,3,NULL,NULL,NULL,'Y','SYSTEM','2026-03-31 00:50:48',NULL,NULL),('WO_STATUS','CANCEL','취소',NULL,4,NULL,NULL,NULL,'Y','SYSTEM','2026-03-31 00:50:36',NULL,NULL),('WO_STATUS','COMPLETE','완료',NULL,3,NULL,NULL,NULL,'Y','SYSTEM','2026-03-31 00:50:36',NULL,NULL),('WO_STATUS','HOLD','보류',NULL,5,NULL,NULL,NULL,'Y','SYSTEM','2026-03-31 00:50:36',NULL,NULL),('WO_STATUS','PROGRESS','진행',NULL,2,NULL,NULL,NULL,'Y','SYSTEM','2026-03-31 00:50:36',NULL,NULL),('WO_STATUS','WAIT','대기',NULL,1,NULL,NULL,NULL,'Y','SYSTEM','2026-03-31 00:50:36',NULL,NULL);
/*!40000 ALTER TABLE `COM_CODE` ENABLE KEYS */;
UNLOCK TABLES;

--
-- Table structure for table `COM_CODE_GRP`
--

DROP TABLE IF EXISTS `COM_CODE_GRP`;
/*!40101 SET @saved_cs_client     = @@character_set_client */;
/*!50503 SET character_set_client = utf8mb4 */;
CREATE TABLE `COM_CODE_GRP` (
  `GRP_CD` varchar(20) COLLATE utf8mb4_general_ci NOT NULL COMMENT '그룹코드',
  `GRP_NM` varchar(100) COLLATE utf8mb4_general_ci NOT NULL COMMENT '그룹명',
  `GRP_DESC` varchar(500) COLLATE utf8mb4_general_ci DEFAULT NULL COMMENT '그룹설명',
  `USE_YN` char(1) COLLATE utf8mb4_general_ci NOT NULL DEFAULT 'Y' COMMENT '사용여부',
  `REG_USER_ID` varchar(50) COLLATE utf8mb4_general_ci NOT NULL COMMENT '등록자ID',
  `REG_DTM` datetime NOT NULL DEFAULT CURRENT_TIMESTAMP COMMENT '등록일시',
  `UPD_USER_ID` varchar(50) COLLATE utf8mb4_general_ci DEFAULT NULL COMMENT '수정자ID',
  `UPD_DTM` datetime DEFAULT NULL ON UPDATE CURRENT_TIMESTAMP COMMENT '수정일시',
  PRIMARY KEY (`GRP_CD`)
) ENGINE=InnoDB DEFAULT CHARSET=utf8mb4 COLLATE=utf8mb4_general_ci COMMENT='공통코드그룹';
/*!40101 SET character_set_client = @saved_cs_client */;

--
-- Dumping data for table `COM_CODE_GRP`
--

LOCK TABLES `COM_CODE_GRP` WRITE;
/*!40000 ALTER TABLE `COM_CODE_GRP` DISABLE KEYS */;
INSERT INTO `COM_CODE_GRP` VALUES ('CYCLE_TYPE','주기유형','정비주기 유형을 구분하는 코드','Y','SYSTEM','2026-03-31 00:50:35',NULL,NULL),('DATA_TYPE','데이터유형','검사항목의 데이터 유형','Y','SYSTEM','2026-03-31 00:50:35',NULL,NULL),('DEFECT_TYPE','불량유형','불량의 유형을 구분하는 코드','Y','SYSTEM','2026-03-31 00:50:35',NULL,NULL),('DISPOSITION','처리방법','불량품 처리방법을 구분하는 코드','Y','SYSTEM','2026-03-31 00:50:35',NULL,NULL),('DOWNTIME_TYPE','비가동유형','설비 비가동유형을 구분하는 코드','Y','SYSTEM','2026-03-31 00:50:35',NULL,NULL),('EQP_STATUS','설비상태','설비의 상태를 구분하는 코드','Y','SYSTEM','2026-03-31 00:50:35',NULL,NULL),('INSPECT_TYPE','검사유형','품질검사의 유형을 구분하는 코드','Y','SYSTEM','2026-03-31 00:50:35',NULL,NULL),('ITEM_TYPE','품목유형','품목의 유형을 구분하는 코드','Y','SYSTEM','2026-03-31 00:50:35',NULL,NULL),('JUDGE_RESULT','판정결과','검사 판정결과를 구분하는 코드','Y','SYSTEM','2026-03-31 00:50:35',NULL,NULL),('LOT_STATUS','LOT상태','LOT의 상태를 구분하는 코드','Y','SYSTEM','2026-03-31 00:50:35',NULL,NULL),('MAINT_RESULT','정비결과','정비 결과를 구분하는 코드','Y','SYSTEM','2026-03-31 00:50:35',NULL,NULL),('MAINT_TYPE','정비유형','설비 정비유형을 구분하는 코드','Y','SYSTEM','2026-03-31 00:50:35',NULL,NULL),('MCS_IB_ITEM_STATUS','입고품목상태','MCS 입고 품목별 상태','Y','SYSTEM','2026-04-10 00:08:43',NULL,NULL),('MCS_IB_STATUS','입고상태','MCS 입고 오더 상태','Y','SYSTEM','2026-04-10 00:08:43',NULL,NULL),('MCS_INV_TX_TYPE','재고거래유형','MCS 로케이션 재고 변동 유형','Y','SYSTEM','2026-04-10 00:08:43',NULL,NULL),('MCS_LOC_STATUS','로케이션상태','MCS 로케이션 상태','Y','SYSTEM','2026-04-10 00:08:43',NULL,NULL),('MCS_OB_ITEM_STATUS','출고품목상태','MCS 출고 품목별 상태','Y','SYSTEM','2026-04-10 00:08:43',NULL,NULL),('MCS_OB_STATUS','출고상태','MCS 출고 오더 상태','Y','SYSTEM','2026-04-10 00:08:43',NULL,NULL),('MCS_TF_ITEM_STATUS','이동품목상태','MCS 이동 품목별 상태','Y','SYSTEM','2026-04-10 00:08:43',NULL,NULL),('MCS_TF_STATUS','이동상태','MCS 이동 오더 상태','Y','SYSTEM','2026-04-10 00:08:43',NULL,NULL),('MCS_ZONE_TYPE','구역유형','MCS 구역 유형','Y','SYSTEM','2026-04-10 00:08:43',NULL,NULL),('OPER_STATUS','가동상태','설비 가동상태를 구분하는 코드','Y','SYSTEM','2026-03-31 00:50:35',NULL,NULL),('PLAN_STATUS','계획상태','생산계획의 상태를 구분하는 코드','Y','SYSTEM','2026-03-31 00:50:35',NULL,NULL),('SHIFT','근무조','근무조를 구분하는 코드','Y','SYSTEM','2026-03-31 00:50:35',NULL,NULL),('SKILL_LEVEL','숙련도','작업자 숙련도를 구분하는 코드','Y','SYSTEM','2026-03-31 00:50:35',NULL,NULL),('STOCK_STATUS','재고상태','재고의 상태를 구분하는 코드','Y','SYSTEM','2026-03-31 00:50:35',NULL,NULL),('TRANS_REASON','거래사유','재고 거래사유를 구분하는 코드','Y','SYSTEM','2026-03-31 00:50:35',NULL,NULL),('TRANS_TYPE','거래유형','재고 거래유형을 구분하는 코드','Y','SYSTEM','2026-03-31 00:50:35',NULL,NULL),('UNIT','단위','수량 단위를 구분하는 코드','Y','SYSTEM','2026-03-31 00:50:35',NULL,NULL),('VENDOR_TYPE','거래처유형','거래처 유형을 구분하는 코드','Y','SYSTEM','2026-03-31 00:50:35',NULL,NULL),('WH_TYPE','창고유형','창고 유형을 구분하는 코드','Y','SYSTEM','2026-03-31 00:50:35',NULL,NULL),('WORKER_TYPE','작업자유형','작업자 고용유형을 구분하는 코드','Y','SYSTEM','2026-03-31 00:50:35',NULL,NULL),('WO_STATUS','작업상태','작업지시의 상태를 구분하는 코드','Y','SYSTEM','2026-03-31 00:50:35',NULL,NULL);
/*!40000 ALTER TABLE `COM_CODE_GRP` ENABLE KEYS */;
UNLOCK TABLES;

--
-- Table structure for table `COM_SEQ_NO`
--

DROP TABLE IF EXISTS `COM_SEQ_NO`;
/*!40101 SET @saved_cs_client     = @@character_set_client */;
/*!50503 SET character_set_client = utf8mb4 */;
CREATE TABLE `COM_SEQ_NO` (
  `SEQ_TYPE` varchar(20) COLLATE utf8mb4_general_ci NOT NULL COMMENT '채번유형',
  `PREFIX` varchar(10) COLLATE utf8mb4_general_ci NOT NULL COMMENT '접두어',
  `SEQ_DT` date NOT NULL COMMENT '채번일자',
  `CURRENT_SEQ` int NOT NULL DEFAULT '0' COMMENT '현재순번',
  `SEQ_LENGTH` int NOT NULL DEFAULT '4' COMMENT '순번자릿수',
  PRIMARY KEY (`SEQ_TYPE`,`SEQ_DT`)
) ENGINE=InnoDB DEFAULT CHARSET=utf8mb4 COLLATE=utf8mb4_general_ci COMMENT='채번관리';
/*!40101 SET character_set_client = @saved_cs_client */;

--
-- Dumping data for table `COM_SEQ_NO`
--

LOCK TABLES `COM_SEQ_NO` WRITE;
/*!40000 ALTER TABLE `COM_SEQ_NO` DISABLE KEYS */;
INSERT INTO `COM_SEQ_NO` VALUES ('PP','PP','2025-01-01',12,4),('PR','PR','2025-01-20',60,4),('PR','PR','2025-01-21',55,4),('PR','PR','2025-01-22',50,4),('QC','QC','2025-01-20',40,4),('TR','TR','2025-01-20',120,4),('WO','WO','2025-01-20',40,4),('WO','WO','2025-01-21',35,4),('WO','WO','2025-01-22',38,4);
/*!40000 ALTER TABLE `COM_SEQ_NO` ENABLE KEYS */;
UNLOCK TABLES;

--
-- Table structure for table `EQP_DOWNTIME`
--

DROP TABLE IF EXISTS `EQP_DOWNTIME`;
/*!40101 SET @saved_cs_client     = @@character_set_client */;
/*!50503 SET character_set_client = utf8mb4 */;
CREATE TABLE `EQP_DOWNTIME` (
  `DOWNTIME_ID` bigint NOT NULL AUTO_INCREMENT COMMENT '비가동ID',
  `PLANT_CD` varchar(20) COLLATE utf8mb4_general_ci NOT NULL COMMENT '공장코드',
  `EQUIPMENT_CD` varchar(20) COLLATE utf8mb4_general_ci NOT NULL COMMENT '설비코드',
  `DOWNTIME_DT` date NOT NULL COMMENT '비가동일자',
  `DOWNTIME_TYPE` varchar(20) COLLATE utf8mb4_general_ci NOT NULL COMMENT '비가동유형',
  `DOWNTIME_CD` varchar(20) COLLATE utf8mb4_general_ci NOT NULL COMMENT '비가동코드',
  `DOWNTIME_REASON` varchar(500) COLLATE utf8mb4_general_ci DEFAULT NULL COMMENT '비가동사유',
  `START_DTM` datetime NOT NULL COMMENT '시작일시',
  `END_DTM` datetime DEFAULT NULL COMMENT '종료일시',
  `DOWNTIME_MIN` decimal(10,2) DEFAULT NULL COMMENT '비가동시간(분)',
  `WO_ID` bigint DEFAULT NULL COMMENT '작업지시ID',
  `OPER_ID` bigint DEFAULT NULL COMMENT '가동ID',
  `ACTION_CONTENT` varchar(500) COLLATE utf8mb4_general_ci DEFAULT NULL COMMENT '조치내용',
  `ACTION_USER_ID` varchar(20) COLLATE utf8mb4_general_ci DEFAULT NULL COMMENT '조치자ID',
  `ACTION_DTM` datetime DEFAULT NULL COMMENT '조치일시',
  `REPORTER_ID` varchar(20) COLLATE utf8mb4_general_ci DEFAULT NULL COMMENT '보고자ID',
  `DOWNTIME_RMK` varchar(500) COLLATE utf8mb4_general_ci DEFAULT NULL COMMENT '비고',
  `REG_USER_ID` varchar(50) COLLATE utf8mb4_general_ci NOT NULL COMMENT '등록자ID',
  `REG_DTM` datetime NOT NULL DEFAULT CURRENT_TIMESTAMP COMMENT '등록일시',
  `UPD_USER_ID` varchar(50) COLLATE utf8mb4_general_ci DEFAULT NULL COMMENT '수정자ID',
  `UPD_DTM` datetime DEFAULT NULL ON UPDATE CURRENT_TIMESTAMP COMMENT '수정일시',
  PRIMARY KEY (`DOWNTIME_ID`),
  KEY `FK_EQP_DOWNTIME_WO` (`WO_ID`),
  KEY `FK_EQP_DOWNTIME_OPER` (`OPER_ID`),
  KEY `IDX_EQP_DOWNTIME_01` (`EQUIPMENT_CD`,`DOWNTIME_DT`),
  KEY `IDX_EQP_DOWNTIME_02` (`PLANT_CD`,`DOWNTIME_DT`),
  KEY `IDX_EQP_DOWNTIME_03` (`DOWNTIME_CD`),
  KEY `IDX_EQP_DOWNTIME_04` (`DOWNTIME_TYPE`),
  CONSTRAINT `FK_EQP_DOWNTIME_CD` FOREIGN KEY (`DOWNTIME_CD`) REFERENCES `EQP_DOWNTIME_CODE` (`DOWNTIME_CD`),
  CONSTRAINT `FK_EQP_DOWNTIME_EQP` FOREIGN KEY (`EQUIPMENT_CD`) REFERENCES `MST_EQUIPMENT` (`EQUIPMENT_CD`),
  CONSTRAINT `FK_EQP_DOWNTIME_OPER` FOREIGN KEY (`OPER_ID`) REFERENCES `EQP_OPER_STATUS` (`OPER_ID`),
  CONSTRAINT `FK_EQP_DOWNTIME_PLANT` FOREIGN KEY (`PLANT_CD`) REFERENCES `MST_PLANT` (`PLANT_CD`),
  CONSTRAINT `FK_EQP_DOWNTIME_WO` FOREIGN KEY (`WO_ID`) REFERENCES `PLN_WORK_ORDER` (`WO_ID`)
) ENGINE=InnoDB AUTO_INCREMENT=14 DEFAULT CHARSET=utf8mb4 COLLATE=utf8mb4_general_ci COMMENT='비가동이력';
/*!40101 SET character_set_client = @saved_cs_client */;

--
-- Dumping data for table `EQP_DOWNTIME`
--

LOCK TABLES `EQP_DOWNTIME` WRITE;
/*!40000 ALTER TABLE `EQP_DOWNTIME` DISABLE KEYS */;
INSERT INTO `EQP_DOWNTIME` VALUES (1,'P001','EQ003','2025-01-20','준비','DT003','코터다이 립 부분 슬러리 고착으로 코팅 불균일 발생','2025-01-20 12:00:00','2025-01-20 12:40:00',40.00,3,3,'코터다이 분해 세정, 슬러리 잔여물 제거 후 재조립','W018','2025-01-20 12:40:00','W002',NULL,'SYSTEM','2026-03-31 05:20:28',NULL,NULL),(2,'P001','EQ013','2025-01-20','품질','DT014','전극시트 정렬 센서 오차 발생, 적층 정밀도 저하','2025-01-20 11:00:00','2025-01-20 11:25:00',25.00,7,6,'비전센서 캘리브레이션 수행, 정렬 정밀도 ±0.1mm 이내 확인','W018','2025-01-20 11:25:00','W007',NULL,'SYSTEM','2026-03-31 05:20:28',NULL,NULL),(3,'P001','EQ017','2025-01-20','대기','DT006','전해액 탱크 교체 작업 (잔량 부족)','2025-01-20 12:30:00','2025-01-20 13:00:00',30.00,9,7,'전해액 탱크 교체 및 배관 퍼징 완료','W018','2025-01-20 13:00:00','W009',NULL,'SYSTEM','2026-03-31 05:20:28',NULL,NULL),(4,'P002','EQ031','2025-01-20','계획','DT020','점심시간 계획정지','2025-01-20 12:00:00','2025-01-20 13:00:00',60.00,12,9,NULL,NULL,NULL,'W019',NULL,'SYSTEM','2026-03-31 05:20:28',NULL,NULL),(5,'P001','EQ001','2025-01-21','준비','DT002','믹서블레이드 마모 한계 도달 (사용시간 800h 초과)','2025-01-21 07:00:00','2025-01-21 08:00:00',60.00,NULL,NULL,'블레이드 세트 교체 (PM-2000-BLD-A), 교반 시험 정상 확인','W018','2025-01-21 08:00:00','W017',NULL,'SYSTEM','2026-03-31 05:20:28',NULL,NULL),(6,'P001','EQ007','2025-01-21','준비','DT003','정기 코터다이 세정 (슬러리 잔여물 축적)','2025-01-21 12:00:00','2025-01-21 12:30:00',30.00,18,14,'코터다이 온라인 세정 수행, 슬롯 갭 재설정 완료','W018','2025-01-21 12:30:00','W005',NULL,'SYSTEM','2026-03-31 05:20:28',NULL,NULL),(7,'P001','EQ022','2025-01-21','고장','DT013','충방전 채널 #128~#135 통신 오류 발생','2025-01-21 14:20:00','2025-01-21 15:10:00',50.00,23,18,'채널보드 리셋 후 통신케이블 재접속, 8채널 정상 복구','W018','2025-01-21 15:10:00','W011','생산 영향 최소화 위해 잔여 채널로 운영 지속','SYSTEM','2026-03-31 05:20:28',NULL,NULL),(8,'P002','EQ032','2025-01-21','대기','DT018','오창공장 셀 출하 지연으로 입고 대기','2025-01-21 08:00:00','2025-01-21 08:40:00',40.00,25,19,'긴급 물류편 투입하여 셀 입고 완료','W024','2025-01-21 08:40:00','W020',NULL,'SYSTEM','2026-03-31 05:20:28',NULL,NULL),(9,'P002','EQ034','2025-01-21','준비','DT017','ESS팩 → EV팩 전환에 따른 BMS 조립지그 교체','2025-01-21 12:30:00','2025-01-21 13:15:00',45.00,26,20,'EV팩용 BMS지그(JIG-BMS-EV01) 장착 및 기준점 셋팅','W024','2025-01-21 13:15:00','W021',NULL,'SYSTEM','2026-03-31 05:20:28',NULL,NULL),(10,'P001','EQ003','2025-01-22','정비','DT008','월간 예방정비 실시 (텐션롤 베어링 점검, 건조로 히터 점검)','2025-01-22 08:00:00','2025-01-22 10:30:00',150.00,NULL,28,'텐션롤 베어링 교체, 건조로 히터 정상, 코터다이 슬롯갭 재설정','W018','2025-01-22 10:30:00','W017','정기 월간정비','SYSTEM','2026-03-31 05:20:28',NULL,NULL),(11,'P001','EQ004','2025-01-22','환경','DT007','드라이룸 노점온도 -40℃ 초과 (-38℃ 측정)','2025-01-22 10:30:00','2025-01-22 11:00:00',30.00,30,22,'제습기 점검 및 도어 실링 보수, 노점온도 -45℃ 복귀 확인','W018','2025-01-22 11:00:00','W002','제품 품질 영향 확인 → QC팀 전달','SYSTEM','2026-03-31 05:20:28',NULL,NULL),(12,'P001','EQ021','2025-01-22','고장','DT011','UPS 경고 발생, 입력 전압 불안정','2025-01-22 06:30:00','2025-01-22 07:15:00',45.00,35,25,'UPS 바이패스 전환 후 입력전원 안정화, 배터리 백업 상태 정상 확인','W017','2025-01-22 07:15:00','W011','한전 순간정전 원인 추정, 설비팀 모니터링 강화','SYSTEM','2026-03-31 05:20:28',NULL,NULL),(13,'P002','EQ031','2025-01-22','고장','DT015','셀 픽앤플레이스 로봇 그리퍼 흡착력 저하','2025-01-22 11:00:00','2025-01-22 11:40:00',40.00,37,26,'그리퍼 흡착패드 교체 및 진공라인 에어리크 점검','W024','2025-01-22 11:40:00','W019',NULL,'SYSTEM','2026-03-31 05:20:28',NULL,NULL);
/*!40000 ALTER TABLE `EQP_DOWNTIME` ENABLE KEYS */;
UNLOCK TABLES;

--
-- Table structure for table `EQP_DOWNTIME_CODE`
--

DROP TABLE IF EXISTS `EQP_DOWNTIME_CODE`;
/*!40101 SET @saved_cs_client     = @@character_set_client */;
/*!50503 SET character_set_client = utf8mb4 */;
CREATE TABLE `EQP_DOWNTIME_CODE` (
  `DOWNTIME_CD` varchar(20) COLLATE utf8mb4_general_ci NOT NULL COMMENT '비가동코드',
  `PLANT_CD` varchar(20) COLLATE utf8mb4_general_ci NOT NULL COMMENT '공장코드',
  `DOWNTIME_NM` varchar(100) COLLATE utf8mb4_general_ci NOT NULL COMMENT '비가동명',
  `DOWNTIME_TYPE` varchar(20) COLLATE utf8mb4_general_ci NOT NULL COMMENT '비가동유형',
  `DOWNTIME_GRP` varchar(50) COLLATE utf8mb4_general_ci DEFAULT NULL COMMENT '비가동그룹',
  `PLANNED_YN` char(1) COLLATE utf8mb4_general_ci NOT NULL DEFAULT 'N' COMMENT '계획여부',
  `SORT_SEQ` int NOT NULL DEFAULT '0' COMMENT '정렬순서',
  `USE_YN` char(1) COLLATE utf8mb4_general_ci NOT NULL DEFAULT 'Y' COMMENT '사용여부',
  `REG_USER_ID` varchar(50) COLLATE utf8mb4_general_ci NOT NULL COMMENT '등록자ID',
  `REG_DTM` datetime NOT NULL DEFAULT CURRENT_TIMESTAMP COMMENT '등록일시',
  `UPD_USER_ID` varchar(50) COLLATE utf8mb4_general_ci DEFAULT NULL COMMENT '수정자ID',
  `UPD_DTM` datetime DEFAULT NULL ON UPDATE CURRENT_TIMESTAMP COMMENT '수정일시',
  PRIMARY KEY (`DOWNTIME_CD`),
  KEY `FK_EQP_DT_CODE_PLANT` (`PLANT_CD`),
  CONSTRAINT `FK_EQP_DT_CODE_PLANT` FOREIGN KEY (`PLANT_CD`) REFERENCES `MST_PLANT` (`PLANT_CD`)
) ENGINE=InnoDB DEFAULT CHARSET=utf8mb4 COLLATE=utf8mb4_general_ci COMMENT='비가동코드';
/*!40101 SET character_set_client = @saved_cs_client */;

--
-- Dumping data for table `EQP_DOWNTIME_CODE`
--

LOCK TABLES `EQP_DOWNTIME_CODE` WRITE;
/*!40000 ALTER TABLE `EQP_DOWNTIME_CODE` DISABLE KEYS */;
INSERT INTO `EQP_DOWNTIME_CODE` VALUES ('DT001','P001','설비고장','고장','설비','N',1,'Y','SYSTEM','2026-03-31 05:20:26',NULL,NULL),('DT002','P001','믹서블레이드교체','준비','전극','N',2,'Y','SYSTEM','2026-03-31 05:20:26',NULL,NULL),('DT003','P001','코터다이청소','준비','전극','N',3,'Y','SYSTEM','2026-03-31 05:20:26',NULL,NULL),('DT004','P001','롤프레스롤교체','준비','전극','N',4,'Y','SYSTEM','2026-03-31 05:20:26',NULL,NULL),('DT005','P001','원자재대기','대기','자재','N',5,'Y','SYSTEM','2026-03-31 05:20:26',NULL,NULL),('DT006','P001','전해액충전대기','대기','자재','N',6,'Y','SYSTEM','2026-03-31 05:20:26',NULL,NULL),('DT007','P001','드라이룸습도이상','환경','환경','N',7,'Y','SYSTEM','2026-03-31 05:20:26',NULL,NULL),('DT008','P001','예방정비','정비','정비','Y',8,'Y','SYSTEM','2026-03-31 05:20:26',NULL,NULL),('DT009','P001','계획정지','계획','관리','Y',9,'Y','SYSTEM','2026-03-31 05:20:26',NULL,NULL),('DT010','P001','품질불량정지','품질','품질','N',10,'Y','SYSTEM','2026-03-31 05:20:26',NULL,NULL),('DT011','P001','전력/유틸리티이상','고장','유틸리티','N',11,'Y','SYSTEM','2026-03-31 05:20:26',NULL,NULL),('DT012','P001','설비청소/세정','기타','기타','Y',12,'Y','SYSTEM','2026-03-31 05:20:26',NULL,NULL),('DT013','P001','충방전채널이상','고장','활성화','N',13,'Y','SYSTEM','2026-03-31 05:20:26',NULL,NULL),('DT014','P001','스태킹정렬불량','품질','조립','N',14,'Y','SYSTEM','2026-03-31 05:20:26',NULL,NULL),('DT015','P002','설비고장','고장','설비','N',1,'Y','SYSTEM','2026-03-31 05:20:26',NULL,NULL),('DT016','P002','셀선별기프로그램변경','준비','팩','N',2,'Y','SYSTEM','2026-03-31 05:20:26',NULL,NULL),('DT017','P002','BMS조립지그교체','준비','팩','N',3,'Y','SYSTEM','2026-03-31 05:20:26',NULL,NULL),('DT018','P002','셀입고대기','대기','자재','N',4,'Y','SYSTEM','2026-03-31 05:20:26',NULL,NULL),('DT019','P002','예방정비','정비','정비','Y',5,'Y','SYSTEM','2026-03-31 05:20:26',NULL,NULL),('DT020','P002','계획정지','계획','관리','Y',6,'Y','SYSTEM','2026-03-31 05:20:26',NULL,NULL),('DT021','P002','품질검사대기','품질','품질','N',7,'Y','SYSTEM','2026-03-31 05:20:26',NULL,NULL),('DT022','P002','포장자재대기','대기','자재','N',8,'Y','SYSTEM','2026-03-31 05:20:26',NULL,NULL);
/*!40000 ALTER TABLE `EQP_DOWNTIME_CODE` ENABLE KEYS */;
UNLOCK TABLES;

--
-- Table structure for table `EQP_MAINT_CHECK`
--

DROP TABLE IF EXISTS `EQP_MAINT_CHECK`;
/*!40101 SET @saved_cs_client     = @@character_set_client */;
/*!50503 SET character_set_client = utf8mb4 */;
CREATE TABLE `EQP_MAINT_CHECK` (
  `CHECK_ID` bigint NOT NULL AUTO_INCREMENT COMMENT '체크ID',
  `MAINT_ID` bigint NOT NULL COMMENT '정비ID',
  `CHECK_SEQ` int NOT NULL COMMENT '점검순서',
  `CHECK_ITEM` varchar(200) COLLATE utf8mb4_general_ci NOT NULL COMMENT '점검항목',
  `CHECK_METHOD` varchar(500) COLLATE utf8mb4_general_ci DEFAULT NULL COMMENT '점검방법',
  `CHECK_STANDARD` varchar(200) COLLATE utf8mb4_general_ci DEFAULT NULL COMMENT '점검기준',
  `CHECK_RESULT` varchar(20) COLLATE utf8mb4_general_ci DEFAULT NULL COMMENT '점검결과',
  `MEASURE_VALUE` varchar(100) COLLATE utf8mb4_general_ci DEFAULT NULL COMMENT '측정값',
  `CHECK_RMK` varchar(500) COLLATE utf8mb4_general_ci DEFAULT NULL COMMENT '비고',
  `REG_USER_ID` varchar(50) COLLATE utf8mb4_general_ci NOT NULL COMMENT '등록자ID',
  `REG_DTM` datetime NOT NULL DEFAULT CURRENT_TIMESTAMP COMMENT '등록일시',
  PRIMARY KEY (`CHECK_ID`),
  KEY `IDX_EQP_MAINT_CHECK_01` (`MAINT_ID`),
  CONSTRAINT `FK_EQP_MAINT_CHECK_MAINT` FOREIGN KEY (`MAINT_ID`) REFERENCES `EQP_MAINT_HIS` (`MAINT_ID`)
) ENGINE=InnoDB AUTO_INCREMENT=17 DEFAULT CHARSET=utf8mb4 COLLATE=utf8mb4_general_ci COMMENT='정비점검체크리스트';
/*!40101 SET character_set_client = @saved_cs_client */;

--
-- Dumping data for table `EQP_MAINT_CHECK`
--

LOCK TABLES `EQP_MAINT_CHECK` WRITE;
/*!40000 ALTER TABLE `EQP_MAINT_CHECK` DISABLE KEYS */;
INSERT INTO `EQP_MAINT_CHECK` VALUES (1,2,1,'코터다이 슬롯갭','갭게이지 측정','350±5 μm','합격','349 μm',NULL,'SYSTEM','2026-03-31 05:20:30'),(2,2,2,'텐션롤 베어링 진동','진동측정기','< 2.0 mm/s','합격','0.8 mm/s','베어링 교체 후 측정','SYSTEM','2026-03-31 05:20:30'),(3,2,3,'건조로 Zone1 온도','열전대 측정','120±3 ℃','합격','119.5 ℃',NULL,'SYSTEM','2026-03-31 05:20:30'),(4,2,4,'건조로 Zone2 온도','열전대 측정','140±3 ℃','합격','140.2 ℃',NULL,'SYSTEM','2026-03-31 05:20:30'),(5,2,5,'건조로 Zone3 온도','열전대 측정','130±3 ℃','합격','129.8 ℃',NULL,'SYSTEM','2026-03-31 05:20:30'),(6,2,6,'슬러리공급펌프 압력','압력게이지','2.0±0.2 bar','합격','2.05 bar',NULL,'SYSTEM','2026-03-31 05:20:30'),(7,2,7,'코팅 두께 균일성','베타선 두께측정','Cpk ≥ 1.33','합격','Cpk 1.45','정비 후 개선','SYSTEM','2026-03-31 05:20:30'),(8,2,8,'백업롤 표면조도','조도측정기','Ra ≤ 0.2 μm','합격','Ra 0.15 μm',NULL,'SYSTEM','2026-03-31 05:20:30'),(9,1,1,'신규 블레이드 외관','육안검사','손상/균열 없음','합격','양호',NULL,'SYSTEM','2026-03-31 05:20:30'),(10,1,2,'블레이드 장착 토크','토크렌치','120±5 Nm','합격','121 Nm',NULL,'SYSTEM','2026-03-31 05:20:30'),(11,1,3,'교반 RPM','타코미터','60±2 RPM','합격','60.5 RPM',NULL,'SYSTEM','2026-03-31 05:20:30'),(12,1,4,'모터 전류','클램프미터','< 45 A','합격','38.2 A',NULL,'SYSTEM','2026-03-31 05:20:30'),(13,1,5,'진공도','진공게이지','< -0.08 MPa','합격','-0.092 MPa',NULL,'SYSTEM','2026-03-31 05:20:30'),(14,6,1,'UPS 출력전압','멀티미터','380±5 V','합격','380.2 V',NULL,'SYSTEM','2026-03-31 05:20:30'),(15,6,2,'UPS 배터리 용량','내장진단','≥ 80%','합격','92%',NULL,'SYSTEM','2026-03-31 05:20:30'),(16,6,3,'충방전 채널 전압정밀도','기준전압원','±0.1%','합격','0.05%','무작위 10채널 샘플','SYSTEM','2026-03-31 05:20:30');
/*!40000 ALTER TABLE `EQP_MAINT_CHECK` ENABLE KEYS */;
UNLOCK TABLES;

--
-- Table structure for table `EQP_MAINT_HIS`
--

DROP TABLE IF EXISTS `EQP_MAINT_HIS`;
/*!40101 SET @saved_cs_client     = @@character_set_client */;
/*!50503 SET character_set_client = utf8mb4 */;
CREATE TABLE `EQP_MAINT_HIS` (
  `MAINT_ID` bigint NOT NULL AUTO_INCREMENT COMMENT '정비ID',
  `PLANT_CD` varchar(20) COLLATE utf8mb4_general_ci NOT NULL COMMENT '공장코드',
  `EQUIPMENT_CD` varchar(20) COLLATE utf8mb4_general_ci NOT NULL COMMENT '설비코드',
  `MAINT_NO` varchar(30) COLLATE utf8mb4_general_ci NOT NULL COMMENT '정비번호',
  `MAINT_TYPE` varchar(20) COLLATE utf8mb4_general_ci NOT NULL COMMENT '정비유형',
  `MAINT_DT` date NOT NULL COMMENT '정비일자',
  `MAINT_PLAN_ID` bigint DEFAULT NULL COMMENT '정비계획ID',
  `DOWNTIME_ID` bigint DEFAULT NULL COMMENT '비가동ID',
  `START_DTM` datetime NOT NULL COMMENT '시작일시',
  `END_DTM` datetime DEFAULT NULL COMMENT '종료일시',
  `MAINT_TIME` decimal(10,2) DEFAULT NULL COMMENT '정비시간(분)',
  `MAINT_WORKER_ID` varchar(20) COLLATE utf8mb4_general_ci DEFAULT NULL COMMENT '정비자ID',
  `MAINT_TEAM` varchar(100) COLLATE utf8mb4_general_ci DEFAULT NULL COMMENT '정비팀',
  `MAINT_CONTENT` varchar(1000) COLLATE utf8mb4_general_ci DEFAULT NULL COMMENT '정비내용',
  `SYMPTOM` varchar(500) COLLATE utf8mb4_general_ci DEFAULT NULL COMMENT '고장증상',
  `CAUSE` varchar(500) COLLATE utf8mb4_general_ci DEFAULT NULL COMMENT '고장원인',
  `ACTION` varchar(500) COLLATE utf8mb4_general_ci DEFAULT NULL COMMENT '조치내용',
  `PART_REPLACED` varchar(500) COLLATE utf8mb4_general_ci DEFAULT NULL COMMENT '교체부품',
  `PART_COST` decimal(18,2) DEFAULT '0.00' COMMENT '부품비용',
  `LABOR_COST` decimal(18,2) DEFAULT '0.00' COMMENT '인건비',
  `OTHER_COST` decimal(18,2) DEFAULT '0.00' COMMENT '기타비용',
  `MAINT_COST` decimal(18,2) GENERATED ALWAYS AS (((coalesce(`PART_COST`,0) + coalesce(`LABOR_COST`,0)) + coalesce(`OTHER_COST`,0))) STORED COMMENT '총정비비용',
  `MAINT_RESULT` varchar(20) COLLATE utf8mb4_general_ci NOT NULL DEFAULT '진행' COMMENT '정비결과',
  `NEXT_MAINT_DT` date DEFAULT NULL COMMENT '다음정비예정일',
  `MAINT_RMK` varchar(500) COLLATE utf8mb4_general_ci DEFAULT NULL COMMENT '비고',
  `REG_USER_ID` varchar(50) COLLATE utf8mb4_general_ci NOT NULL COMMENT '등록자ID',
  `REG_DTM` datetime NOT NULL DEFAULT CURRENT_TIMESTAMP COMMENT '등록일시',
  `UPD_USER_ID` varchar(50) COLLATE utf8mb4_general_ci DEFAULT NULL COMMENT '수정자ID',
  `UPD_DTM` datetime DEFAULT NULL ON UPDATE CURRENT_TIMESTAMP COMMENT '수정일시',
  PRIMARY KEY (`MAINT_ID`),
  UNIQUE KEY `UK_EQP_MAINT_HIS` (`MAINT_NO`),
  KEY `FK_EQP_MAINT_HIS_DT` (`DOWNTIME_ID`),
  KEY `IDX_EQP_MAINT_HIS_01` (`EQUIPMENT_CD`,`MAINT_DT`),
  KEY `IDX_EQP_MAINT_HIS_02` (`PLANT_CD`,`MAINT_DT`),
  KEY `IDX_EQP_MAINT_HIS_03` (`MAINT_TYPE`),
  KEY `IDX_EQP_MAINT_HIS_04` (`MAINT_PLAN_ID`),
  CONSTRAINT `FK_EQP_MAINT_HIS_DT` FOREIGN KEY (`DOWNTIME_ID`) REFERENCES `EQP_DOWNTIME` (`DOWNTIME_ID`),
  CONSTRAINT `FK_EQP_MAINT_HIS_EQP` FOREIGN KEY (`EQUIPMENT_CD`) REFERENCES `MST_EQUIPMENT` (`EQUIPMENT_CD`),
  CONSTRAINT `FK_EQP_MAINT_HIS_PLAN` FOREIGN KEY (`MAINT_PLAN_ID`) REFERENCES `EQP_MAINT_PLAN` (`MAINT_PLAN_ID`),
  CONSTRAINT `FK_EQP_MAINT_HIS_PLANT` FOREIGN KEY (`PLANT_CD`) REFERENCES `MST_PLANT` (`PLANT_CD`)
) ENGINE=InnoDB AUTO_INCREMENT=9 DEFAULT CHARSET=utf8mb4 COLLATE=utf8mb4_general_ci COMMENT='정비이력';
/*!40101 SET character_set_client = @saved_cs_client */;

--
-- Dumping data for table `EQP_MAINT_HIS`
--

LOCK TABLES `EQP_MAINT_HIS` WRITE;
/*!40000 ALTER TABLE `EQP_MAINT_HIS` DISABLE KEYS */;
INSERT INTO `EQP_MAINT_HIS` (`MAINT_ID`, `PLANT_CD`, `EQUIPMENT_CD`, `MAINT_NO`, `MAINT_TYPE`, `MAINT_DT`, `MAINT_PLAN_ID`, `DOWNTIME_ID`, `START_DTM`, `END_DTM`, `MAINT_TIME`, `MAINT_WORKER_ID`, `MAINT_TEAM`, `MAINT_CONTENT`, `SYMPTOM`, `CAUSE`, `ACTION`, `PART_REPLACED`, `PART_COST`, `LABOR_COST`, `OTHER_COST`, `MAINT_RESULT`, `NEXT_MAINT_DT`, `MAINT_RMK`, `REG_USER_ID`, `REG_DTM`, `UPD_USER_ID`, `UPD_DTM`) VALUES (1,'P001','EQ001','MT202501210001','예방정비','2025-01-21',1,5,'2025-01-21 07:00:00','2025-01-21 08:00:00',60.00,'W018','설비팀','양극믹서 블레이드 세트 교체 및 교반 시험 실시','슬러리 입도분포 편차 증가 추세','블레이드 마모 한계 도달(사용시간 800h)','블레이드 세트(PM-2000-BLD-A) 교체, 교반 RPM/토크 정상 확인','PM-2000-BLD-A',350000.00,80000.00,0.00,'완료','2025-02-14',NULL,'SYSTEM','2026-03-31 05:20:29',NULL,NULL),(2,'P001','EQ003','MT202501220001','예방정비','2025-01-22',3,10,'2025-01-22 08:00:00','2025-01-22 10:30:00',150.00,'W018','설비팀','월간 예방정비 실시: 텐션롤 베어링 교체, 건조로 히터 점검, 코터다이 슬롯갭 재설정','코팅 두께 편차 미세 증가 추세 (Cpk 1.5→1.3)','텐션롤 베어링 마모로 인한 웹 텐션 불균일','텐션롤 베어링(6205-2RS) 교체, 슬롯갭 350μm 재설정, 건조로 히터 정상확인','6205-2RS 베어링 2EA',45000.00,100000.00,15000.00,'완료','2025-02-21',NULL,'SYSTEM','2026-03-31 05:20:29',NULL,NULL),(3,'P001','EQ007','MT202501210002','간이정비','2025-01-21',NULL,6,'2025-01-21 12:00:00','2025-01-21 12:30:00',30.00,'W018','설비팀','코터다이 온라인 세정: 슬러리 잔여물 제거 및 슬롯갭 재확인','코팅면 줄무늬 미세 발생','코터다이 립 부분 슬러리 잔여물 축적','코터다이 세정 용매 투입, 슬롯갭 320μm 재설정',NULL,5000.00,40000.00,0.00,'완료',NULL,NULL,'SYSTEM','2026-03-31 05:20:29',NULL,NULL),(4,'P001','EQ013','MT202501200001','간이정비','2025-01-20',NULL,2,'2025-01-20 11:00:00','2025-01-20 11:25:00',25.00,'W018','설비팀','스태킹머신 비전센서 캘리브레이션 수행','적층 정렬도 불량률 상승','비전센서 기준점 드리프트','비전센서 캘리브레이션 타겟으로 재교정, 정렬 정밀도 ±0.08mm 확인',NULL,0.00,30000.00,5000.00,'완료',NULL,NULL,'SYSTEM','2026-03-31 05:20:29',NULL,NULL),(5,'P001','EQ022','MT202501210003','고장수리','2025-01-21',NULL,7,'2025-01-21 14:20:00','2025-01-21 15:10:00',50.00,'W018','설비팀','충방전 채널 #128~#135 통신 오류 → 채널보드 리셋 및 통신케이블 교체','채널 #128~#135 통신 타임아웃 발생','통신케이블 접촉 불량','통신케이블(CAT6-STP 3m) 교체, 채널보드 리셋, 전 채널 정상 통신 확인','CAT6-STP 케이블 2EA',15000.00,60000.00,0.00,'완료',NULL,'8채널 영향, 잔여 504채널 정상 운영','SYSTEM','2026-03-31 05:20:29',NULL,NULL),(6,'P001','EQ021','MT202501220002','고장수리','2025-01-22',NULL,12,'2025-01-22 06:30:00','2025-01-22 07:15:00',45.00,'W017','설비팀','UPS 경고 발생으로 인한 긴급 점검 및 바이패스 전환','UPS 입력 전압 불안정 경고','한전 순간정전으로 인한 입력전원 불안정','UPS 바이패스 모드 전환, 입력전원 안정화 후 정상모드 복귀, 배터리 백업 테스트 완료',NULL,0.00,60000.00,0.00,'완료',NULL,'시설팀 한전 전력품질 모니터링 요청','SYSTEM','2026-03-31 05:20:29',NULL,NULL),(7,'P002','EQ031','MT202501220003','고장수리','2025-01-22',NULL,13,'2025-01-22 11:00:00','2025-01-22 11:40:00',40.00,'W024','설비팀','셀 픽앤플레이스 로봇 그리퍼 흡착패드 교체','셀 흡착 이탈 발생 (1건)','흡착패드 경화 및 마모','흡착패드(GP-S100) 4EA 교체, 진공라인 에어리크 점검, 흡착력 -70kPa 이상 확인','GP-S100 흡착패드 4EA',24000.00,40000.00,0.00,'완료',NULL,NULL,'SYSTEM','2026-03-31 05:20:29',NULL,NULL),(8,'P002','EQ034','MT202501210004','제품전환','2025-01-21',NULL,9,'2025-01-21 12:30:00','2025-01-21 13:15:00',45.00,'W024','설비팀','ESS팩 → EV팩 전환: BMS 조립지그 교체 및 기준점 셋팅',NULL,'제품 전환(ESS→EV)','BMS지그(JIG-BMS-EV01) 장착, 로봇 티칭점 변경, 첫 번째 조립 검증 완료','JIG-BMS-EV01',0.00,50000.00,0.00,'완료',NULL,NULL,'SYSTEM','2026-03-31 05:20:29',NULL,NULL);
/*!40000 ALTER TABLE `EQP_MAINT_HIS` ENABLE KEYS */;
UNLOCK TABLES;

--
-- Table structure for table `EQP_MAINT_PLAN`
--

DROP TABLE IF EXISTS `EQP_MAINT_PLAN`;
/*!40101 SET @saved_cs_client     = @@character_set_client */;
/*!50503 SET character_set_client = utf8mb4 */;
CREATE TABLE `EQP_MAINT_PLAN` (
  `MAINT_PLAN_ID` bigint NOT NULL AUTO_INCREMENT COMMENT '정비계획ID',
  `PLANT_CD` varchar(20) COLLATE utf8mb4_general_ci NOT NULL COMMENT '공장코드',
  `EQUIPMENT_CD` varchar(20) COLLATE utf8mb4_general_ci NOT NULL COMMENT '설비코드',
  `MAINT_PLAN_NM` varchar(100) COLLATE utf8mb4_general_ci NOT NULL COMMENT '정비계획명',
  `MAINT_TYPE` varchar(20) COLLATE utf8mb4_general_ci NOT NULL COMMENT '정비유형',
  `CYCLE_TYPE` varchar(20) COLLATE utf8mb4_general_ci NOT NULL COMMENT '주기유형',
  `CYCLE_VALUE` int NOT NULL COMMENT '주기값',
  `CYCLE_UNIT` varchar(20) COLLATE utf8mb4_general_ci NOT NULL DEFAULT '일' COMMENT '주기단위',
  `BASE_DT` date DEFAULT NULL COMMENT '기준일',
  `LAST_MAINT_DT` date DEFAULT NULL COMMENT '최종정비일',
  `NEXT_MAINT_DT` date DEFAULT NULL COMMENT '다음정비예정일',
  `LEAD_TIME` int DEFAULT '0' COMMENT '사전알림(일)',
  `EST_MAINT_TIME` decimal(10,2) DEFAULT NULL COMMENT '예상정비시간(분)',
  `EST_COST` decimal(18,2) DEFAULT NULL COMMENT '예상비용',
  `MAINT_CHECKLIST` text COLLATE utf8mb4_general_ci COMMENT '정비체크리스트',
  `MAINT_CONTENT` varchar(1000) COLLATE utf8mb4_general_ci DEFAULT NULL COMMENT '정비내용',
  `MANAGER_ID` varchar(20) COLLATE utf8mb4_general_ci DEFAULT NULL COMMENT '담당자ID',
  `USE_YN` char(1) COLLATE utf8mb4_general_ci NOT NULL DEFAULT 'Y' COMMENT '사용여부',
  `REG_USER_ID` varchar(50) COLLATE utf8mb4_general_ci NOT NULL COMMENT '등록자ID',
  `REG_DTM` datetime NOT NULL DEFAULT CURRENT_TIMESTAMP COMMENT '등록일시',
  `UPD_USER_ID` varchar(50) COLLATE utf8mb4_general_ci DEFAULT NULL COMMENT '수정자ID',
  `UPD_DTM` datetime DEFAULT NULL ON UPDATE CURRENT_TIMESTAMP COMMENT '수정일시',
  PRIMARY KEY (`MAINT_PLAN_ID`),
  KEY `FK_EQP_MAINT_PLAN_PLANT` (`PLANT_CD`),
  KEY `IDX_EQP_MAINT_PLAN_01` (`EQUIPMENT_CD`),
  KEY `IDX_EQP_MAINT_PLAN_02` (`NEXT_MAINT_DT`),
  CONSTRAINT `FK_EQP_MAINT_PLAN_EQP` FOREIGN KEY (`EQUIPMENT_CD`) REFERENCES `MST_EQUIPMENT` (`EQUIPMENT_CD`),
  CONSTRAINT `FK_EQP_MAINT_PLAN_PLANT` FOREIGN KEY (`PLANT_CD`) REFERENCES `MST_PLANT` (`PLANT_CD`)
) ENGINE=InnoDB AUTO_INCREMENT=19 DEFAULT CHARSET=utf8mb4 COLLATE=utf8mb4_general_ci COMMENT='정비계획';
/*!40101 SET character_set_client = @saved_cs_client */;

--
-- Dumping data for table `EQP_MAINT_PLAN`
--

LOCK TABLES `EQP_MAINT_PLAN` WRITE;
/*!40000 ALTER TABLE `EQP_MAINT_PLAN` DISABLE KEYS */;
INSERT INTO `EQP_MAINT_PLAN` VALUES (1,'P001','EQ001','양극믹서#1 월간 예방정비','예방정비','정기',30,'일','2025-01-01','2025-01-15','2025-02-14',3,120.00,200000.00,'블레이드마모점검|씰링상태확인|모터전류측정|진공펌프점검|온도센서교정','믹서 블레이드 마모도 측정, 씰링 패킹 상태 확인, 모터 부하전류 측정, 진공계 교정','W017','Y','SYSTEM','2026-03-31 05:20:28',NULL,NULL),(2,'P001','EQ001','양극믹서#1 분기 정기정비','정기정비','정기',90,'일','2025-01-01',NULL,'2025-04-01',7,360.00,850000.00,'블레이드교체|감속기오일교환|모터베어링점검|냉각시스템점검','믹서 블레이드 세트 교체, 감속기 윤활유 교환, 모터 베어링 진동 측정, 냉각수 라인 세척','W017','Y','SYSTEM','2026-03-31 05:20:28',NULL,NULL),(3,'P001','EQ003','양극코터#1 월간 예방정비','예방정비','정기',30,'일','2025-01-01','2025-01-22','2025-02-21',3,150.00,300000.00,'코터다이갭측정|텐션롤베어링점검|건조로히터점검|슬러리공급펌프점검','코터 다이 슬롯 갭 측정(±2μm), 텐션롤 베어링 교체/급유, 건조로 온도 프로파일 확인, 슬러리 공급 펌프 압력 체크','W017','Y','SYSTEM','2026-03-31 05:20:28',NULL,NULL),(4,'P001','EQ003','양극코터#1 반기 정밀점검','정밀점검','정기',180,'일','2025-01-01',NULL,'2025-07-01',14,480.00,2500000.00,'코터다이재연마|백업롤진원도|건조로열풍균일도|코팅두께프로파일','코터 다이 재연마(표면조도 Ra 0.1이하), 백업롤 진원도 측정(±5μm), 건조로 열풍 균일도 매핑','W017','Y','SYSTEM','2026-03-31 05:20:28',NULL,NULL),(5,'P001','EQ009','양극프레스#1 월간 예방정비','예방정비','정기',30,'일','2025-01-01','2025-01-10','2025-02-09',3,90.00,180000.00,'롤갭정밀도|유압시스템|롤표면상태|안전장치','롤 갭 정밀도 측정(±1μm), 유압 필터 교체, 롤 표면 조도 측정, 비상정지 작동 확인','W017','Y','SYSTEM','2026-03-31 05:20:28',NULL,NULL),(6,'P001','EQ013','스태킹머신#1 주간 예방정비','예방정비','정기',7,'일','2025-01-20','2025-01-19','2025-01-26',1,60.00,80000.00,'비전센서캘리브레이션|흡착패드상태|정렬정밀도|서보모터','비전 센서 정렬 캘리브레이션, 흡착패드 마모 확인, 적층 정렬 정밀도 측정(±0.1mm)','W017','Y','SYSTEM','2026-03-31 05:20:28',NULL,NULL),(7,'P001','EQ015','탭용접기#1 월간 예방정비','예방정비','정기',30,'일','2025-01-01','2025-01-12','2025-02-11',3,90.00,150000.00,'혼점검|앤빌마모|용접강도|초음파출력','초음파 혼/앤빌 마모도 측정, 용접 인장강도 샘플 테스트, 초음파 발진기 출력 측정','W017','Y','SYSTEM','2026-03-31 05:20:28',NULL,NULL),(8,'P001','EQ017','전해액주입기#1 주간 예방정비','예방정비','정기',7,'일','2025-01-20','2025-01-19','2025-01-26',1,45.00,50000.00,'정량펌프정밀도|배관세정|진공시스템|밸브작동','정량 펌프 토출량 교정(±0.5%), 전해액 배관 플러싱, 진공 도달도 확인, 밸브 시퀀스 테스트','W017','Y','SYSTEM','2026-03-31 05:20:28',NULL,NULL),(9,'P001','EQ019','밀봉기#1 월간 예방정비','예방정비','정기',30,'일','2025-01-01','2025-01-08','2025-02-07',3,90.00,120000.00,'실링바상태|온도프로파일|진공도|실링강도','실링바 표면 상태 확인, 실링 온도 프로파일 측정, 진공 실링 압력 확인','W017','Y','SYSTEM','2026-03-31 05:20:28',NULL,NULL),(10,'P001','EQ021','충방전기#1 월간 예방정비','예방정비','정기',30,'일','2025-01-01','2025-01-10','2025-02-09',3,180.00,350000.00,'채널보드점검|전류정밀도|전압정밀도|냉각시스템|통신상태','충방전 채널별 전류/전압 정밀도 교정(±0.1%), 냉각수 순환 점검, 통신 보드 상태 확인','W017','Y','SYSTEM','2026-03-31 05:20:28',NULL,NULL),(11,'P001','EQ021','충방전기#1 연간 정밀교정','교정','정기',365,'일','2025-01-01',NULL,'2026-01-01',30,960.00,8000000.00,'전채널전류교정|전채널전압교정|온도센서교정|안전장치검증','512채널 전류/전압 정밀 교정, 온도 센서 교정(PT100), 과충전/과방전 보호회로 검증','W017','Y','SYSTEM','2026-03-31 05:20:28',NULL,NULL),(12,'P001','EQ023','에이징챔버#1 월간 예방정비','예방정비','정기',30,'일','2025-01-01','2025-01-05','2025-02-04',3,120.00,200000.00,'온도균일도|히터상태|팬모터|단열재|온도센서','챔버 내부 온도 균일도 측정(±1℃), 히터 절연저항 측정, 순환팬 모터 전류 확인','W017','Y','SYSTEM','2026-03-31 05:20:28',NULL,NULL),(13,'P001','EQ027','셀검사기#1 월간 교정','교정','정기',30,'일','2025-01-01','2025-01-08','2025-02-07',3,60.00,100000.00,'IR측정교정|OCV측정교정|두께측정교정|외관검사카메라','IR/OCV 측정 정밀도 교정(기준셀 대비 ±0.1%), 두께 게이지 교정, 외관 검사 카메라 초점 조정','W017','Y','SYSTEM','2026-03-31 05:20:28',NULL,NULL),(14,'P002','EQ029','셀선별기#1 주간 예방정비','예방정비','정기',7,'일','2025-01-20','2025-01-19','2025-01-26',1,45.00,60000.00,'IR측정교정|OCV측정교정|그레이딩프로그램|컨베이어','셀 IR/OCV 측정기 교정, 그레이딩 기준값 업데이트, 컨베이어 벨트 장력 확인','W024','Y','SYSTEM','2026-03-31 05:20:28',NULL,NULL),(15,'P002','EQ031','모듈조립라인#1 월간 예방정비','예방정비','정기',30,'일','2025-01-01','2025-01-12','2025-02-11',3,180.00,400000.00,'로봇캘리브레이션|그리퍼점검|용접건점검|볼트체결토크|비전검사','픽앤플레이스 로봇 좌표 캘리브레이션, 그리퍼 흡착패드 교체, 레이저용접건 광학계 청소','W024','Y','SYSTEM','2026-03-31 05:20:28',NULL,NULL),(16,'P002','EQ033','BMS조립기#1 월간 예방정비','예방정비','정기',30,'일','2025-01-01','2025-01-10','2025-02-09',3,90.00,120000.00,'조립지그정밀도|납땜인두팁|커넥터피팅|통신점검','BMS 조립 지그 정밀도 확인, 납땜 인두팁 교체, 와이어링 하네스 커넥터 피팅 점검','W024','Y','SYSTEM','2026-03-31 05:20:28',NULL,NULL),(17,'P002','EQ034','팩조립라인#1 월간 예방정비','예방정비','정기',30,'일','2025-01-01','2025-01-08','2025-02-07',3,240.00,500000.00,'로봇좌표|체결토크검증|밀봉점검|냉각라인|절연검사','조립 로봇 좌표 캘리브레이션, 볼트 체결 토크렌치 교정, 팩 밀봉 검사, 냉각 라인 누수 테스트','W024','Y','SYSTEM','2026-03-31 05:20:28',NULL,NULL),(18,'P002','EQ035','팩검사장비#1 분기 정밀교정','교정','정기',90,'일','2025-01-01',NULL,'2025-04-01',7,180.00,600000.00,'충방전정밀도|절연저항교정|캘리브레이션|통신프로토콜','팩 충방전 테스터 전류/전압 교정, 절연저항 측정기(IR-500) 교정, CAN 통신 프로토콜 검증','W024','Y','SYSTEM','2026-03-31 05:20:28',NULL,NULL);
/*!40000 ALTER TABLE `EQP_MAINT_PLAN` ENABLE KEYS */;
UNLOCK TABLES;

--
-- Table structure for table `EQP_OPER_STATUS`
--

DROP TABLE IF EXISTS `EQP_OPER_STATUS`;
/*!40101 SET @saved_cs_client     = @@character_set_client */;
/*!50503 SET character_set_client = utf8mb4 */;
CREATE TABLE `EQP_OPER_STATUS` (
  `OPER_ID` bigint NOT NULL AUTO_INCREMENT COMMENT '가동ID',
  `PLANT_CD` varchar(20) COLLATE utf8mb4_general_ci NOT NULL COMMENT '공장코드',
  `EQUIPMENT_CD` varchar(20) COLLATE utf8mb4_general_ci NOT NULL COMMENT '설비코드',
  `OPER_DT` date NOT NULL COMMENT '가동일자',
  `SHIFT` varchar(10) COLLATE utf8mb4_general_ci NOT NULL COMMENT '근무조',
  `OPER_STATUS` varchar(20) COLLATE utf8mb4_general_ci NOT NULL COMMENT '가동상태',
  `START_DTM` datetime NOT NULL COMMENT '시작일시',
  `END_DTM` datetime DEFAULT NULL COMMENT '종료일시',
  `OPER_TIME` decimal(10,2) DEFAULT NULL COMMENT '가동시간(분)',
  `WO_ID` bigint DEFAULT NULL COMMENT '작업지시ID',
  `ITEM_CD` varchar(50) COLLATE utf8mb4_general_ci DEFAULT NULL COMMENT '품목코드',
  `PROD_QTY` decimal(15,3) DEFAULT NULL COMMENT '생산수량',
  `WORKER_ID` varchar(20) COLLATE utf8mb4_general_ci DEFAULT NULL COMMENT '작업자ID',
  `OPER_RMK` varchar(500) COLLATE utf8mb4_general_ci DEFAULT NULL COMMENT '비고',
  `REG_USER_ID` varchar(50) COLLATE utf8mb4_general_ci NOT NULL COMMENT '등록자ID',
  `REG_DTM` datetime NOT NULL DEFAULT CURRENT_TIMESTAMP COMMENT '등록일시',
  `UPD_USER_ID` varchar(50) COLLATE utf8mb4_general_ci DEFAULT NULL COMMENT '수정자ID',
  `UPD_DTM` datetime DEFAULT NULL ON UPDATE CURRENT_TIMESTAMP COMMENT '수정일시',
  PRIMARY KEY (`OPER_ID`),
  KEY `FK_EQP_OPER_ITEM` (`ITEM_CD`),
  KEY `FK_EQP_OPER_WORKER` (`WORKER_ID`),
  KEY `IDX_EQP_OPER_STATUS_01` (`EQUIPMENT_CD`,`OPER_DT`),
  KEY `IDX_EQP_OPER_STATUS_02` (`PLANT_CD`,`OPER_DT`),
  KEY `IDX_EQP_OPER_STATUS_03` (`WO_ID`),
  KEY `IDX_EQP_OPER_STATUS_04` (`OPER_STATUS`),
  CONSTRAINT `FK_EQP_OPER_EQP` FOREIGN KEY (`EQUIPMENT_CD`) REFERENCES `MST_EQUIPMENT` (`EQUIPMENT_CD`),
  CONSTRAINT `FK_EQP_OPER_ITEM` FOREIGN KEY (`ITEM_CD`) REFERENCES `MST_ITEM` (`ITEM_CD`),
  CONSTRAINT `FK_EQP_OPER_PLANT` FOREIGN KEY (`PLANT_CD`) REFERENCES `MST_PLANT` (`PLANT_CD`),
  CONSTRAINT `FK_EQP_OPER_WO` FOREIGN KEY (`WO_ID`) REFERENCES `PLN_WORK_ORDER` (`WO_ID`),
  CONSTRAINT `FK_EQP_OPER_WORKER` FOREIGN KEY (`WORKER_ID`) REFERENCES `MST_WORKER` (`WORKER_ID`)
) ENGINE=InnoDB AUTO_INCREMENT=29 DEFAULT CHARSET=utf8mb4 COLLATE=utf8mb4_general_ci COMMENT='설비가동현황';
/*!40101 SET character_set_client = @saved_cs_client */;

--
-- Dumping data for table `EQP_OPER_STATUS`
--

LOCK TABLES `EQP_OPER_STATUS` WRITE;
/*!40000 ALTER TABLE `EQP_OPER_STATUS` DISABLE KEYS */;
INSERT INTO `EQP_OPER_STATUS` VALUES (1,'P001','EQ001','2025-01-20','주간','가동','2025-01-20 08:05:00','2025-01-20 11:50:00',225.00,1,'SF-CSL-001',495.000,'W003','양극슬러리 믹싱 정상완료','SYSTEM','2026-03-31 05:20:27',NULL,NULL),(2,'P001','EQ005','2025-01-20','주간','가동','2025-01-20 08:10:00','2025-01-20 11:25:00',195.00,2,'SF-ASL-001',396.000,'W006','음극슬러리 믹싱 정상완료','SYSTEM','2026-03-31 05:20:27',NULL,NULL),(3,'P001','EQ003','2025-01-20','주간','가동','2025-01-20 08:15:00','2025-01-20 15:50:00',455.00,3,'SF-CEL-001',784.000,'W002','양극코팅 정상가동','SYSTEM','2026-03-31 05:20:27',NULL,NULL),(4,'P001','EQ007','2025-01-20','주간','가동','2025-01-20 08:10:00','2025-01-20 14:55:00',405.00,4,'SF-AEL-001',686.000,'W005','음극코팅 정상가동','SYSTEM','2026-03-31 05:20:27',NULL,NULL),(5,'P001','EQ009','2025-01-20','주간','가동','2025-01-20 13:05:00','2025-01-20 16:50:00',225.00,5,'SF-CER-001',743.000,'W005','양극압연 정상가동','SYSTEM','2026-03-31 05:20:27',NULL,NULL),(6,'P001','EQ013','2025-01-20','주간','가동','2025-01-20 08:05:00','2025-01-20 16:55:00',530.00,7,'SF-JEL-001',1960.000,'W007','전극적층 정상가동','SYSTEM','2026-03-31 05:20:27',NULL,NULL),(7,'P001','EQ017','2025-01-20','주간','가동','2025-01-20 08:15:00','2025-01-20 16:45:00',510.00,9,'SF-WET-001',1493.000,'W009','전해액주입 정상가동','SYSTEM','2026-03-31 05:20:27',NULL,NULL),(8,'P001','EQ021','2025-01-20','주야','가동','2025-01-20 00:05:00','2025-01-20 23:50:00',1425.00,10,'SF-FMC-001',1176.000,'W011','화성(Formation) 충방전 완료','SYSTEM','2026-03-31 05:20:27',NULL,NULL),(9,'P002','EQ031','2025-01-20','주간','가동','2025-01-20 08:10:00','2025-01-20 16:50:00',520.00,12,'FG-MOD-001',20.000,'W019','모듈조립 정상가동','SYSTEM','2026-03-31 05:20:27',NULL,NULL),(10,'P002','EQ034','2025-01-20','주간','가동','2025-01-20 08:20:00','2025-01-20 16:40:00',500.00,13,'FG-PCK-001',3.000,'W021','팩조립 정상가동','SYSTEM','2026-03-31 05:20:27',NULL,NULL),(11,'P001','EQ001','2025-01-21','주간','가동','2025-01-21 08:00:00','2025-01-21 12:50:00',290.00,15,'SF-CSL-001',544.000,'W003','양극슬러리 믹싱 정상완료','SYSTEM','2026-03-31 05:20:27',NULL,NULL),(12,'P001','EQ002','2025-01-21','주간','가동','2025-01-21 13:35:00','2025-01-21 16:55:00',200.00,16,'SF-CSL-002',297.000,'W003','양극슬러리(NCA) 믹싱','SYSTEM','2026-03-31 05:20:27',NULL,NULL),(13,'P001','EQ003','2025-01-21','주간','가동','2025-01-21 08:10:00','2025-01-21 16:50:00',520.00,17,'SF-CEL-001',833.000,'W002','양극코팅 정상가동','SYSTEM','2026-03-31 05:20:27',NULL,NULL),(14,'P001','EQ007','2025-01-21','주간','가동','2025-01-21 08:05:00','2025-01-21 15:55:00',470.00,18,'SF-AEL-001',735.000,'W005','음극코팅 정상가동, 코터다이 청소 15분 소요','SYSTEM','2026-03-31 05:20:27',NULL,NULL),(15,'P001','EQ011','2025-01-21','주간','가동','2025-01-21 08:05:00','2025-01-21 13:55:00',350.00,19,'SF-CES-001',2940.000,'W006','전극시트 슬리팅 정상가동','SYSTEM','2026-03-31 05:20:27',NULL,NULL),(16,'P001','EQ014','2025-01-21','주간','가동','2025-01-21 08:10:00','2025-01-21 16:50:00',520.00,21,'SF-JEL-001',1764.000,'W008','전극적층 정상가동','SYSTEM','2026-03-31 05:20:27',NULL,NULL),(17,'P001','EQ018','2025-01-21','주간','가동','2025-01-21 08:05:00','2025-01-21 16:55:00',530.00,22,'SF-WET-001',1386.000,'W009','전해액주입 정상가동','SYSTEM','2026-03-31 05:20:27',NULL,NULL),(18,'P001','EQ022','2025-01-21','주야','가동','2025-01-21 00:10:00','2025-01-21 23:55:00',1425.00,23,'SF-FMC-001',1274.000,'W011','화성 충방전 완료','SYSTEM','2026-03-31 05:20:27',NULL,NULL),(19,'P002','EQ032','2025-01-21','주간','가동','2025-01-21 08:05:00','2025-01-21 16:55:00',530.00,25,'FG-MOD-001',22.000,'W020','모듈조립 정상가동','SYSTEM','2026-03-31 05:20:27',NULL,NULL),(20,'P002','EQ034','2025-01-21','주간','가동','2025-01-21 08:15:00','2025-01-21 16:45:00',510.00,26,'FG-PCK-001',4.000,'W021','EV팩 조립','SYSTEM','2026-03-31 05:20:27',NULL,NULL),(21,'P001','EQ001','2025-01-22','주간','가동','2025-01-22 08:05:00','2025-01-22 12:25:00',260.00,28,'SF-CSL-001',515.000,'W003','양극슬러리 믹싱 완료','SYSTEM','2026-03-31 05:20:27',NULL,NULL),(22,'P001','EQ004','2025-01-22','주간','가동','2025-01-22 08:10:00',NULL,300.00,30,'SF-CEL-001',650.000,'W002','양극코팅 진행중','SYSTEM','2026-03-31 05:20:27',NULL,NULL),(23,'P001','EQ013','2025-01-22','주간','가동','2025-01-22 08:05:00',NULL,320.00,32,'SF-JEL-001',1500.000,'W007','전극적층 진행중','SYSTEM','2026-03-31 05:20:27',NULL,NULL),(24,'P001','EQ017','2025-01-22','주간','가동','2025-01-22 13:05:00',NULL,180.00,34,'SF-WET-001',800.000,'W009','전해액주입 진행중','SYSTEM','2026-03-31 05:20:27',NULL,NULL),(25,'P001','EQ021','2025-01-22','주야','가동','2025-01-22 00:05:00',NULL,800.00,35,'SF-FMC-001',900.000,'W011','화성 충방전 진행중','SYSTEM','2026-03-31 05:20:27',NULL,NULL),(26,'P002','EQ031','2025-01-22','주간','가동','2025-01-22 08:10:00',NULL,300.00,37,'FG-MOD-001',18.000,'W019','모듈조립 진행중','SYSTEM','2026-03-31 05:20:27',NULL,NULL),(27,'P002','EQ034','2025-01-22','주간','가동','2025-01-22 08:15:00',NULL,200.00,38,'FG-PCK-001',2.000,'W021','팩조립 진행중','SYSTEM','2026-03-31 05:20:27',NULL,NULL),(28,'P001','EQ003','2025-01-22','주간','대기','2025-01-22 08:00:00','2025-01-22 10:30:00',0.00,NULL,NULL,NULL,NULL,'예방정비 후 대기','SYSTEM','2026-03-31 05:20:27',NULL,NULL);
/*!40000 ALTER TABLE `EQP_OPER_STATUS` ENABLE KEYS */;
UNLOCK TABLES;

--
-- Table structure for table `EQP_PARAMETER`
--

DROP TABLE IF EXISTS `EQP_PARAMETER`;
/*!40101 SET @saved_cs_client     = @@character_set_client */;
/*!50503 SET character_set_client = utf8mb4 */;
CREATE TABLE `EQP_PARAMETER` (
  `PARAM_ID` bigint NOT NULL AUTO_INCREMENT COMMENT '파라미터ID',
  `EQUIPMENT_CD` varchar(20) COLLATE utf8mb4_general_ci NOT NULL COMMENT '설비코드',
  `PARAM_CD` varchar(50) COLLATE utf8mb4_general_ci NOT NULL COMMENT '파라미터코드',
  `PARAM_NM` varchar(100) COLLATE utf8mb4_general_ci NOT NULL COMMENT '파라미터명',
  `PARAM_TYPE` varchar(20) COLLATE utf8mb4_general_ci DEFAULT NULL COMMENT '파라미터유형',
  `DATA_TYPE` varchar(20) COLLATE utf8mb4_general_ci NOT NULL DEFAULT 'NUMBER' COMMENT '데이터유형',
  `UNIT` varchar(20) COLLATE utf8mb4_general_ci DEFAULT NULL COMMENT '단위',
  `LSL` decimal(15,5) DEFAULT NULL COMMENT '하한값',
  `USL` decimal(15,5) DEFAULT NULL COMMENT '상한값',
  `TARGET_VALUE` decimal(15,5) DEFAULT NULL COMMENT '목표값',
  `CURRENT_VALUE` decimal(15,5) DEFAULT NULL COMMENT '현재값',
  `LAST_UPDATE_DTM` datetime DEFAULT NULL COMMENT '최종갱신일시',
  `USE_YN` char(1) COLLATE utf8mb4_general_ci NOT NULL DEFAULT 'Y' COMMENT '사용여부',
  `REG_USER_ID` varchar(50) COLLATE utf8mb4_general_ci NOT NULL COMMENT '등록자ID',
  `REG_DTM` datetime NOT NULL DEFAULT CURRENT_TIMESTAMP COMMENT '등록일시',
  `UPD_USER_ID` varchar(50) COLLATE utf8mb4_general_ci DEFAULT NULL COMMENT '수정자ID',
  `UPD_DTM` datetime DEFAULT NULL ON UPDATE CURRENT_TIMESTAMP COMMENT '수정일시',
  PRIMARY KEY (`PARAM_ID`),
  UNIQUE KEY `UK_EQP_PARAMETER` (`EQUIPMENT_CD`,`PARAM_CD`),
  KEY `IDX_EQP_PARAMETER_01` (`EQUIPMENT_CD`),
  CONSTRAINT `FK_EQP_PARAM_EQP` FOREIGN KEY (`EQUIPMENT_CD`) REFERENCES `MST_EQUIPMENT` (`EQUIPMENT_CD`)
) ENGINE=InnoDB AUTO_INCREMENT=30 DEFAULT CHARSET=utf8mb4 COLLATE=utf8mb4_general_ci COMMENT='설비파라미터';
/*!40101 SET character_set_client = @saved_cs_client */;

--
-- Dumping data for table `EQP_PARAMETER`
--

LOCK TABLES `EQP_PARAMETER` WRITE;
/*!40000 ALTER TABLE `EQP_PARAMETER` DISABLE KEYS */;
INSERT INTO `EQP_PARAMETER` VALUES (1,'EQ001','MX_RPM','교반속도','공정조건','NUMBER','RPM',40.00000,80.00000,60.00000,60.50000,'2025-01-22 12:00:00','Y','SYSTEM','2026-03-31 05:20:32',NULL,NULL),(2,'EQ001','MX_TEMP','믹싱온도','공정조건','NUMBER','℃',20.00000,35.00000,25.00000,26.20000,'2025-01-22 12:00:00','Y','SYSTEM','2026-03-31 05:20:32',NULL,NULL),(3,'EQ001','MX_TORQUE','교반토크','설비상태','NUMBER','Nm',80.00000,150.00000,110.00000,112.00000,'2025-01-22 12:00:00','Y','SYSTEM','2026-03-31 05:20:32',NULL,NULL),(4,'EQ001','MX_VACUUM','진공도','공정조건','NUMBER','kPa',-100.00000,-70.00000,-90.00000,-92.00000,'2025-01-22 12:00:00','Y','SYSTEM','2026-03-31 05:20:32',NULL,NULL),(5,'EQ003','CT_GAP','코팅갭','공정조건','NUMBER','μm',340.00000,360.00000,350.00000,349.00000,'2025-01-22 10:30:00','Y','SYSTEM','2026-03-31 05:20:32',NULL,NULL),(6,'EQ003','CT_SPEED','코팅속도','공정조건','NUMBER','m/min',8.00000,15.00000,12.00000,12.00000,'2025-01-22 10:30:00','Y','SYSTEM','2026-03-31 05:20:32',NULL,NULL),(7,'EQ003','CT_DRY_T1','건조온도Zone1','공정조건','NUMBER','℃',115.00000,125.00000,120.00000,119.50000,'2025-01-22 10:30:00','Y','SYSTEM','2026-03-31 05:20:32',NULL,NULL),(8,'EQ003','CT_DRY_T2','건조온도Zone2','공정조건','NUMBER','℃',135.00000,145.00000,140.00000,140.20000,'2025-01-22 10:30:00','Y','SYSTEM','2026-03-31 05:20:32',NULL,NULL),(9,'EQ003','CT_TENSION','웹텐션','설비상태','NUMBER','N',8.00000,15.00000,12.00000,11.80000,'2025-01-22 10:30:00','Y','SYSTEM','2026-03-31 05:20:32',NULL,NULL),(10,'EQ009','RP_PRESS','프레스압력','공정조건','NUMBER','ton',150.00000,250.00000,200.00000,198.00000,'2025-01-22 12:00:00','Y','SYSTEM','2026-03-31 05:20:32',NULL,NULL),(11,'EQ009','RP_GAP','롤갭','공정조건','NUMBER','μm',55.00000,65.00000,60.00000,59.80000,'2025-01-22 12:00:00','Y','SYSTEM','2026-03-31 05:20:32',NULL,NULL),(12,'EQ009','RP_SPEED','압연속도','공정조건','NUMBER','m/min',20.00000,40.00000,30.00000,30.00000,'2025-01-22 12:00:00','Y','SYSTEM','2026-03-31 05:20:32',NULL,NULL),(13,'EQ013','SK_ALIGN','정렬정밀도','품질','NUMBER','mm',0.00000,0.20000,0.10000,0.08000,'2025-01-22 14:00:00','Y','SYSTEM','2026-03-31 05:20:32',NULL,NULL),(14,'EQ013','SK_SPEED','적층속도','공정조건','NUMBER','EA/min',5.00000,12.00000,8.00000,8.50000,'2025-01-22 14:00:00','Y','SYSTEM','2026-03-31 05:20:32',NULL,NULL),(15,'EQ013','SK_VACUUM','흡착진공도','설비상태','NUMBER','kPa',-80.00000,-60.00000,-70.00000,-72.00000,'2025-01-22 14:00:00','Y','SYSTEM','2026-03-31 05:20:32',NULL,NULL),(16,'EQ017','EI_VOLUME','주입량','공정조건','NUMBER','mL',4.80000,5.20000,5.00000,4.98000,'2025-01-22 14:00:00','Y','SYSTEM','2026-03-31 05:20:32',NULL,NULL),(17,'EQ017','EI_VACUUM','진공도','공정조건','NUMBER','kPa',-98.00000,-85.00000,-95.00000,-94.00000,'2025-01-22 14:00:00','Y','SYSTEM','2026-03-31 05:20:32',NULL,NULL),(18,'EQ017','EI_TEMP','전해액온도','공정조건','NUMBER','℃',20.00000,28.00000,25.00000,24.50000,'2025-01-22 14:00:00','Y','SYSTEM','2026-03-31 05:20:32',NULL,NULL),(19,'EQ021','BC_VOLTAGE','충전전압','공정조건','NUMBER','V',3.00000,4.25000,4.20000,4.19500,'2025-01-22 12:00:00','Y','SYSTEM','2026-03-31 05:20:32',NULL,NULL),(20,'EQ021','BC_CURRENT','충전전류','공정조건','NUMBER','A',0.10000,5.00000,1.50000,1.50200,'2025-01-22 12:00:00','Y','SYSTEM','2026-03-31 05:20:32',NULL,NULL),(21,'EQ021','BC_TEMP','셀표면온도','품질','NUMBER','℃',20.00000,45.00000,30.00000,32.50000,'2025-01-22 12:00:00','Y','SYSTEM','2026-03-31 05:20:32',NULL,NULL),(22,'EQ021','BC_COOL_TEMP','냉각수온도','설비상태','NUMBER','℃',18.00000,28.00000,23.00000,22.80000,'2025-01-22 12:00:00','Y','SYSTEM','2026-03-31 05:20:32',NULL,NULL),(23,'EQ023','AG_TEMP','챔버온도','공정조건','NUMBER','℃',43.00000,47.00000,45.00000,45.10000,'2025-01-22 08:00:00','Y','SYSTEM','2026-03-31 05:20:32',NULL,NULL),(24,'EQ023','AG_HUMIDITY','챔버습도','공정조건','NUMBER','%RH',0.00000,10.00000,5.00000,3.80000,'2025-01-22 08:00:00','Y','SYSTEM','2026-03-31 05:20:32',NULL,NULL),(25,'EQ031','MA_WELD_PWR','레이저용접출력','공정조건','NUMBER','W',800.00000,1200.00000,1000.00000,1005.00000,'2025-01-22 12:00:00','Y','SYSTEM','2026-03-31 05:20:32',NULL,NULL),(26,'EQ031','MA_TORQUE','볼트체결토크','공정조건','NUMBER','Nm',8.00000,12.00000,10.00000,10.20000,'2025-01-22 12:00:00','Y','SYSTEM','2026-03-31 05:20:32',NULL,NULL),(27,'EQ031','MA_VACUUM','그리퍼흡착력','설비상태','NUMBER','kPa',-80.00000,-60.00000,-70.00000,-71.00000,'2025-01-22 12:00:00','Y','SYSTEM','2026-03-31 05:20:32',NULL,NULL),(28,'EQ034','PA_TORQUE','팩체결토크','공정조건','NUMBER','Nm',15.00000,25.00000,20.00000,20.30000,'2025-01-22 10:00:00','Y','SYSTEM','2026-03-31 05:20:32',NULL,NULL),(29,'EQ034','PA_INSUL','절연저항','품질','NUMBER','MΩ',100.00000,99999.00000,500.00000,850.00000,'2025-01-22 10:00:00','Y','SYSTEM','2026-03-31 05:20:32',NULL,NULL);
/*!40000 ALTER TABLE `EQP_PARAMETER` ENABLE KEYS */;
UNLOCK TABLES;

--
-- Table structure for table `EQP_PARAMETER_HIS`
--

DROP TABLE IF EXISTS `EQP_PARAMETER_HIS`;
/*!40101 SET @saved_cs_client     = @@character_set_client */;
/*!50503 SET character_set_client = utf8mb4 */;
CREATE TABLE `EQP_PARAMETER_HIS` (
  `PARAM_HIS_ID` bigint NOT NULL AUTO_INCREMENT COMMENT '파라미터이력ID',
  `PARAM_ID` bigint NOT NULL COMMENT '파라미터ID',
  `EQUIPMENT_CD` varchar(20) COLLATE utf8mb4_general_ci NOT NULL COMMENT '설비코드',
  `MEASURE_DTM` datetime NOT NULL COMMENT '측정일시',
  `MEASURE_VALUE` decimal(15,5) NOT NULL COMMENT '측정값',
  `WO_ID` bigint DEFAULT NULL COMMENT '작업지시ID',
  `REG_USER_ID` varchar(50) COLLATE utf8mb4_general_ci NOT NULL COMMENT '등록자ID',
  `REG_DTM` datetime NOT NULL DEFAULT CURRENT_TIMESTAMP COMMENT '등록일시',
  PRIMARY KEY (`PARAM_HIS_ID`),
  KEY `IDX_EQP_PARAM_HIS_01` (`PARAM_ID`,`MEASURE_DTM`),
  KEY `IDX_EQP_PARAM_HIS_02` (`EQUIPMENT_CD`,`MEASURE_DTM`),
  CONSTRAINT `FK_EQP_PARAM_HIS_EQP` FOREIGN KEY (`EQUIPMENT_CD`) REFERENCES `MST_EQUIPMENT` (`EQUIPMENT_CD`),
  CONSTRAINT `FK_EQP_PARAM_HIS_PARAM` FOREIGN KEY (`PARAM_ID`) REFERENCES `EQP_PARAMETER` (`PARAM_ID`)
) ENGINE=InnoDB AUTO_INCREMENT=44 DEFAULT CHARSET=utf8mb4 COLLATE=utf8mb4_general_ci COMMENT='설비파라미터이력';
/*!40101 SET character_set_client = @saved_cs_client */;

--
-- Dumping data for table `EQP_PARAMETER_HIS`
--

LOCK TABLES `EQP_PARAMETER_HIS` WRITE;
/*!40000 ALTER TABLE `EQP_PARAMETER_HIS` DISABLE KEYS */;
INSERT INTO `EQP_PARAMETER_HIS` VALUES (1,1,'EQ001','2025-01-20 08:30:00',60.20000,1,'SYSTEM','2026-03-31 05:20:32'),(2,1,'EQ001','2025-01-20 09:30:00',60.00000,1,'SYSTEM','2026-03-31 05:20:32'),(3,1,'EQ001','2025-01-20 10:30:00',60.50000,1,'SYSTEM','2026-03-31 05:20:32'),(4,1,'EQ001','2025-01-20 11:30:00',60.30000,1,'SYSTEM','2026-03-31 05:20:32'),(5,1,'EQ001','2025-01-21 08:30:00',60.50000,15,'SYSTEM','2026-03-31 05:20:32'),(6,1,'EQ001','2025-01-21 09:30:00',60.20000,15,'SYSTEM','2026-03-31 05:20:32'),(7,1,'EQ001','2025-01-21 10:30:00',60.80000,15,'SYSTEM','2026-03-31 05:20:32'),(8,1,'EQ001','2025-01-21 11:30:00',60.50000,15,'SYSTEM','2026-03-31 05:20:32'),(9,1,'EQ001','2025-01-22 08:30:00',60.30000,28,'SYSTEM','2026-03-31 05:20:32'),(10,1,'EQ001','2025-01-22 09:30:00',60.50000,28,'SYSTEM','2026-03-31 05:20:32'),(11,1,'EQ001','2025-01-22 10:30:00',60.40000,28,'SYSTEM','2026-03-31 05:20:32'),(12,5,'EQ003','2025-01-20 09:00:00',350.00000,3,'SYSTEM','2026-03-31 05:20:32'),(13,5,'EQ003','2025-01-20 11:00:00',349.50000,3,'SYSTEM','2026-03-31 05:20:32'),(14,5,'EQ003','2025-01-20 14:00:00',351.00000,3,'SYSTEM','2026-03-31 05:20:32'),(15,5,'EQ003','2025-01-21 09:00:00',350.20000,17,'SYSTEM','2026-03-31 05:20:32'),(16,5,'EQ003','2025-01-21 12:00:00',349.80000,17,'SYSTEM','2026-03-31 05:20:32'),(17,5,'EQ003','2025-01-21 15:00:00',350.50000,17,'SYSTEM','2026-03-31 05:20:32'),(18,16,'EQ017','2025-01-20 09:00:00',5.01000,9,'SYSTEM','2026-03-31 05:20:32'),(19,16,'EQ017','2025-01-20 11:00:00',4.98000,9,'SYSTEM','2026-03-31 05:20:32'),(20,16,'EQ017','2025-01-20 14:00:00',5.00000,9,'SYSTEM','2026-03-31 05:20:32'),(21,16,'EQ017','2025-01-20 16:00:00',4.99000,9,'SYSTEM','2026-03-31 05:20:32'),(22,16,'EQ017','2025-01-22 13:30:00',5.02000,34,'SYSTEM','2026-03-31 05:20:32'),(23,16,'EQ017','2025-01-22 14:30:00',4.97000,34,'SYSTEM','2026-03-31 05:20:32'),(24,19,'EQ021','2025-01-20 04:00:00',4.19800,10,'SYSTEM','2026-03-31 05:20:32'),(25,19,'EQ021','2025-01-20 08:00:00',4.19500,10,'SYSTEM','2026-03-31 05:20:32'),(26,19,'EQ021','2025-01-20 12:00:00',4.20000,10,'SYSTEM','2026-03-31 05:20:32'),(27,19,'EQ021','2025-01-20 16:00:00',4.19700,10,'SYSTEM','2026-03-31 05:20:32'),(28,19,'EQ021','2025-01-20 20:00:00',4.19900,10,'SYSTEM','2026-03-31 05:20:32'),(29,19,'EQ021','2025-01-22 04:00:00',4.19600,35,'SYSTEM','2026-03-31 05:20:32'),(30,19,'EQ021','2025-01-22 08:00:00',4.19500,35,'SYSTEM','2026-03-31 05:20:32'),(31,19,'EQ021','2025-01-22 12:00:00',4.19800,35,'SYSTEM','2026-03-31 05:20:32'),(32,21,'EQ021','2025-01-20 04:00:00',31.50000,10,'SYSTEM','2026-03-31 05:20:32'),(33,21,'EQ021','2025-01-20 08:00:00',33.20000,10,'SYSTEM','2026-03-31 05:20:32'),(34,21,'EQ021','2025-01-20 12:00:00',32.80000,10,'SYSTEM','2026-03-31 05:20:32'),(35,21,'EQ021','2025-01-20 16:00:00',31.00000,10,'SYSTEM','2026-03-31 05:20:32'),(36,21,'EQ021','2025-01-22 04:00:00',32.00000,35,'SYSTEM','2026-03-31 05:20:32'),(37,21,'EQ021','2025-01-22 08:00:00',33.50000,35,'SYSTEM','2026-03-31 05:20:32'),(38,21,'EQ021','2025-01-22 12:00:00',32.50000,35,'SYSTEM','2026-03-31 05:20:32'),(39,25,'EQ031','2025-01-20 09:00:00',998.00000,12,'SYSTEM','2026-03-31 05:20:32'),(40,25,'EQ031','2025-01-20 12:00:00',1002.00000,12,'SYSTEM','2026-03-31 05:20:32'),(41,25,'EQ031','2025-01-20 15:00:00',1005.00000,12,'SYSTEM','2026-03-31 05:20:32'),(42,25,'EQ031','2025-01-22 09:00:00',1003.00000,37,'SYSTEM','2026-03-31 05:20:32'),(43,25,'EQ031','2025-01-22 11:00:00',1005.00000,37,'SYSTEM','2026-03-31 05:20:32');
/*!40000 ALTER TABLE `EQP_PARAMETER_HIS` ENABLE KEYS */;
UNLOCK TABLES;

--
-- Table structure for table `EQP_SPARE_PART`
--

DROP TABLE IF EXISTS `EQP_SPARE_PART`;
/*!40101 SET @saved_cs_client     = @@character_set_client */;
/*!50503 SET character_set_client = utf8mb4 */;
CREATE TABLE `EQP_SPARE_PART` (
  `SPARE_PART_ID` bigint NOT NULL AUTO_INCREMENT COMMENT '부품ID',
  `EQUIPMENT_CD` varchar(20) COLLATE utf8mb4_general_ci NOT NULL COMMENT '설비코드',
  `PART_CD` varchar(50) COLLATE utf8mb4_general_ci NOT NULL COMMENT '부품코드',
  `PART_NM` varchar(100) COLLATE utf8mb4_general_ci NOT NULL COMMENT '부품명',
  `PART_SPEC` varchar(200) COLLATE utf8mb4_general_ci DEFAULT NULL COMMENT '부품규격',
  `MAKER` varchar(100) COLLATE utf8mb4_general_ci DEFAULT NULL COMMENT '제조사',
  `STOCK_QTY` decimal(15,3) DEFAULT '0.000' COMMENT '재고수량',
  `SAFETY_QTY` decimal(15,3) DEFAULT NULL COMMENT '안전재고',
  `UNIT` varchar(20) COLLATE utf8mb4_general_ci DEFAULT NULL COMMENT '단위',
  `UNIT_PRICE` decimal(18,2) DEFAULT NULL COMMENT '단가',
  `REPLACE_CYCLE` int DEFAULT NULL COMMENT '교체주기(일)',
  `LAST_REPLACE_DT` date DEFAULT NULL COMMENT '최종교체일',
  `LOCATION` varchar(100) COLLATE utf8mb4_general_ci DEFAULT NULL COMMENT '보관위치',
  `USE_YN` char(1) COLLATE utf8mb4_general_ci NOT NULL DEFAULT 'Y' COMMENT '사용여부',
  `REG_USER_ID` varchar(50) COLLATE utf8mb4_general_ci NOT NULL COMMENT '등록자ID',
  `REG_DTM` datetime NOT NULL DEFAULT CURRENT_TIMESTAMP COMMENT '등록일시',
  `UPD_USER_ID` varchar(50) COLLATE utf8mb4_general_ci DEFAULT NULL COMMENT '수정자ID',
  `UPD_DTM` datetime DEFAULT NULL ON UPDATE CURRENT_TIMESTAMP COMMENT '수정일시',
  PRIMARY KEY (`SPARE_PART_ID`),
  UNIQUE KEY `UK_EQP_SPARE_PART` (`EQUIPMENT_CD`,`PART_CD`),
  KEY `IDX_EQP_SPARE_PART_01` (`EQUIPMENT_CD`),
  CONSTRAINT `FK_EQP_SPARE_PART_EQP` FOREIGN KEY (`EQUIPMENT_CD`) REFERENCES `MST_EQUIPMENT` (`EQUIPMENT_CD`)
) ENGINE=InnoDB AUTO_INCREMENT=26 DEFAULT CHARSET=utf8mb4 COLLATE=utf8mb4_general_ci COMMENT='설비부품';
/*!40101 SET character_set_client = @saved_cs_client */;

--
-- Dumping data for table `EQP_SPARE_PART`
--

LOCK TABLES `EQP_SPARE_PART` WRITE;
/*!40000 ALTER TABLE `EQP_SPARE_PART` DISABLE KEYS */;
INSERT INTO `EQP_SPARE_PART` VALUES (1,'EQ001','SP-MX-BLD-A','양극믹서블레이드세트','PM-2000용 SUS316L','프리믹스코리아',3.000,2.000,'SET',350000.00,180,'2025-01-21','WH004-A01','Y','SYSTEM','2026-03-31 05:20:31',NULL,NULL),(2,'EQ001','SP-MX-SEAL','믹서씰링패킹','PM-2000용 PTFE','프리믹스코리아',10.000,5.000,'EA',45000.00,90,'2024-12-15','WH004-A01','Y','SYSTEM','2026-03-31 05:20:31',NULL,NULL),(3,'EQ003','SP-CT-BRG','텐션롤베어링','6205-2RS','NSK',8.000,4.000,'EA',22000.00,90,'2025-01-22','WH004-A02','Y','SYSTEM','2026-03-31 05:20:31',NULL,NULL),(4,'EQ003','SP-CT-HEATER','건조로히터엘리먼트','SC-5000용 5kW','삼성SDI설비',4.000,2.000,'EA',280000.00,365,NULL,'WH004-A02','Y','SYSTEM','2026-03-31 05:20:31',NULL,NULL),(5,'EQ003','SP-CT-DIE-GSK','코터다이가스켓','SC-5000용 바이톤','삼성SDI설비',12.000,6.000,'EA',35000.00,60,'2024-12-20','WH004-A02','Y','SYSTEM','2026-03-31 05:20:31',NULL,NULL),(6,'EQ009','SP-RP-ROLL','프레스롤','RP-800용 WC-Co','한국롤프레스',1.000,1.000,'EA',8500000.00,365,NULL,'WH004-A03','Y','SYSTEM','2026-03-31 05:20:31',NULL,NULL),(7,'EQ009','SP-RP-BRG','프레스롤베어링','NJ2220-E','FAG',4.000,2.000,'EA',580000.00,180,'2024-11-10','WH004-A03','Y','SYSTEM','2026-03-31 05:20:31',NULL,NULL),(8,'EQ013','SP-SK-PAD','흡착패드','ZS-100용 실리콘','CKD',40.000,20.000,'EA',8000.00,30,'2025-01-15','WH004-B01','Y','SYSTEM','2026-03-31 05:20:31',NULL,NULL),(9,'EQ013','SP-SK-SERVO','서보모터','ZS-100용 1.5kW','야스카와',1.000,1.000,'EA',1200000.00,730,NULL,'WH004-B01','Y','SYSTEM','2026-03-31 05:20:31',NULL,NULL),(10,'EQ015','SP-UW-HORN','초음파혼','UW-500용 Ti합금','초음파산업',3.000,2.000,'EA',450000.00,120,'2024-12-01','WH004-B02','Y','SYSTEM','2026-03-31 05:20:31',NULL,NULL),(11,'EQ015','SP-UW-ANVIL','초음파앤빌','UW-500용','초음파산업',3.000,2.000,'EA',280000.00,120,'2024-12-01','WH004-B02','Y','SYSTEM','2026-03-31 05:20:31',NULL,NULL),(12,'EQ017','SP-EI-PUMP','정량펌프','EI-200용 다이어프램','한국주입기',2.000,1.000,'EA',650000.00,180,'2024-10-20','WH004-B03','Y','SYSTEM','2026-03-31 05:20:31',NULL,NULL),(13,'EQ017','SP-EI-VALVE','솔레노이드밸브','EI-200용 3way','한국주입기',6.000,3.000,'EA',85000.00,90,'2025-01-05','WH004-B03','Y','SYSTEM','2026-03-31 05:20:31',NULL,NULL),(14,'EQ019','SP-HS-BAR','실링바','HS-400용 SUS','한국실링',2.000,1.000,'EA',380000.00,180,'2024-11-20','WH004-B04','Y','SYSTEM','2026-03-31 05:20:31',NULL,NULL),(15,'EQ021','SP-BC-CHBD','채널보드','BCS-512용 32ch','피엔이솔루션',2.000,1.000,'EA',2500000.00,NULL,NULL,'WH004-C01','Y','SYSTEM','2026-03-31 05:20:31',NULL,NULL),(16,'EQ021','SP-BC-RELAY','채널릴레이','BCS-512용','피엔이솔루션',50.000,20.000,'EA',25000.00,365,'2024-12-10','WH004-C01','Y','SYSTEM','2026-03-31 05:20:31',NULL,NULL),(17,'EQ021','SP-BC-CABLE','통신케이블','CAT6-STP 3m','기타',20.000,10.000,'EA',8000.00,NULL,'2025-01-21','WH004-C01','Y','SYSTEM','2026-03-31 05:20:31',NULL,NULL),(18,'EQ023','SP-TC-HEATER','챔버히터','TC-5000용 10kW','한국항온',2.000,1.000,'EA',450000.00,365,NULL,'WH004-C02','Y','SYSTEM','2026-03-31 05:20:31',NULL,NULL),(19,'EQ023','SP-TC-FAN','순환팬모터','TC-5000용 3HP','한국항온',1.000,1.000,'EA',380000.00,730,NULL,'WH004-C02','Y','SYSTEM','2026-03-31 05:20:31',NULL,NULL),(20,'EQ031','SP-MA-PAD','그리퍼흡착패드','GP-S100','한국자동화',20.000,10.000,'EA',6000.00,30,'2025-01-22','WH009-A01','Y','SYSTEM','2026-03-31 05:20:31',NULL,NULL),(21,'EQ031','SP-MA-WELD','레이저용접광학렌즈','MA-200용','한국자동화',2.000,1.000,'EA',1500000.00,365,NULL,'WH009-A01','Y','SYSTEM','2026-03-31 05:20:31',NULL,NULL),(22,'EQ033','SP-BA-JIG-EV','BMS조립지그(EV)','JIG-BMS-EV01','한국전자',2.000,1.000,'SET',850000.00,NULL,'2025-01-21','WH009-A02','Y','SYSTEM','2026-03-31 05:20:31',NULL,NULL),(23,'EQ033','SP-BA-JIG-ESS','BMS조립지그(ESS)','JIG-BMS-ESS01','한국전자',2.000,1.000,'SET',750000.00,NULL,'2024-12-01','WH009-A02','Y','SYSTEM','2026-03-31 05:20:31',NULL,NULL),(24,'EQ034','SP-PA-TORQ','토크렌치비트','PA-50용 M8/M10','한국자동화',10.000,5.000,'EA',25000.00,90,'2025-01-10','WH009-A03','Y','SYSTEM','2026-03-31 05:20:31',NULL,NULL),(25,'EQ035','SP-PT-PROBE','충방전프로브','PT-100용','피엔이솔루션',8.000,4.000,'EA',180000.00,180,'2024-12-15','WH009-A04','Y','SYSTEM','2026-03-31 05:20:31',NULL,NULL);
/*!40000 ALTER TABLE `EQP_SPARE_PART` ENABLE KEYS */;
UNLOCK TABLES;

--
-- Table structure for table `INV_ISSUE_PLAN`
--

DROP TABLE IF EXISTS `INV_ISSUE_PLAN`;
/*!40101 SET @saved_cs_client     = @@character_set_client */;
/*!50503 SET character_set_client = utf8mb4 */;
CREATE TABLE `INV_ISSUE_PLAN` (
  `ISSUE_PLAN_ID` bigint NOT NULL AUTO_INCREMENT COMMENT '출고예정ID',
  `PLANT_CD` varchar(20) COLLATE utf8mb4_general_ci NOT NULL COMMENT '공장코드',
  `ISSUE_PLAN_NO` varchar(30) COLLATE utf8mb4_general_ci NOT NULL COMMENT '출고예정번호',
  `PLAN_DT` date NOT NULL COMMENT '예정일자',
  `ISSUE_TYPE` varchar(20) COLLATE utf8mb4_general_ci NOT NULL COMMENT '출고유형',
  `CUSTOMER_CD` varchar(50) COLLATE utf8mb4_general_ci DEFAULT NULL COMMENT '고객코드',
  `ORDER_NO` varchar(50) COLLATE utf8mb4_general_ci DEFAULT NULL COMMENT '주문번호',
  `WO_ID` bigint DEFAULT NULL COMMENT '작업지시ID',
  `ITEM_CD` varchar(50) COLLATE utf8mb4_general_ci NOT NULL COMMENT '품목코드',
  `PLAN_QTY` decimal(15,3) NOT NULL COMMENT '예정수량',
  `ISSUE_QTY` decimal(15,3) DEFAULT '0.000' COMMENT '출고수량',
  `WAREHOUSE_CD` varchar(20) COLLATE utf8mb4_general_ci DEFAULT NULL COMMENT '출고창고',
  `STATUS` varchar(20) COLLATE utf8mb4_general_ci NOT NULL DEFAULT '예정' COMMENT '상태',
  `PLAN_RMK` varchar(500) COLLATE utf8mb4_general_ci DEFAULT NULL COMMENT '비고',
  `REG_USER_ID` varchar(50) COLLATE utf8mb4_general_ci NOT NULL COMMENT '등록자ID',
  `REG_DTM` datetime NOT NULL DEFAULT CURRENT_TIMESTAMP COMMENT '등록일시',
  `UPD_USER_ID` varchar(50) COLLATE utf8mb4_general_ci DEFAULT NULL COMMENT '수정자ID',
  `UPD_DTM` datetime DEFAULT NULL ON UPDATE CURRENT_TIMESTAMP COMMENT '수정일시',
  PRIMARY KEY (`ISSUE_PLAN_ID`),
  UNIQUE KEY `UK_INV_ISSUE_PLAN` (`ISSUE_PLAN_NO`),
  KEY `FK_INV_ISSUE_PLAN_WH` (`WAREHOUSE_CD`),
  KEY `IDX_INV_ISSUE_PLAN_01` (`PLANT_CD`,`PLAN_DT`),
  KEY `IDX_INV_ISSUE_PLAN_02` (`WO_ID`),
  KEY `IDX_INV_ISSUE_PLAN_03` (`ITEM_CD`),
  CONSTRAINT `FK_INV_ISSUE_PLAN_ITEM` FOREIGN KEY (`ITEM_CD`) REFERENCES `MST_ITEM` (`ITEM_CD`),
  CONSTRAINT `FK_INV_ISSUE_PLAN_PLANT` FOREIGN KEY (`PLANT_CD`) REFERENCES `MST_PLANT` (`PLANT_CD`),
  CONSTRAINT `FK_INV_ISSUE_PLAN_WH` FOREIGN KEY (`WAREHOUSE_CD`) REFERENCES `MST_WAREHOUSE` (`WAREHOUSE_CD`),
  CONSTRAINT `FK_INV_ISSUE_PLAN_WO` FOREIGN KEY (`WO_ID`) REFERENCES `PLN_WORK_ORDER` (`WO_ID`)
) ENGINE=InnoDB DEFAULT CHARSET=utf8mb4 COLLATE=utf8mb4_general_ci COMMENT='출고예정';
/*!40101 SET character_set_client = @saved_cs_client */;

--
-- Dumping data for table `INV_ISSUE_PLAN`
--

LOCK TABLES `INV_ISSUE_PLAN` WRITE;
/*!40000 ALTER TABLE `INV_ISSUE_PLAN` DISABLE KEYS */;
/*!40000 ALTER TABLE `INV_ISSUE_PLAN` ENABLE KEYS */;
UNLOCK TABLES;

--
-- Table structure for table `INV_LOT`
--

DROP TABLE IF EXISTS `INV_LOT`;
/*!40101 SET @saved_cs_client     = @@character_set_client */;
/*!50503 SET character_set_client = utf8mb4 */;
CREATE TABLE `INV_LOT` (
  `LOT_ID` bigint NOT NULL AUTO_INCREMENT COMMENT 'LOT ID',
  `PLANT_CD` varchar(20) COLLATE utf8mb4_general_ci NOT NULL COMMENT '공장코드',
  `LOT_NO` varchar(50) COLLATE utf8mb4_general_ci NOT NULL COMMENT 'LOT번호',
  `ITEM_CD` varchar(50) COLLATE utf8mb4_general_ci NOT NULL COMMENT '품목코드',
  `LOT_QTY` decimal(15,3) NOT NULL COMMENT 'LOT수량',
  `CURRENT_QTY` decimal(15,3) NOT NULL DEFAULT '0.000' COMMENT '현재수량',
  `CREATE_DT` date NOT NULL COMMENT '생성일',
  `MFG_DT` date DEFAULT NULL COMMENT '제조일',
  `EXPIRE_DT` date DEFAULT NULL COMMENT '유효기한',
  `VENDOR_CD` varchar(50) COLLATE utf8mb4_general_ci DEFAULT NULL COMMENT '공급업체',
  `VENDOR_LOT_NO` varchar(50) COLLATE utf8mb4_general_ci DEFAULT NULL COMMENT '공급업체LOT',
  `PARENT_LOT_NO` varchar(50) COLLATE utf8mb4_general_ci DEFAULT NULL COMMENT '상위LOT번호',
  `WO_ID` bigint DEFAULT NULL COMMENT '작업지시ID',
  `LOT_TYPE` varchar(20) COLLATE utf8mb4_general_ci NOT NULL DEFAULT '생산' COMMENT 'LOT유형',
  `LOT_STATUS` varchar(20) COLLATE utf8mb4_general_ci NOT NULL DEFAULT '정상' COMMENT 'LOT상태',
  `INSPECT_STATUS` varchar(20) COLLATE utf8mb4_general_ci DEFAULT NULL COMMENT '검사상태',
  `LOT_GRADE` varchar(20) COLLATE utf8mb4_general_ci DEFAULT NULL COMMENT 'LOT등급',
  `LOT_RMK` varchar(500) COLLATE utf8mb4_general_ci DEFAULT NULL COMMENT '비고',
  `REG_USER_ID` varchar(50) COLLATE utf8mb4_general_ci NOT NULL COMMENT '등록자ID',
  `REG_DTM` datetime NOT NULL DEFAULT CURRENT_TIMESTAMP COMMENT '등록일시',
  `UPD_USER_ID` varchar(50) COLLATE utf8mb4_general_ci DEFAULT NULL COMMENT '수정자ID',
  `UPD_DTM` datetime DEFAULT NULL ON UPDATE CURRENT_TIMESTAMP COMMENT '수정일시',
  PRIMARY KEY (`LOT_ID`),
  UNIQUE KEY `UK_INV_LOT` (`LOT_NO`),
  KEY `FK_INV_LOT_ITEM` (`ITEM_CD`),
  KEY `IDX_INV_LOT_01` (`PLANT_CD`,`ITEM_CD`),
  KEY `IDX_INV_LOT_02` (`EXPIRE_DT`),
  KEY `IDX_INV_LOT_03` (`LOT_STATUS`),
  KEY `IDX_INV_LOT_04` (`VENDOR_CD`),
  KEY `IDX_INV_LOT_05` (`WO_ID`),
  CONSTRAINT `FK_INV_LOT_ITEM` FOREIGN KEY (`ITEM_CD`) REFERENCES `MST_ITEM` (`ITEM_CD`),
  CONSTRAINT `FK_INV_LOT_PLANT` FOREIGN KEY (`PLANT_CD`) REFERENCES `MST_PLANT` (`PLANT_CD`),
  CONSTRAINT `FK_INV_LOT_VENDOR` FOREIGN KEY (`VENDOR_CD`) REFERENCES `MST_VENDOR` (`VENDOR_CD`),
  CONSTRAINT `FK_INV_LOT_WO` FOREIGN KEY (`WO_ID`) REFERENCES `PLN_WORK_ORDER` (`WO_ID`)
) ENGINE=InnoDB AUTO_INCREMENT=46 DEFAULT CHARSET=utf8mb4 COLLATE=utf8mb4_general_ci COMMENT='LOT정보';
/*!40101 SET character_set_client = @saved_cs_client */;

--
-- Dumping data for table `INV_LOT`
--

LOCK TABLES `INV_LOT` WRITE;
/*!40000 ALTER TABLE `INV_LOT` DISABLE KEYS */;
INSERT INTO `INV_LOT` VALUES (1,'P001','RM-NCM-001-20250118-001','RM-NCM-001',5000.000,3500.000,'2025-01-18','2025-01-10','2026-01-10','V001','EP-NCM811-250110-A',NULL,NULL,'구매','정상','합격',NULL,NULL,'SYSTEM','2026-03-31 05:20:10',NULL,NULL),(2,'P001','RM-GRP-001-20250118-001','RM-GRP-001',5000.000,4200.000,'2025-01-18','2025-01-12','2026-01-12','V002','PF-GRP-250112-B',NULL,NULL,'구매','정상','합격',NULL,NULL,'SYSTEM','2026-03-31 05:20:10',NULL,NULL),(3,'P001','RM-ALF-001-20250118-001','RM-ALF-001',200.000,170.000,'2025-01-18','2025-01-05','2026-01-05','V005','IJ-ALF-250105-C',NULL,NULL,'구매','정상','합격',NULL,NULL,'SYSTEM','2026-03-31 05:20:10',NULL,NULL),(4,'P001','RM-CUF-001-20250118-001','RM-CUF-001',200.000,175.000,'2025-01-18','2025-01-05','2026-01-05','V005','IJ-CUF-250105-D',NULL,NULL,'구매','정상','합격',NULL,NULL,'SYSTEM','2026-03-31 05:20:10',NULL,NULL),(5,'P001','RM-PVD-001-20250118-001','RM-PVD-001',500.000,450.000,'2025-01-18','2025-01-08','2025-07-08','V006','KR-PVD-250108-A',NULL,NULL,'구매','정상','합격',NULL,NULL,'SYSTEM','2026-03-31 05:20:10',NULL,NULL),(6,'P001','RM-CNT-001-20250118-001','RM-CNT-001',200.000,185.000,'2025-01-18','2025-01-10','2025-07-10','V008','ENF-CNT-250110-B',NULL,NULL,'구매','정상','합격',NULL,NULL,'SYSTEM','2026-03-31 05:20:10',NULL,NULL),(7,'P001','RM-SEP-001-20250118-001','RM-SEP-001',100.000,82.000,'2025-01-18','2025-01-06','2026-01-06','V003','SK-SEP-250106-A',NULL,NULL,'구매','정상','합격',NULL,NULL,'SYSTEM','2026-03-31 05:20:10',NULL,NULL),(8,'P001','RM-ELY-001-20250118-001','RM-ELY-001',3000.000,2600.000,'2025-01-18','2025-01-11','2025-07-11','V004','SB-ELY-250111-A',NULL,NULL,'구매','정상','합격',NULL,NULL,'SYSTEM','2026-03-31 05:20:10',NULL,NULL),(9,'P001','RM-PCH-001-20250118-001','RM-PCH-001',10000.000,8500.000,'2025-01-18','2025-01-08',NULL,'V007','SB-PCH-250108-C',NULL,NULL,'구매','정상','합격',NULL,NULL,'SYSTEM','2026-03-31 05:20:10',NULL,NULL),(10,'P001','RM-NMP-001-20250118-001','RM-NMP-001',2000.000,1600.000,'2025-01-18','2025-01-09',NULL,'V006','KR-NMP-250109-A',NULL,NULL,'구매','정상',NULL,NULL,NULL,'SYSTEM','2026-03-31 05:20:10',NULL,NULL),(11,'P001','SF-CSL-001-20250120-001','SF-CSL-001',500.000,0.000,'2025-01-20','2025-01-20',NULL,NULL,NULL,'RM-NCM-001-20250118-001',1,'생산','정상','합격',NULL,NULL,'SYSTEM','2026-03-31 05:20:10',NULL,NULL),(12,'P001','SF-ASL-001-20250120-001','SF-ASL-001',400.000,0.000,'2025-01-20','2025-01-20',NULL,NULL,NULL,'RM-GRP-001-20250118-001',2,'생산','정상','합격',NULL,NULL,'SYSTEM','2026-03-31 05:20:10',NULL,NULL),(13,'P001','SF-CEL-001-20250120-001','SF-CEL-001',800.000,0.000,'2025-01-20','2025-01-20',NULL,NULL,NULL,'SF-CSL-001-20250120-001',3,'생산','정상','합격',NULL,NULL,'SYSTEM','2026-03-31 05:20:10',NULL,NULL),(14,'P001','SF-AEL-001-20250120-001','SF-AEL-001',700.000,0.000,'2025-01-20','2025-01-20',NULL,NULL,NULL,'SF-ASL-001-20250120-001',4,'생산','정상','합격',NULL,NULL,'SYSTEM','2026-03-31 05:20:10',NULL,NULL),(15,'P001','SF-CER-001-20250120-001','SF-CER-001',750.000,0.000,'2025-01-20','2025-01-20',NULL,NULL,NULL,'SF-CEL-001-20250120-001',5,'생산','정상','합격',NULL,NULL,'SYSTEM','2026-03-31 05:20:10',NULL,NULL),(16,'P001','SF-AER-001-20250120-001','SF-AER-001',650.000,0.000,'2025-01-20','2025-01-20',NULL,NULL,NULL,'SF-AEL-001-20250120-001',6,'생산','정상','합격',NULL,NULL,'SYSTEM','2026-03-31 05:20:10',NULL,NULL),(17,'P001','SF-JEL-001-20250120-001','SF-JEL-001',2000.000,0.000,'2025-01-20','2025-01-20',NULL,NULL,NULL,NULL,7,'생산','정상','합격',NULL,NULL,'SYSTEM','2026-03-31 05:20:10',NULL,NULL),(18,'P001','SF-DRC-001-20250120-001','SF-DRC-001',1800.000,0.000,'2025-01-20','2025-01-20',NULL,NULL,NULL,'SF-JEL-001-20250120-001',8,'생산','정상',NULL,NULL,NULL,'SYSTEM','2026-03-31 05:20:10',NULL,NULL),(19,'P001','SF-WET-001-20250120-001','SF-WET-001',1500.000,0.000,'2025-01-20','2025-01-20',NULL,NULL,NULL,'SF-DRC-001-20250120-001',9,'생산','정상','합격',NULL,NULL,'SYSTEM','2026-03-31 05:20:10',NULL,NULL),(20,'P001','SF-FMC-001-20250120-001','SF-FMC-001',1200.000,0.000,'2025-01-20','2025-01-20',NULL,NULL,NULL,'SF-WET-001-20250120-001',10,'생산','정상','합격',NULL,NULL,'SYSTEM','2026-03-31 05:20:10',NULL,NULL),(21,'P001','SF-CSL-001-20250121-001','SF-CSL-001',550.000,0.000,'2025-01-21','2025-01-21',NULL,NULL,NULL,'RM-NCM-001-20250118-001',15,'생산','정상','합격',NULL,NULL,'SYSTEM','2026-03-31 05:20:10',NULL,NULL),(22,'P001','SF-CEL-001-20250121-001','SF-CEL-001',850.000,0.000,'2025-01-21','2025-01-21',NULL,NULL,NULL,'SF-CSL-001-20250121-001',17,'생산','정상','합격',NULL,NULL,'SYSTEM','2026-03-31 05:20:10',NULL,NULL),(23,'P001','SF-CES-001-20250121-001','SF-CES-001',3000.000,0.000,'2025-01-21','2025-01-21',NULL,NULL,NULL,'SF-CER-001-20250120-001',19,'생산','정상','합격',NULL,NULL,'SYSTEM','2026-03-31 05:20:10',NULL,NULL),(24,'P001','SF-AES-001-20250121-001','SF-AES-001',3100.000,0.000,'2025-01-21','2025-01-21',NULL,NULL,NULL,'SF-AER-001-20250120-001',20,'생산','정상','합격',NULL,NULL,'SYSTEM','2026-03-31 05:20:10',NULL,NULL),(25,'P001','SF-JEL-001-20250121-001','SF-JEL-001',1800.000,0.000,'2025-01-21','2025-01-21',NULL,NULL,NULL,NULL,21,'생산','정상','합격',NULL,NULL,'SYSTEM','2026-03-31 05:20:10',NULL,NULL),(26,'P001','SF-WET-001-20250121-001','SF-WET-001',1400.000,0.000,'2025-01-21','2025-01-21',NULL,NULL,NULL,NULL,22,'생산','정상','합격',NULL,NULL,'SYSTEM','2026-03-31 05:20:10',NULL,NULL),(27,'P001','SF-FMC-001-20250121-001','SF-FMC-001',1300.000,0.000,'2025-01-21','2025-01-21',NULL,NULL,NULL,'SF-WET-001-20250121-001',23,'생산','정상','합격',NULL,NULL,'SYSTEM','2026-03-31 05:20:10',NULL,NULL),(28,'P001','SF-CSL-001-20250122-001','SF-CSL-001',520.000,515.000,'2025-01-22','2025-01-22',NULL,NULL,NULL,'RM-NCM-001-20250118-001',28,'생산','정상','합격',NULL,NULL,'SYSTEM','2026-03-31 05:20:10',NULL,NULL),(29,'P001','SF-ASL-001-20250122-001','SF-ASL-001',420.000,416.000,'2025-01-22','2025-01-22',NULL,NULL,NULL,'RM-GRP-001-20250118-001',29,'생산','정상','합격',NULL,NULL,'SYSTEM','2026-03-31 05:20:10',NULL,NULL),(30,'P001','SF-CEL-001-20250122-001','SF-CEL-001',663.000,650.000,'2025-01-22','2025-01-22',NULL,NULL,NULL,NULL,30,'생산','정상','진행',NULL,NULL,'SYSTEM','2026-03-31 05:20:10',NULL,NULL),(31,'P001','SF-JEL-001-20250122-001','SF-JEL-001',1530.000,1500.000,'2025-01-22','2025-01-22',NULL,NULL,NULL,NULL,32,'생산','정상','진행',NULL,NULL,'SYSTEM','2026-03-31 05:20:10',NULL,NULL),(32,'P001','SF-FMC-001-20250122-001','SF-FMC-001',918.000,900.000,'2025-01-22','2025-01-22',NULL,NULL,NULL,NULL,35,'생산','정상','진행',NULL,NULL,'SYSTEM','2026-03-31 05:20:10',NULL,NULL),(33,'P001','FG-CEL-001-20250120-001','FG-CEL-001',1100.000,1067.000,'2025-01-20','2025-01-20',NULL,NULL,NULL,NULL,11,'생산','정상','합격',NULL,NULL,'SYSTEM','2026-03-31 05:20:10',NULL,NULL),(34,'P001','FG-CEL-001-20250121-001','FG-CEL-001',1200.000,1164.000,'2025-01-21','2025-01-21',NULL,NULL,NULL,NULL,24,'생산','정상','합격',NULL,NULL,'SYSTEM','2026-03-31 05:20:10',NULL,NULL),(35,'P002','FG-MOD-001-20250120-001','FG-MOD-001',20.000,20.000,'2025-01-20','2025-01-20',NULL,NULL,NULL,NULL,12,'생산','정상','합격',NULL,NULL,'SYSTEM','2026-03-31 05:20:10',NULL,NULL),(36,'P002','FG-MOD-001-20250121-001','FG-MOD-001',22.000,22.000,'2025-01-21','2025-01-21',NULL,NULL,NULL,NULL,25,'생산','정상','합격',NULL,NULL,'SYSTEM','2026-03-31 05:20:10',NULL,NULL),(37,'P002','FG-MOD-001-20250122-001','FG-MOD-001',18.000,18.000,'2025-01-22','2025-01-22',NULL,NULL,NULL,NULL,37,'생산','정상','진행',NULL,NULL,'SYSTEM','2026-03-31 05:20:10',NULL,NULL),(38,'P002','FG-PCK-001-20250120-001','FG-PCK-001',3.000,3.000,'2025-01-20','2025-01-20',NULL,NULL,NULL,NULL,13,'생산','정상','합격',NULL,NULL,'SYSTEM','2026-03-31 05:20:10',NULL,NULL),(39,'P002','FG-PCK-001-20250121-001','FG-PCK-001',4.000,4.000,'2025-01-21','2025-01-21',NULL,NULL,NULL,NULL,26,'생산','정상','합격',NULL,NULL,'SYSTEM','2026-03-31 05:20:10',NULL,NULL),(40,'P002','FG-PCK-001-20250122-001','FG-PCK-001',2.000,2.000,'2025-01-22','2025-01-22',NULL,NULL,NULL,NULL,38,'생산','정상','진행',NULL,NULL,'SYSTEM','2026-03-31 05:20:10',NULL,NULL),(41,'P002','FG-PCK-002-20250121-001','FG-PCK-002',3.000,3.000,'2025-01-21','2025-01-21',NULL,NULL,NULL,NULL,27,'생산','정상','합격',NULL,NULL,'SYSTEM','2026-03-31 05:20:10',NULL,NULL),(42,'P002','RM-BMS-001-20250115-001','RM-BMS-001',200.000,138.000,'2025-01-15','2025-01-10',NULL,'V009','DA-BMS100-250110',NULL,NULL,'구매','정상','합격',NULL,NULL,'SYSTEM','2026-03-31 05:20:10',NULL,NULL),(43,'P002','RM-BMS-002-20250115-001','RM-BMS-002',100.000,91.000,'2025-01-15','2025-01-10',NULL,'V009','DA-BMS200-250110',NULL,NULL,'구매','정상','합격',NULL,NULL,'SYSTEM','2026-03-31 05:20:10',NULL,NULL),(44,'P002','RM-BUS-001-20250115-001','RM-BUS-001',5000.000,4070.000,'2025-01-15','2025-01-08',NULL,'V014','EC-BUS-250108',NULL,NULL,'구매','정상',NULL,NULL,NULL,'SYSTEM','2026-03-31 05:20:10',NULL,NULL),(45,'P002','RM-CAS-001-20250115-001','RM-CAS-001',100.000,91.000,'2025-01-15','2025-01-05',NULL,'V014','EC-CAS-250105',NULL,NULL,'구매','정상','합격',NULL,NULL,'SYSTEM','2026-03-31 05:20:10',NULL,NULL);
/*!40000 ALTER TABLE `INV_LOT` ENABLE KEYS */;
UNLOCK TABLES;

--
-- Table structure for table `INV_LOT_TRACE`
--

DROP TABLE IF EXISTS `INV_LOT_TRACE`;
/*!40101 SET @saved_cs_client     = @@character_set_client */;
/*!50503 SET character_set_client = utf8mb4 */;
CREATE TABLE `INV_LOT_TRACE` (
  `TRACE_ID` bigint NOT NULL AUTO_INCREMENT COMMENT '추적ID',
  `PLANT_CD` varchar(20) COLLATE utf8mb4_general_ci NOT NULL COMMENT '공장코드',
  `LOT_NO` varchar(50) COLLATE utf8mb4_general_ci NOT NULL COMMENT 'LOT번호',
  `PARENT_LOT_NO` varchar(50) COLLATE utf8mb4_general_ci DEFAULT NULL COMMENT '상위LOT번호',
  `CHILD_LOT_NO` varchar(50) COLLATE utf8mb4_general_ci DEFAULT NULL COMMENT '하위LOT번호',
  `TRACE_TYPE` varchar(20) COLLATE utf8mb4_general_ci NOT NULL COMMENT '추적유형',
  `TRACE_LEVEL` int NOT NULL DEFAULT '1' COMMENT '추적레벨',
  `ITEM_CD` varchar(50) COLLATE utf8mb4_general_ci NOT NULL COMMENT '품목코드',
  `PROCESS_CD` varchar(20) COLLATE utf8mb4_general_ci DEFAULT NULL COMMENT '공정코드',
  `WO_ID` bigint DEFAULT NULL COMMENT '작업지시ID',
  `RESULT_ID` bigint DEFAULT NULL COMMENT '작업실적ID',
  `TRACE_DTM` datetime NOT NULL COMMENT '추적일시',
  `TRACE_QTY` decimal(15,3) DEFAULT NULL COMMENT '추적수량',
  `TRACE_RMK` varchar(500) COLLATE utf8mb4_general_ci DEFAULT NULL COMMENT '비고',
  `REG_USER_ID` varchar(50) COLLATE utf8mb4_general_ci NOT NULL COMMENT '등록자ID',
  `REG_DTM` datetime NOT NULL DEFAULT CURRENT_TIMESTAMP COMMENT '등록일시',
  PRIMARY KEY (`TRACE_ID`),
  KEY `FK_INV_LOT_TRACE_PLANT` (`PLANT_CD`),
  KEY `FK_INV_LOT_TRACE_WO` (`WO_ID`),
  KEY `IDX_INV_LOT_TRACE_01` (`LOT_NO`),
  KEY `IDX_INV_LOT_TRACE_02` (`PARENT_LOT_NO`),
  KEY `IDX_INV_LOT_TRACE_03` (`CHILD_LOT_NO`),
  KEY `IDX_INV_LOT_TRACE_04` (`ITEM_CD`),
  CONSTRAINT `FK_INV_LOT_TRACE_ITEM` FOREIGN KEY (`ITEM_CD`) REFERENCES `MST_ITEM` (`ITEM_CD`),
  CONSTRAINT `FK_INV_LOT_TRACE_PLANT` FOREIGN KEY (`PLANT_CD`) REFERENCES `MST_PLANT` (`PLANT_CD`),
  CONSTRAINT `FK_INV_LOT_TRACE_WO` FOREIGN KEY (`WO_ID`) REFERENCES `PLN_WORK_ORDER` (`WO_ID`)
) ENGINE=InnoDB AUTO_INCREMENT=15 DEFAULT CHARSET=utf8mb4 COLLATE=utf8mb4_general_ci COMMENT='LOT추적이력';
/*!40101 SET character_set_client = @saved_cs_client */;

--
-- Dumping data for table `INV_LOT_TRACE`
--

LOCK TABLES `INV_LOT_TRACE` WRITE;
/*!40000 ALTER TABLE `INV_LOT_TRACE` DISABLE KEYS */;
INSERT INTO `INV_LOT_TRACE` VALUES (1,'P001','SF-CSL-001-20250120-001','RM-NCM-001-20250118-001','SF-CSL-001-20250120-001','정방향',1,'SF-CSL-001','PR001',1,NULL,'2025-01-20 08:05:00',460.000,NULL,'SYSTEM','2026-03-31 05:20:12'),(2,'P001','SF-ASL-001-20250120-001','RM-GRP-001-20250118-001','SF-ASL-001-20250120-001','정방향',1,'SF-ASL-001','PR003',2,NULL,'2025-01-20 08:10:00',380.000,NULL,'SYSTEM','2026-03-31 05:20:12'),(3,'P001','SF-CEL-001-20250120-001','SF-CSL-001-20250120-001','SF-CEL-001-20250120-001','정방향',2,'SF-CEL-001','PR002',3,NULL,'2025-01-20 08:15:00',400.000,NULL,'SYSTEM','2026-03-31 05:20:12'),(4,'P001','SF-AEL-001-20250120-001','SF-ASL-001-20250120-001','SF-AEL-001-20250120-001','정방향',2,'SF-AEL-001','PR004',4,NULL,'2025-01-20 08:10:00',350.000,NULL,'SYSTEM','2026-03-31 05:20:12'),(5,'P001','SF-JEL-001-20250120-001',NULL,'SF-JEL-001-20250120-001','정방향',4,'SF-JEL-001','PR008',7,NULL,'2025-01-20 08:05:00',2000.000,NULL,'SYSTEM','2026-03-31 05:20:12'),(6,'P001','SF-WET-001-20250120-001','SF-DRC-001-20250120-001','SF-WET-001-20250120-001','정방향',5,'SF-WET-001','PR011',9,NULL,'2025-01-20 08:15:00',1500.000,NULL,'SYSTEM','2026-03-31 05:20:12'),(7,'P001','SF-FMC-001-20250120-001','SF-WET-001-20250120-001','SF-FMC-001-20250120-001','정방향',6,'SF-FMC-001','PR013',10,NULL,'2025-01-20 00:05:00',1200.000,NULL,'SYSTEM','2026-03-31 05:20:12'),(8,'P001','FG-CEL-001-20250120-001','SF-FMC-001-20250120-001','FG-CEL-001-20250120-001','정방향',7,'FG-CEL-001','PR017',11,NULL,'2025-01-20 08:05:00',1100.000,NULL,'SYSTEM','2026-03-31 05:20:12'),(9,'P002','FG-MOD-001-20250120-001','FG-CEL-001-20250120-001','FG-MOD-001-20250120-001','정방향',8,'FG-MOD-001','PR019',12,NULL,'2025-01-20 08:10:00',320.000,NULL,'SYSTEM','2026-03-31 05:20:12'),(10,'P002','FG-PCK-001-20250120-001','FG-MOD-001-20250120-001','FG-PCK-001-20250120-001','정방향',9,'FG-PCK-001','PR021',13,NULL,'2025-01-20 08:20:00',18.000,NULL,'SYSTEM','2026-03-31 05:20:12'),(11,'P001','SF-CSL-001-20250121-001','RM-NCM-001-20250118-001','SF-CSL-001-20250121-001','정방향',1,'SF-CSL-001','PR001',15,NULL,'2025-01-21 08:00:00',506.000,NULL,'SYSTEM','2026-03-31 05:20:12'),(12,'P001','FG-CEL-001-20250121-001',NULL,'FG-CEL-001-20250121-001','정방향',7,'FG-CEL-001','PR017',24,NULL,'2025-01-21 08:00:00',1200.000,NULL,'SYSTEM','2026-03-31 05:20:12'),(13,'P002','FG-MOD-001-20250121-001','FG-CEL-001-20250121-001','FG-MOD-001-20250121-001','정방향',8,'FG-MOD-001','PR019',25,NULL,'2025-01-21 08:05:00',352.000,NULL,'SYSTEM','2026-03-31 05:20:12'),(14,'P002','FG-PCK-001-20250121-001','FG-MOD-001-20250121-001','FG-PCK-001-20250121-001','정방향',9,'FG-PCK-001','PR021',26,NULL,'2025-01-21 08:15:00',24.000,NULL,'SYSTEM','2026-03-31 05:20:12');
/*!40000 ALTER TABLE `INV_LOT_TRACE` ENABLE KEYS */;
UNLOCK TABLES;

--
-- Table structure for table `INV_RECEIVE_PLAN`
--

DROP TABLE IF EXISTS `INV_RECEIVE_PLAN`;
/*!40101 SET @saved_cs_client     = @@character_set_client */;
/*!50503 SET character_set_client = utf8mb4 */;
CREATE TABLE `INV_RECEIVE_PLAN` (
  `RECEIVE_PLAN_ID` bigint NOT NULL AUTO_INCREMENT COMMENT '입고예정ID',
  `PLANT_CD` varchar(20) COLLATE utf8mb4_general_ci NOT NULL COMMENT '공장코드',
  `RECEIVE_PLAN_NO` varchar(30) COLLATE utf8mb4_general_ci NOT NULL COMMENT '입고예정번호',
  `PLAN_DT` date NOT NULL COMMENT '예정일자',
  `RECEIVE_TYPE` varchar(20) COLLATE utf8mb4_general_ci NOT NULL COMMENT '입고유형',
  `VENDOR_CD` varchar(50) COLLATE utf8mb4_general_ci DEFAULT NULL COMMENT '거래처코드',
  `PO_NO` varchar(50) COLLATE utf8mb4_general_ci DEFAULT NULL COMMENT '발주번호',
  `ITEM_CD` varchar(50) COLLATE utf8mb4_general_ci NOT NULL COMMENT '품목코드',
  `PLAN_QTY` decimal(15,3) NOT NULL COMMENT '예정수량',
  `RECEIVE_QTY` decimal(15,3) DEFAULT '0.000' COMMENT '입고수량',
  `WAREHOUSE_CD` varchar(20) COLLATE utf8mb4_general_ci DEFAULT NULL COMMENT '입고창고',
  `STATUS` varchar(20) COLLATE utf8mb4_general_ci NOT NULL DEFAULT '예정' COMMENT '상태',
  `PLAN_RMK` varchar(500) COLLATE utf8mb4_general_ci DEFAULT NULL COMMENT '비고',
  `REG_USER_ID` varchar(50) COLLATE utf8mb4_general_ci NOT NULL COMMENT '등록자ID',
  `REG_DTM` datetime NOT NULL DEFAULT CURRENT_TIMESTAMP COMMENT '등록일시',
  `UPD_USER_ID` varchar(50) COLLATE utf8mb4_general_ci DEFAULT NULL COMMENT '수정자ID',
  `UPD_DTM` datetime DEFAULT NULL ON UPDATE CURRENT_TIMESTAMP COMMENT '수정일시',
  PRIMARY KEY (`RECEIVE_PLAN_ID`),
  UNIQUE KEY `UK_INV_RECEIVE_PLAN` (`RECEIVE_PLAN_NO`),
  KEY `FK_INV_RCV_PLAN_WH` (`WAREHOUSE_CD`),
  KEY `IDX_INV_RCV_PLAN_01` (`PLANT_CD`,`PLAN_DT`),
  KEY `IDX_INV_RCV_PLAN_02` (`VENDOR_CD`),
  KEY `IDX_INV_RCV_PLAN_03` (`ITEM_CD`),
  CONSTRAINT `FK_INV_RCV_PLAN_ITEM` FOREIGN KEY (`ITEM_CD`) REFERENCES `MST_ITEM` (`ITEM_CD`),
  CONSTRAINT `FK_INV_RCV_PLAN_PLANT` FOREIGN KEY (`PLANT_CD`) REFERENCES `MST_PLANT` (`PLANT_CD`),
  CONSTRAINT `FK_INV_RCV_PLAN_VENDOR` FOREIGN KEY (`VENDOR_CD`) REFERENCES `MST_VENDOR` (`VENDOR_CD`),
  CONSTRAINT `FK_INV_RCV_PLAN_WH` FOREIGN KEY (`WAREHOUSE_CD`) REFERENCES `MST_WAREHOUSE` (`WAREHOUSE_CD`)
) ENGINE=InnoDB DEFAULT CHARSET=utf8mb4 COLLATE=utf8mb4_general_ci COMMENT='입고예정';
/*!40101 SET character_set_client = @saved_cs_client */;

--
-- Dumping data for table `INV_RECEIVE_PLAN`
--

LOCK TABLES `INV_RECEIVE_PLAN` WRITE;
/*!40000 ALTER TABLE `INV_RECEIVE_PLAN` DISABLE KEYS */;
/*!40000 ALTER TABLE `INV_RECEIVE_PLAN` ENABLE KEYS */;
UNLOCK TABLES;

--
-- Table structure for table `INV_STOCK`
--

DROP TABLE IF EXISTS `INV_STOCK`;
/*!40101 SET @saved_cs_client     = @@character_set_client */;
/*!50503 SET character_set_client = utf8mb4 */;
CREATE TABLE `INV_STOCK` (
  `STOCK_ID` bigint NOT NULL AUTO_INCREMENT COMMENT '재고ID',
  `PLANT_CD` varchar(20) COLLATE utf8mb4_general_ci NOT NULL COMMENT '공장코드',
  `WAREHOUSE_CD` varchar(20) COLLATE utf8mb4_general_ci NOT NULL COMMENT '창고코드',
  `LOCATION_CD` varchar(50) COLLATE utf8mb4_general_ci DEFAULT NULL COMMENT '로케이션코드',
  `ITEM_CD` varchar(50) COLLATE utf8mb4_general_ci NOT NULL COMMENT '품목코드',
  `LOT_NO` varchar(50) COLLATE utf8mb4_general_ci DEFAULT NULL COMMENT 'LOT번호',
  `STOCK_QTY` decimal(15,3) NOT NULL DEFAULT '0.000' COMMENT '재고수량',
  `RESERVED_QTY` decimal(15,3) DEFAULT '0.000' COMMENT '예약수량',
  `AVAILABLE_QTY` decimal(15,3) GENERATED ALWAYS AS ((`STOCK_QTY` - coalesce(`RESERVED_QTY`,0))) STORED COMMENT '가용수량',
  `UNIT` varchar(20) COLLATE utf8mb4_general_ci NOT NULL COMMENT '단위',
  `STOCK_STATUS` varchar(20) COLLATE utf8mb4_general_ci NOT NULL DEFAULT '정상' COMMENT '재고상태',
  `LAST_IN_DT` date DEFAULT NULL COMMENT '최종입고일',
  `LAST_OUT_DT` date DEFAULT NULL COMMENT '최종출고일',
  `EXPIRE_DT` date DEFAULT NULL COMMENT '유효기한',
  `MFG_DT` date DEFAULT NULL COMMENT '제조일자',
  `UNIT_COST` decimal(18,4) DEFAULT NULL COMMENT '단가',
  `STOCK_AMT` decimal(18,2) DEFAULT NULL COMMENT '재고금액',
  `REG_USER_ID` varchar(50) COLLATE utf8mb4_general_ci NOT NULL COMMENT '등록자ID',
  `REG_DTM` datetime NOT NULL DEFAULT CURRENT_TIMESTAMP COMMENT '등록일시',
  `UPD_USER_ID` varchar(50) COLLATE utf8mb4_general_ci DEFAULT NULL COMMENT '수정자ID',
  `UPD_DTM` datetime DEFAULT NULL ON UPDATE CURRENT_TIMESTAMP COMMENT '수정일시',
  PRIMARY KEY (`STOCK_ID`),
  UNIQUE KEY `UK_INV_STOCK` (`PLANT_CD`,`WAREHOUSE_CD`,`ITEM_CD`,`LOT_NO`,`LOCATION_CD`),
  KEY `FK_INV_STOCK_WH` (`WAREHOUSE_CD`),
  KEY `IDX_INV_STOCK_01` (`PLANT_CD`,`WAREHOUSE_CD`,`ITEM_CD`),
  KEY `IDX_INV_STOCK_02` (`ITEM_CD`,`LOT_NO`),
  KEY `IDX_INV_STOCK_03` (`STOCK_STATUS`),
  KEY `IDX_INV_STOCK_04` (`EXPIRE_DT`),
  CONSTRAINT `FK_INV_STOCK_ITEM` FOREIGN KEY (`ITEM_CD`) REFERENCES `MST_ITEM` (`ITEM_CD`),
  CONSTRAINT `FK_INV_STOCK_PLANT` FOREIGN KEY (`PLANT_CD`) REFERENCES `MST_PLANT` (`PLANT_CD`),
  CONSTRAINT `FK_INV_STOCK_WH` FOREIGN KEY (`WAREHOUSE_CD`) REFERENCES `MST_WAREHOUSE` (`WAREHOUSE_CD`)
) ENGINE=InnoDB AUTO_INCREMENT=32 DEFAULT CHARSET=utf8mb4 COLLATE=utf8mb4_general_ci COMMENT='재고현황';
/*!40101 SET character_set_client = @saved_cs_client */;

--
-- Dumping data for table `INV_STOCK`
--

LOCK TABLES `INV_STOCK` WRITE;
/*!40000 ALTER TABLE `INV_STOCK` DISABLE KEYS */;
INSERT INTO `INV_STOCK` (`STOCK_ID`, `PLANT_CD`, `WAREHOUSE_CD`, `LOCATION_CD`, `ITEM_CD`, `LOT_NO`, `STOCK_QTY`, `RESERVED_QTY`, `UNIT`, `STOCK_STATUS`, `LAST_IN_DT`, `LAST_OUT_DT`, `EXPIRE_DT`, `MFG_DT`, `UNIT_COST`, `STOCK_AMT`, `REG_USER_ID`, `REG_DTM`, `UPD_USER_ID`, `UPD_DTM`) VALUES (1,'P001','WH001',NULL,'RM-NCM-001','RM-NCM-001-20250118-001',3500.000,500.000,'KG','정상','2025-01-18','2025-01-22','2026-01-10',NULL,45000.0000,NULL,'SYSTEM','2026-03-31 05:20:10',NULL,NULL),(2,'P001','WH001',NULL,'RM-PVD-001','RM-PVD-001-20250118-001',450.000,30.000,'KG','정상','2025-01-18','2025-01-22','2025-07-08',NULL,55000.0000,NULL,'SYSTEM','2026-03-31 05:20:10',NULL,NULL),(3,'P001','WH001',NULL,'RM-CNT-001','RM-CNT-001-20250118-001',185.000,10.000,'KG','정상','2025-01-18','2025-01-22','2025-07-10',NULL,120000.0000,NULL,'SYSTEM','2026-03-31 05:20:10',NULL,NULL),(4,'P001','WH002',NULL,'RM-GRP-001','RM-GRP-001-20250118-001',4200.000,400.000,'KG','정상','2025-01-18','2025-01-22','2026-01-12',NULL,12000.0000,NULL,'SYSTEM','2026-03-31 05:20:10',NULL,NULL),(5,'P001','WH001',NULL,'RM-ALF-001','RM-ALF-001-20250118-001',170.000,10.000,'ROLL','정상','2025-01-18','2025-01-22','2026-01-05',NULL,850000.0000,NULL,'SYSTEM','2026-03-31 05:20:10',NULL,NULL),(6,'P001','WH002',NULL,'RM-CUF-001','RM-CUF-001-20250118-001',175.000,10.000,'ROLL','정상','2025-01-18','2025-01-22','2026-01-05',NULL,1200000.0000,NULL,'SYSTEM','2026-03-31 05:20:10',NULL,NULL),(7,'P001','WH003',NULL,'RM-SEP-001','RM-SEP-001-20250118-001',82.000,5.000,'ROLL','정상','2025-01-18','2025-01-22','2026-01-06',NULL,3500000.0000,NULL,'SYSTEM','2026-03-31 05:20:10',NULL,NULL),(8,'P001','WH003',NULL,'RM-ELY-001','RM-ELY-001-20250118-001',2600.000,200.000,'L','정상','2025-01-18','2025-01-22','2025-07-11',NULL,22000.0000,NULL,'SYSTEM','2026-03-31 05:20:10',NULL,NULL),(9,'P001','WH001',NULL,'RM-PCH-001','RM-PCH-001-20250118-001',8500.000,500.000,'EA','정상','2025-01-18','2025-01-22',NULL,NULL,850.0000,NULL,'SYSTEM','2026-03-31 05:20:10',NULL,NULL),(10,'P001','WH004',NULL,'SF-CSL-001','SF-CSL-001-20250122-001',515.000,0.000,'KG','정상','2025-01-22',NULL,NULL,NULL,52000.0000,NULL,'SYSTEM','2026-03-31 05:20:10',NULL,NULL),(11,'P001','WH004',NULL,'SF-ASL-001','SF-ASL-001-20250122-001',416.000,0.000,'KG','정상','2025-01-22',NULL,NULL,NULL,15000.0000,NULL,'SYSTEM','2026-03-31 05:20:10',NULL,NULL),(12,'P001','WH004',NULL,'SF-CEL-001','SF-CEL-001-20250122-001',650.000,200.000,'M','정상','2025-01-22','2025-01-22',NULL,NULL,85000.0000,NULL,'SYSTEM','2026-03-31 05:20:10',NULL,NULL),(13,'P001','WH004',NULL,'SF-CES-001','SF-CES-001-20250121-001',2940.000,1000.000,'EA','정상','2025-01-21','2025-01-22',NULL,NULL,4500.0000,NULL,'SYSTEM','2026-03-31 05:20:10',NULL,NULL),(14,'P001','WH004',NULL,'SF-AES-001','SF-AES-001-20250121-001',3038.000,1000.000,'EA','정상','2025-01-21','2025-01-22',NULL,NULL,1500.0000,NULL,'SYSTEM','2026-03-31 05:20:10',NULL,NULL),(15,'P001','WH005',NULL,'SF-JEL-001','SF-JEL-001-20250122-001',1500.000,500.000,'EA','정상','2025-01-22','2025-01-22',NULL,NULL,8500.0000,NULL,'SYSTEM','2026-03-31 05:20:10',NULL,NULL),(16,'P001','WH005',NULL,'SF-WET-001','SF-WET-001-20250122-001',800.000,0.000,'EA','정상','2025-01-22',NULL,NULL,NULL,13500.0000,NULL,'SYSTEM','2026-03-31 05:20:10',NULL,NULL),(17,'P001','WH005',NULL,'SF-FMC-001','SF-FMC-001-20250122-001',900.000,0.000,'EA','정상','2025-01-22',NULL,NULL,NULL,15000.0000,NULL,'SYSTEM','2026-03-31 05:20:10',NULL,NULL),(18,'P001','WH006',NULL,'FG-CEL-001','FG-CEL-001-20250120-001',1067.000,320.000,'EA','정상','2025-01-20','2025-01-21',NULL,NULL,18000.0000,NULL,'SYSTEM','2026-03-31 05:20:10',NULL,NULL),(19,'P001','WH006',NULL,'FG-CEL-001','FG-CEL-001-20250121-001',1164.000,352.000,'EA','정상','2025-01-21','2025-01-22',NULL,NULL,18000.0000,NULL,'SYSTEM','2026-03-31 05:20:10',NULL,NULL),(20,'P002','WH008',NULL,'FG-CEL-001',NULL,500.000,100.000,'EA','정상','2025-01-22','2025-01-22',NULL,NULL,18000.0000,NULL,'SYSTEM','2026-03-31 05:20:10',NULL,NULL),(21,'P002','WH009',NULL,'RM-BMS-001','RM-BMS-001-20250115-001',138.000,25.000,'EA','정상','2025-01-15','2025-01-22',NULL,NULL,85000.0000,NULL,'SYSTEM','2026-03-31 05:20:10',NULL,NULL),(22,'P002','WH009',NULL,'RM-BMS-002','RM-BMS-002-20250115-001',91.000,4.000,'EA','정상','2025-01-15','2025-01-22',NULL,NULL,150000.0000,NULL,'SYSTEM','2026-03-31 05:20:10',NULL,NULL),(23,'P002','WH009',NULL,'RM-BUS-001','RM-BUS-001-20250115-001',4070.000,375.000,'EA','정상','2025-01-15','2025-01-22',NULL,NULL,2500.0000,NULL,'SYSTEM','2026-03-31 05:20:10',NULL,NULL),(24,'P002','WH009',NULL,'RM-CAS-001','RM-CAS-001-20250115-001',91.000,4.000,'EA','정상','2025-01-15','2025-01-22',NULL,NULL,180000.0000,NULL,'SYSTEM','2026-03-31 05:20:10',NULL,NULL),(25,'P002','WH010',NULL,'FG-MOD-001','FG-MOD-001-20250122-001',18.000,6.000,'SET','정상','2025-01-22','2025-01-22',NULL,NULL,420000.0000,NULL,'SYSTEM','2026-03-31 05:20:10',NULL,NULL),(26,'P002','WH011',NULL,'FG-PCK-001','FG-PCK-001-20250120-001',3.000,0.000,'SET','정상','2025-01-20',NULL,NULL,NULL,2800000.0000,NULL,'SYSTEM','2026-03-31 05:20:10',NULL,NULL),(27,'P002','WH011',NULL,'FG-PCK-001','FG-PCK-001-20250121-001',4.000,0.000,'SET','정상','2025-01-21',NULL,NULL,NULL,2800000.0000,NULL,'SYSTEM','2026-03-31 05:20:10',NULL,NULL),(28,'P002','WH011',NULL,'FG-PCK-001','FG-PCK-001-20250122-001',2.000,0.000,'SET','정상','2025-01-22',NULL,NULL,NULL,2800000.0000,NULL,'SYSTEM','2026-03-31 05:20:10',NULL,NULL),(29,'P002','WH011',NULL,'FG-PCK-002','FG-PCK-002-20250121-001',3.000,0.000,'SET','정상','2025-01-21',NULL,NULL,NULL,1250000.0000,NULL,'SYSTEM','2026-03-31 05:20:10',NULL,NULL),(30,'P002','WH011',NULL,'FG-MOD-001','FG-MOD-001-20250120-001',20.000,6.000,'SET','정상','2025-01-20','2025-01-20',NULL,NULL,420000.0000,NULL,'SYSTEM','2026-03-31 05:20:10',NULL,NULL),(31,'P002','WH011',NULL,'FG-MOD-001','FG-MOD-001-20250121-001',22.000,6.000,'SET','정상','2025-01-21','2025-01-21',NULL,NULL,420000.0000,NULL,'SYSTEM','2026-03-31 05:20:10',NULL,NULL);
/*!40000 ALTER TABLE `INV_STOCK` ENABLE KEYS */;
UNLOCK TABLES;

--
-- Table structure for table `INV_STOCKTAKING`
--

DROP TABLE IF EXISTS `INV_STOCKTAKING`;
/*!40101 SET @saved_cs_client     = @@character_set_client */;
/*!50503 SET character_set_client = utf8mb4 */;
CREATE TABLE `INV_STOCKTAKING` (
  `STOCKTAKING_ID` bigint NOT NULL AUTO_INCREMENT COMMENT '실사ID',
  `PLANT_CD` varchar(20) COLLATE utf8mb4_general_ci NOT NULL COMMENT '공장코드',
  `STOCKTAKING_NO` varchar(30) COLLATE utf8mb4_general_ci NOT NULL COMMENT '실사번호',
  `STOCKTAKING_DT` date NOT NULL COMMENT '실사일자',
  `WAREHOUSE_CD` varchar(20) COLLATE utf8mb4_general_ci NOT NULL COMMENT '창고코드',
  `STOCKTAKING_TYPE` varchar(20) COLLATE utf8mb4_general_ci NOT NULL COMMENT '실사유형',
  `STATUS` varchar(20) COLLATE utf8mb4_general_ci NOT NULL DEFAULT '진행' COMMENT '상태',
  `START_DTM` datetime DEFAULT NULL COMMENT '시작일시',
  `END_DTM` datetime DEFAULT NULL COMMENT '종료일시',
  `MANAGER_ID` varchar(20) COLLATE utf8mb4_general_ci DEFAULT NULL COMMENT '담당자ID',
  `APPROVE_USER_ID` varchar(20) COLLATE utf8mb4_general_ci DEFAULT NULL COMMENT '승인자ID',
  `APPROVE_DTM` datetime DEFAULT NULL COMMENT '승인일시',
  `STOCKTAKING_RMK` varchar(500) COLLATE utf8mb4_general_ci DEFAULT NULL COMMENT '비고',
  `REG_USER_ID` varchar(50) COLLATE utf8mb4_general_ci NOT NULL COMMENT '등록자ID',
  `REG_DTM` datetime NOT NULL DEFAULT CURRENT_TIMESTAMP COMMENT '등록일시',
  `UPD_USER_ID` varchar(50) COLLATE utf8mb4_general_ci DEFAULT NULL COMMENT '수정자ID',
  `UPD_DTM` datetime DEFAULT NULL ON UPDATE CURRENT_TIMESTAMP COMMENT '수정일시',
  PRIMARY KEY (`STOCKTAKING_ID`),
  UNIQUE KEY `UK_INV_STOCKTAKING` (`STOCKTAKING_NO`),
  KEY `IDX_INV_STOCKTAKING_01` (`PLANT_CD`,`STOCKTAKING_DT`),
  KEY `IDX_INV_STOCKTAKING_02` (`WAREHOUSE_CD`),
  CONSTRAINT `FK_INV_ST_PLANT` FOREIGN KEY (`PLANT_CD`) REFERENCES `MST_PLANT` (`PLANT_CD`),
  CONSTRAINT `FK_INV_ST_WH` FOREIGN KEY (`WAREHOUSE_CD`) REFERENCES `MST_WAREHOUSE` (`WAREHOUSE_CD`)
) ENGINE=InnoDB DEFAULT CHARSET=utf8mb4 COLLATE=utf8mb4_general_ci COMMENT='재고실사';
/*!40101 SET character_set_client = @saved_cs_client */;

--
-- Dumping data for table `INV_STOCKTAKING`
--

LOCK TABLES `INV_STOCKTAKING` WRITE;
/*!40000 ALTER TABLE `INV_STOCKTAKING` DISABLE KEYS */;
/*!40000 ALTER TABLE `INV_STOCKTAKING` ENABLE KEYS */;
UNLOCK TABLES;

--
-- Table structure for table `INV_STOCKTAKING_DETAIL`
--

DROP TABLE IF EXISTS `INV_STOCKTAKING_DETAIL`;
/*!40101 SET @saved_cs_client     = @@character_set_client */;
/*!50503 SET character_set_client = utf8mb4 */;
CREATE TABLE `INV_STOCKTAKING_DETAIL` (
  `ST_DETAIL_ID` bigint NOT NULL AUTO_INCREMENT COMMENT '실사상세ID',
  `STOCKTAKING_ID` bigint NOT NULL COMMENT '실사ID',
  `ITEM_CD` varchar(50) COLLATE utf8mb4_general_ci NOT NULL COMMENT '품목코드',
  `LOT_NO` varchar(50) COLLATE utf8mb4_general_ci DEFAULT NULL COMMENT 'LOT번호',
  `LOCATION_CD` varchar(50) COLLATE utf8mb4_general_ci DEFAULT NULL COMMENT '로케이션',
  `BOOK_QTY` decimal(15,3) NOT NULL COMMENT '장부수량',
  `ACTUAL_QTY` decimal(15,3) DEFAULT NULL COMMENT '실사수량',
  `DIFF_QTY` decimal(15,3) GENERATED ALWAYS AS ((coalesce(`ACTUAL_QTY`,0) - `BOOK_QTY`)) STORED COMMENT '차이수량',
  `DIFF_REASON` varchar(200) COLLATE utf8mb4_general_ci DEFAULT NULL COMMENT '차이사유',
  `ADJUST_YN` char(1) COLLATE utf8mb4_general_ci NOT NULL DEFAULT 'N' COMMENT '조정여부',
  `ADJUST_DTM` datetime DEFAULT NULL COMMENT '조정일시',
  `ST_DTL_RMK` varchar(500) COLLATE utf8mb4_general_ci DEFAULT NULL COMMENT '비고',
  `REG_USER_ID` varchar(50) COLLATE utf8mb4_general_ci NOT NULL COMMENT '등록자ID',
  `REG_DTM` datetime NOT NULL DEFAULT CURRENT_TIMESTAMP COMMENT '등록일시',
  `UPD_USER_ID` varchar(50) COLLATE utf8mb4_general_ci DEFAULT NULL COMMENT '수정자ID',
  `UPD_DTM` datetime DEFAULT NULL ON UPDATE CURRENT_TIMESTAMP COMMENT '수정일시',
  PRIMARY KEY (`ST_DETAIL_ID`),
  KEY `IDX_INV_ST_DTL_01` (`STOCKTAKING_ID`),
  KEY `IDX_INV_ST_DTL_02` (`ITEM_CD`),
  CONSTRAINT `FK_INV_ST_DTL_ITEM` FOREIGN KEY (`ITEM_CD`) REFERENCES `MST_ITEM` (`ITEM_CD`),
  CONSTRAINT `FK_INV_ST_DTL_ST` FOREIGN KEY (`STOCKTAKING_ID`) REFERENCES `INV_STOCKTAKING` (`STOCKTAKING_ID`)
) ENGINE=InnoDB DEFAULT CHARSET=utf8mb4 COLLATE=utf8mb4_general_ci COMMENT='재고실사상세';
/*!40101 SET character_set_client = @saved_cs_client */;

--
-- Dumping data for table `INV_STOCKTAKING_DETAIL`
--

LOCK TABLES `INV_STOCKTAKING_DETAIL` WRITE;
/*!40000 ALTER TABLE `INV_STOCKTAKING_DETAIL` DISABLE KEYS */;
/*!40000 ALTER TABLE `INV_STOCKTAKING_DETAIL` ENABLE KEYS */;
UNLOCK TABLES;

--
-- Table structure for table `INV_TRANS_HIS`
--

DROP TABLE IF EXISTS `INV_TRANS_HIS`;
/*!40101 SET @saved_cs_client     = @@character_set_client */;
/*!50503 SET character_set_client = utf8mb4 */;
CREATE TABLE `INV_TRANS_HIS` (
  `TRANS_ID` bigint NOT NULL AUTO_INCREMENT COMMENT '거래ID',
  `PLANT_CD` varchar(20) COLLATE utf8mb4_general_ci NOT NULL COMMENT '공장코드',
  `TRANS_NO` varchar(30) COLLATE utf8mb4_general_ci NOT NULL COMMENT '거래번호',
  `TRANS_DT` date NOT NULL COMMENT '거래일자',
  `TRANS_TYPE` varchar(20) COLLATE utf8mb4_general_ci NOT NULL COMMENT '거래유형',
  `TRANS_REASON` varchar(50) COLLATE utf8mb4_general_ci NOT NULL COMMENT '거래사유',
  `ITEM_CD` varchar(50) COLLATE utf8mb4_general_ci NOT NULL COMMENT '품목코드',
  `LOT_NO` varchar(50) COLLATE utf8mb4_general_ci DEFAULT NULL COMMENT 'LOT번호',
  `TRANS_QTY` decimal(15,3) NOT NULL COMMENT '거래수량',
  `UNIT` varchar(20) COLLATE utf8mb4_general_ci NOT NULL COMMENT '단위',
  `FROM_WAREHOUSE_CD` varchar(20) COLLATE utf8mb4_general_ci DEFAULT NULL COMMENT '출고창고코드',
  `TO_WAREHOUSE_CD` varchar(20) COLLATE utf8mb4_general_ci DEFAULT NULL COMMENT '입고창고코드',
  `FROM_LOCATION_CD` varchar(50) COLLATE utf8mb4_general_ci DEFAULT NULL COMMENT '출고로케이션',
  `TO_LOCATION_CD` varchar(50) COLLATE utf8mb4_general_ci DEFAULT NULL COMMENT '입고로케이션',
  `BEFORE_QTY` decimal(15,3) DEFAULT NULL COMMENT '변경전수량',
  `AFTER_QTY` decimal(15,3) DEFAULT NULL COMMENT '변경후수량',
  `REF_TYPE` varchar(20) COLLATE utf8mb4_general_ci DEFAULT NULL COMMENT '참조유형',
  `REF_NO` varchar(50) COLLATE utf8mb4_general_ci DEFAULT NULL COMMENT '참조번호',
  `REF_ID` bigint DEFAULT NULL COMMENT '참조ID',
  `VENDOR_CD` varchar(50) COLLATE utf8mb4_general_ci DEFAULT NULL COMMENT '거래처코드',
  `UNIT_PRICE` decimal(18,4) DEFAULT NULL COMMENT '단가',
  `TRANS_AMT` decimal(18,2) DEFAULT NULL COMMENT '거래금액',
  `TRANS_USER_ID` varchar(20) COLLATE utf8mb4_general_ci DEFAULT NULL COMMENT '처리자ID',
  `TRANS_RMK` varchar(500) COLLATE utf8mb4_general_ci DEFAULT NULL COMMENT '비고',
  `REG_USER_ID` varchar(50) COLLATE utf8mb4_general_ci NOT NULL COMMENT '등록자ID',
  `REG_DTM` datetime NOT NULL DEFAULT CURRENT_TIMESTAMP COMMENT '등록일시',
  `UPD_USER_ID` varchar(50) COLLATE utf8mb4_general_ci DEFAULT NULL COMMENT '수정자ID',
  `UPD_DTM` datetime DEFAULT NULL ON UPDATE CURRENT_TIMESTAMP COMMENT '수정일시',
  PRIMARY KEY (`TRANS_ID`),
  UNIQUE KEY `UK_INV_TRANS_HIS` (`TRANS_NO`),
  KEY `FK_INV_TRANS_FROM_WH` (`FROM_WAREHOUSE_CD`),
  KEY `FK_INV_TRANS_TO_WH` (`TO_WAREHOUSE_CD`),
  KEY `IDX_INV_TRANS_HIS_01` (`PLANT_CD`,`TRANS_DT`),
  KEY `IDX_INV_TRANS_HIS_02` (`ITEM_CD`,`LOT_NO`),
  KEY `IDX_INV_TRANS_HIS_03` (`TRANS_TYPE`,`TRANS_REASON`),
  KEY `IDX_INV_TRANS_HIS_04` (`REF_TYPE`,`REF_NO`),
  KEY `IDX_INV_TRANS_HIS_05` (`VENDOR_CD`),
  CONSTRAINT `FK_INV_TRANS_FROM_WH` FOREIGN KEY (`FROM_WAREHOUSE_CD`) REFERENCES `MST_WAREHOUSE` (`WAREHOUSE_CD`),
  CONSTRAINT `FK_INV_TRANS_ITEM` FOREIGN KEY (`ITEM_CD`) REFERENCES `MST_ITEM` (`ITEM_CD`),
  CONSTRAINT `FK_INV_TRANS_PLANT` FOREIGN KEY (`PLANT_CD`) REFERENCES `MST_PLANT` (`PLANT_CD`),
  CONSTRAINT `FK_INV_TRANS_TO_WH` FOREIGN KEY (`TO_WAREHOUSE_CD`) REFERENCES `MST_WAREHOUSE` (`WAREHOUSE_CD`),
  CONSTRAINT `FK_INV_TRANS_VENDOR` FOREIGN KEY (`VENDOR_CD`) REFERENCES `MST_VENDOR` (`VENDOR_CD`)
) ENGINE=InnoDB AUTO_INCREMENT=20 DEFAULT CHARSET=utf8mb4 COLLATE=utf8mb4_general_ci COMMENT='입출고이력';
/*!40101 SET character_set_client = @saved_cs_client */;

--
-- Dumping data for table `INV_TRANS_HIS`
--

LOCK TABLES `INV_TRANS_HIS` WRITE;
/*!40000 ALTER TABLE `INV_TRANS_HIS` DISABLE KEYS */;
INSERT INTO `INV_TRANS_HIS` VALUES (1,'P001','TR202501180001','2025-01-18','입고','구매입고','RM-NCM-001','RM-NCM-001-20250118-001',5000.000,'KG',NULL,'WH001',NULL,NULL,NULL,NULL,'발주','PO-2025-B001',NULL,'V001',45000.0000,225000000.00,'W015',NULL,'SYSTEM','2026-03-31 05:20:11',NULL,NULL),(2,'P001','TR202501180002','2025-01-18','입고','구매입고','RM-GRP-001','RM-GRP-001-20250118-001',5000.000,'KG',NULL,'WH002',NULL,NULL,NULL,NULL,'발주','PO-2025-B002',NULL,'V002',12000.0000,60000000.00,'W015',NULL,'SYSTEM','2026-03-31 05:20:11',NULL,NULL),(3,'P001','TR202501180003','2025-01-18','입고','구매입고','RM-ALF-001','RM-ALF-001-20250118-001',200.000,'ROLL',NULL,'WH001',NULL,NULL,NULL,NULL,'발주','PO-2025-B003',NULL,'V005',850000.0000,170000000.00,'W015',NULL,'SYSTEM','2026-03-31 05:20:11',NULL,NULL),(4,'P001','TR202501180004','2025-01-18','입고','구매입고','RM-CUF-001','RM-CUF-001-20250118-001',200.000,'ROLL',NULL,'WH002',NULL,NULL,NULL,NULL,'발주','PO-2025-B003',NULL,'V005',1200000.0000,240000000.00,'W015',NULL,'SYSTEM','2026-03-31 05:20:11',NULL,NULL),(5,'P001','TR202501180005','2025-01-18','입고','구매입고','RM-SEP-001','RM-SEP-001-20250118-001',100.000,'ROLL',NULL,'WH003',NULL,NULL,NULL,NULL,'발주','PO-2025-B004',NULL,'V003',3500000.0000,350000000.00,'W015',NULL,'SYSTEM','2026-03-31 05:20:11',NULL,NULL),(6,'P001','TR202501180006','2025-01-18','입고','구매입고','RM-ELY-001','RM-ELY-001-20250118-001',3000.000,'L',NULL,'WH003',NULL,NULL,NULL,NULL,'발주','PO-2025-B005',NULL,'V004',22000.0000,66000000.00,'W015',NULL,'SYSTEM','2026-03-31 05:20:11',NULL,NULL),(7,'P001','TR202501200001','2025-01-20','출고','생산출고','RM-NCM-001','RM-NCM-001-20250118-001',460.000,'KG','WH001',NULL,NULL,NULL,NULL,NULL,'작업지시','WO202501200001',NULL,NULL,45000.0000,20700000.00,'W016',NULL,'SYSTEM','2026-03-31 05:20:11',NULL,NULL),(8,'P001','TR202501200002','2025-01-20','출고','생산출고','RM-GRP-001','RM-GRP-001-20250118-001',380.000,'KG','WH002',NULL,NULL,NULL,NULL,NULL,'작업지시','WO202501200002',NULL,NULL,12000.0000,4560000.00,'W016',NULL,'SYSTEM','2026-03-31 05:20:11',NULL,NULL),(9,'P001','TR202501200003','2025-01-20','출고','생산출고','RM-ELY-001','RM-ELY-001-20250118-001',180.000,'L','WH003',NULL,NULL,NULL,NULL,NULL,'작업지시','WO202501200009',NULL,NULL,22000.0000,3960000.00,'W016',NULL,'SYSTEM','2026-03-31 05:20:11',NULL,NULL),(10,'P001','TR202501200004','2025-01-20','입고','생산입고','SF-CSL-001','SF-CSL-001-20250120-001',495.000,'KG',NULL,'WH004',NULL,NULL,NULL,NULL,'작업지시','WO202501200001',NULL,NULL,52000.0000,25740000.00,'W016',NULL,'SYSTEM','2026-03-31 05:20:11',NULL,NULL),(11,'P001','TR202501200005','2025-01-20','입고','생산입고','FG-CEL-001','FG-CEL-001-20250120-001',1067.000,'EA',NULL,'WH006',NULL,NULL,NULL,NULL,'작업지시','WO202501200011',NULL,NULL,18000.0000,19206000.00,'W016',NULL,'SYSTEM','2026-03-31 05:20:11',NULL,NULL),(12,'P002','TR202501200006','2025-01-20','입고','생산입고','FG-MOD-001','FG-MOD-001-20250120-001',20.000,'SET',NULL,'WH011',NULL,NULL,NULL,NULL,'작업지시','WO202501200012',NULL,NULL,420000.0000,8400000.00,'W019',NULL,'SYSTEM','2026-03-31 05:20:11',NULL,NULL),(13,'P002','TR202501200007','2025-01-20','입고','생산입고','FG-PCK-001','FG-PCK-001-20250120-001',3.000,'SET',NULL,'WH011',NULL,NULL,NULL,NULL,'작업지시','WO202501200013',NULL,NULL,2800000.0000,8400000.00,'W021',NULL,'SYSTEM','2026-03-31 05:20:11',NULL,NULL),(14,'P001','TR202501210001','2025-01-21','입고','생산입고','FG-CEL-001','FG-CEL-001-20250121-001',1164.000,'EA',NULL,'WH006',NULL,NULL,NULL,NULL,'작업지시','WO202501210010',NULL,NULL,18000.0000,20952000.00,'W016',NULL,'SYSTEM','2026-03-31 05:20:11',NULL,NULL),(15,'P002','TR202501210002','2025-01-21','입고','생산입고','FG-MOD-001','FG-MOD-001-20250121-001',22.000,'SET',NULL,'WH011',NULL,NULL,NULL,NULL,'작업지시','WO202501210011',NULL,NULL,420000.0000,9240000.00,'W019',NULL,'SYSTEM','2026-03-31 05:20:11',NULL,NULL),(16,'P002','TR202501210003','2025-01-21','입고','생산입고','FG-PCK-001','FG-PCK-001-20250121-001',4.000,'SET',NULL,'WH011',NULL,NULL,NULL,NULL,'작업지시','WO202501210012',NULL,NULL,2800000.0000,11200000.00,'W021',NULL,'SYSTEM','2026-03-31 05:20:11',NULL,NULL),(17,'P002','TR202501210004','2025-01-21','입고','생산입고','FG-PCK-002','FG-PCK-002-20250121-001',3.000,'SET',NULL,'WH011',NULL,NULL,NULL,NULL,'작업지시','WO202501210013',NULL,NULL,1250000.0000,3750000.00,'W022',NULL,'SYSTEM','2026-03-31 05:20:11',NULL,NULL),(18,'P001','TR202501200008','2025-01-20','출고','공장출고','FG-CEL-001','FG-CEL-001-20250120-001',320.000,'EA','WH006',NULL,NULL,NULL,NULL,NULL,'이동','MV-2025-B001',NULL,NULL,18000.0000,5760000.00,'W015',NULL,'SYSTEM','2026-03-31 05:20:11',NULL,NULL),(19,'P002','TR202501200009','2025-01-20','입고','공장입고','FG-CEL-001',NULL,320.000,'EA',NULL,'WH008',NULL,NULL,NULL,NULL,'이동','MV-2025-B001',NULL,NULL,18000.0000,5760000.00,'W019',NULL,'SYSTEM','2026-03-31 05:20:11',NULL,NULL);
/*!40000 ALTER TABLE `INV_TRANS_HIS` ENABLE KEYS */;
UNLOCK TABLES;

--
-- Table structure for table `MCS_INBOUND_ITEM`
--

DROP TABLE IF EXISTS `MCS_INBOUND_ITEM`;
/*!40101 SET @saved_cs_client     = @@character_set_client */;
/*!50503 SET character_set_client = utf8mb4 */;
CREATE TABLE `MCS_INBOUND_ITEM` (
  `INBOUND_ITEM_ID` bigint NOT NULL AUTO_INCREMENT COMMENT '입고품목ID',
  `INBOUND_ID` bigint NOT NULL COMMENT '입고ID',
  `ITEM_CD` varchar(50) COLLATE utf8mb4_general_ci NOT NULL COMMENT '품목코드',
  `LOT_NO` varchar(50) COLLATE utf8mb4_general_ci DEFAULT NULL COMMENT 'LOT번호',
  `LOCATION_ID` bigint DEFAULT NULL COMMENT '적치 로케이션',
  `EXPECTED_QTY` decimal(15,3) NOT NULL COMMENT '예정수량',
  `ACTUAL_QTY` decimal(15,3) DEFAULT '0.000' COMMENT '실제수량',
  `ITEM_STATUS` varchar(20) COLLATE utf8mb4_general_ci NOT NULL DEFAULT 'PENDING' COMMENT '품목상태 (MCS_IB_ITEM_STATUS)',
  `ITEM_RMK` varchar(500) COLLATE utf8mb4_general_ci DEFAULT NULL COMMENT '비고',
  `REG_USER_ID` varchar(50) COLLATE utf8mb4_general_ci NOT NULL COMMENT '등록자ID',
  `REG_DTM` datetime NOT NULL DEFAULT CURRENT_TIMESTAMP COMMENT '등록일시',
  `UPD_USER_ID` varchar(50) COLLATE utf8mb4_general_ci DEFAULT NULL COMMENT '수정자ID',
  `UPD_DTM` datetime DEFAULT NULL ON UPDATE CURRENT_TIMESTAMP COMMENT '수정일시',
  PRIMARY KEY (`INBOUND_ITEM_ID`),
  KEY `IDX_MCS_IB_ITEM_01` (`INBOUND_ID`),
  KEY `IDX_MCS_IB_ITEM_02` (`ITEM_CD`),
  KEY `FK_MCS_IB_ITEM_LOC` (`LOCATION_ID`),
  CONSTRAINT `FK_MCS_IB_ITEM_ITEM` FOREIGN KEY (`ITEM_CD`) REFERENCES `MST_ITEM` (`ITEM_CD`),
  CONSTRAINT `FK_MCS_IB_ITEM_LOC` FOREIGN KEY (`LOCATION_ID`) REFERENCES `MCS_LOCATION` (`LOCATION_ID`),
  CONSTRAINT `FK_MCS_IB_ITEM_ORDER` FOREIGN KEY (`INBOUND_ID`) REFERENCES `MCS_INBOUND_ORDER` (`INBOUND_ID`)
) ENGINE=InnoDB AUTO_INCREMENT=16 DEFAULT CHARSET=utf8mb4 COLLATE=utf8mb4_general_ci COMMENT='MCS 입고품목';
/*!40101 SET character_set_client = @saved_cs_client */;

--
-- Dumping data for table `MCS_INBOUND_ITEM`
--

LOCK TABLES `MCS_INBOUND_ITEM` WRITE;
/*!40000 ALTER TABLE `MCS_INBOUND_ITEM` DISABLE KEYS */;
INSERT INTO `MCS_INBOUND_ITEM` VALUES (1,1,'RM-NCM-001','RM-NCM-001-20250118-001',1,5000.000,5000.000,'STOCKED','LOT EP-NCM811-250110-A','W016','2026-04-10 00:09:55',NULL,NULL),(2,2,'RM-GRP-001','RM-GRP-001-20250118-001',6,5000.000,5000.000,'STOCKED',NULL,'W016','2026-04-10 00:09:55',NULL,NULL),(3,2,'RM-CUF-001','RM-CUF-001-20250118-001',7,200.000,200.000,'STOCKED',NULL,'W016','2026-04-10 00:09:55',NULL,NULL),(4,3,'RM-ELY-001','RM-ELY-001-20250118-001',8,3000.000,3000.000,'STOCKED','순도 99.95% 합격','W016','2026-04-10 00:09:55',NULL,NULL),(5,4,'RM-SEP-001','RM-SEP-001-20250118-001',9,100.000,100.000,'STOCKED',NULL,'W016','2026-04-10 00:09:55',NULL,NULL),(6,5,'RM-ALF-001','RM-ALF-001-20250118-001',3,200.000,200.000,'STOCKED',NULL,'W016','2026-04-10 00:09:55',NULL,NULL),(7,5,'RM-PCH-001','RM-PCH-001-20250118-001',4,10000.000,10000.000,'STOCKED',NULL,'W016','2026-04-10 00:09:55',NULL,NULL),(8,6,'RM-BMS-001','RM-BMS-001-20250115-001',25,200.000,200.000,'STOCKED',NULL,'W019','2026-04-10 00:09:55',NULL,NULL),(9,6,'RM-BMS-002','RM-BMS-002-20250115-001',25,100.000,100.000,'STOCKED',NULL,'W019','2026-04-10 00:09:55',NULL,NULL),(10,6,'RM-BUS-001','RM-BUS-001-20250115-001',26,5000.000,5000.000,'STOCKED',NULL,'W019','2026-04-10 00:09:55',NULL,NULL),(11,6,'RM-CAS-001','RM-CAS-001-20250115-001',26,100.000,100.000,'STOCKED',NULL,'W019','2026-04-10 00:09:55',NULL,NULL),(12,7,'RM-ELY-001',NULL,NULL,2000.000,0.000,'PENDING','전해액 순도/수분 검사중','W016','2026-04-10 00:09:55',NULL,NULL),(13,8,'RM-NCM-001',NULL,NULL,3000.000,0.000,'PENDING','입도분포 검사 대기','W016','2026-04-10 00:09:55',NULL,NULL),(14,9,'RM-BMS-001',NULL,NULL,200.000,0.000,'PENDING',NULL,'W019','2026-04-10 00:09:55',NULL,NULL),(15,10,'RM-SEP-001',NULL,NULL,50.000,0.000,'PENDING',NULL,'W016','2026-04-10 00:09:55',NULL,NULL);
/*!40000 ALTER TABLE `MCS_INBOUND_ITEM` ENABLE KEYS */;
UNLOCK TABLES;

--
-- Table structure for table `MCS_INBOUND_ORDER`
--

DROP TABLE IF EXISTS `MCS_INBOUND_ORDER`;
/*!40101 SET @saved_cs_client     = @@character_set_client */;
/*!50503 SET character_set_client = utf8mb4 */;
CREATE TABLE `MCS_INBOUND_ORDER` (
  `INBOUND_ID` bigint NOT NULL AUTO_INCREMENT COMMENT '입고ID',
  `PLANT_CD` varchar(20) COLLATE utf8mb4_general_ci NOT NULL COMMENT '공장코드',
  `INBOUND_NO` varchar(30) COLLATE utf8mb4_general_ci NOT NULL COMMENT '입고번호',
  `INBOUND_STATUS` varchar(20) COLLATE utf8mb4_general_ci NOT NULL DEFAULT 'PLANNED' COMMENT '입고상태 (MCS_IB_STATUS)',
  `VENDOR_CD` varchar(50) COLLATE utf8mb4_general_ci DEFAULT NULL COMMENT '거래처코드',
  `WAREHOUSE_CD` varchar(20) COLLATE utf8mb4_general_ci DEFAULT NULL COMMENT '입고 대상 창고',
  `EXPECTED_DT` date DEFAULT NULL COMMENT '입고예정일',
  `ACTUAL_DT` datetime DEFAULT NULL COMMENT '실제입고일시',
  `RECEIVE_PLAN_ID` bigint DEFAULT NULL COMMENT 'MES INV_RECEIVE_PLAN 연동ID',
  `INBOUND_RMK` varchar(500) COLLATE utf8mb4_general_ci DEFAULT NULL COMMENT '비고',
  `REG_USER_ID` varchar(50) COLLATE utf8mb4_general_ci NOT NULL COMMENT '등록자ID',
  `REG_DTM` datetime NOT NULL DEFAULT CURRENT_TIMESTAMP COMMENT '등록일시',
  `UPD_USER_ID` varchar(50) COLLATE utf8mb4_general_ci DEFAULT NULL COMMENT '수정자ID',
  `UPD_DTM` datetime DEFAULT NULL ON UPDATE CURRENT_TIMESTAMP COMMENT '수정일시',
  PRIMARY KEY (`INBOUND_ID`),
  UNIQUE KEY `UK_MCS_INBOUND` (`INBOUND_NO`),
  KEY `IDX_MCS_INBOUND_01` (`PLANT_CD`,`EXPECTED_DT`),
  KEY `IDX_MCS_INBOUND_02` (`INBOUND_STATUS`),
  KEY `IDX_MCS_INBOUND_03` (`VENDOR_CD`),
  KEY `FK_MCS_INBOUND_WH` (`WAREHOUSE_CD`),
  CONSTRAINT `FK_MCS_INBOUND_PLANT` FOREIGN KEY (`PLANT_CD`) REFERENCES `MST_PLANT` (`PLANT_CD`),
  CONSTRAINT `FK_MCS_INBOUND_VENDOR` FOREIGN KEY (`VENDOR_CD`) REFERENCES `MST_VENDOR` (`VENDOR_CD`),
  CONSTRAINT `FK_MCS_INBOUND_WH` FOREIGN KEY (`WAREHOUSE_CD`) REFERENCES `MST_WAREHOUSE` (`WAREHOUSE_CD`)
) ENGINE=InnoDB AUTO_INCREMENT=12 DEFAULT CHARSET=utf8mb4 COLLATE=utf8mb4_general_ci COMMENT='MCS 입고오더';
/*!40101 SET character_set_client = @saved_cs_client */;

--
-- Dumping data for table `MCS_INBOUND_ORDER`
--

LOCK TABLES `MCS_INBOUND_ORDER` WRITE;
/*!40000 ALTER TABLE `MCS_INBOUND_ORDER` DISABLE KEYS */;
INSERT INTO `MCS_INBOUND_ORDER` VALUES (1,'P001','IB-20250118-0001','COMPLETED','V001','WH001','2025-01-18','2025-01-18 08:30:00',NULL,'NCM811 양극활물질 5톤 입고','W015','2026-04-10 00:09:55',NULL,NULL),(2,'P001','IB-20250118-0002','COMPLETED','V002','WH002','2025-01-18','2025-01-18 09:30:00',NULL,'인조흑연 음극활물질 + 구리포일','W015','2026-04-10 00:09:55',NULL,NULL),(3,'P001','IB-20250118-0003','COMPLETED','V004','WH003','2025-01-18','2025-01-18 10:00:00',NULL,'전해액 LiPF6 3000L 입고','W015','2026-04-10 00:09:55',NULL,NULL),(4,'P001','IB-20250118-0004','COMPLETED','V003','WH003','2025-01-18','2025-01-18 11:00:00',NULL,'세라믹코팅 분리막 100롤 입고','W015','2026-04-10 00:09:55',NULL,NULL),(5,'P001','IB-20250118-0005','COMPLETED','V005','WH001','2025-01-18','2025-01-18 13:30:00',NULL,'알루미늄포일/파우치필름 입고','W015','2026-04-10 00:09:55',NULL,NULL),(6,'P002','IB-20250115-0001','COMPLETED','V009','WH009','2025-01-15','2025-01-15 09:00:00',NULL,'BMS기판/버스바 입고','W019','2026-04-10 00:09:55',NULL,NULL),(7,'P001','IB-20250125-0001','INSPECTING','V004','WH003','2025-01-25','2025-01-25 08:30:00',NULL,'전해액 2000L 순도 검수중','W015','2026-04-10 00:09:55',NULL,NULL),(8,'P001','IB-20250128-0001','ARRIVED','V001','WH001','2025-01-28','2025-01-28 14:00:00',NULL,'NCM811 3톤 추가분 도착','W015','2026-04-10 00:09:55',NULL,NULL),(9,'P002','IB-20250130-0001','PLANNED','V009','WH009','2025-01-30',NULL,NULL,'BMS기판 EV 200EA 보충','W019','2026-04-10 00:09:55',NULL,NULL),(10,'P001','IB-20250202-0001','PLANNED','V003','WH003','2025-02-02',NULL,NULL,'분리막 50롤 보충','W015','2026-04-10 00:09:55',NULL,NULL),(11,'P001','IB-20250120-0001','CANCELLED','V006','WH001','2025-01-20',NULL,NULL,'PVDF 바인더 재고 충분 취소','W015','2026-04-10 00:09:55',NULL,NULL);
/*!40000 ALTER TABLE `MCS_INBOUND_ORDER` ENABLE KEYS */;
UNLOCK TABLES;

--
-- Table structure for table `MCS_LOCATION`
--

DROP TABLE IF EXISTS `MCS_LOCATION`;
/*!40101 SET @saved_cs_client     = @@character_set_client */;
/*!50503 SET character_set_client = utf8mb4 */;
CREATE TABLE `MCS_LOCATION` (
  `LOCATION_ID` bigint NOT NULL AUTO_INCREMENT COMMENT '로케이션ID',
  `ZONE_ID` bigint NOT NULL COMMENT '구역ID',
  `LOCATION_CD` varchar(30) COLLATE utf8mb4_general_ci NOT NULL COMMENT '로케이션코드',
  `LOCATION_NM` varchar(100) COLLATE utf8mb4_general_ci DEFAULT NULL COMMENT '로케이션명',
  `MAX_CAPACITY` decimal(15,3) DEFAULT '0.000' COMMENT '최대수용량',
  `CURRENT_USAGE` decimal(15,3) DEFAULT '0.000' COMMENT '현재사용량',
  `LOCATION_STATUS` varchar(20) COLLATE utf8mb4_general_ci NOT NULL DEFAULT 'EMPTY' COMMENT '로케이션상태 (MCS_LOC_STATUS)',
  `USE_YN` char(1) COLLATE utf8mb4_general_ci NOT NULL DEFAULT 'Y' COMMENT '사용여부',
  `REG_USER_ID` varchar(50) COLLATE utf8mb4_general_ci NOT NULL COMMENT '등록자ID',
  `REG_DTM` datetime NOT NULL DEFAULT CURRENT_TIMESTAMP COMMENT '등록일시',
  `UPD_USER_ID` varchar(50) COLLATE utf8mb4_general_ci DEFAULT NULL COMMENT '수정자ID',
  `UPD_DTM` datetime DEFAULT NULL ON UPDATE CURRENT_TIMESTAMP COMMENT '수정일시',
  PRIMARY KEY (`LOCATION_ID`),
  UNIQUE KEY `UK_MCS_LOCATION` (`ZONE_ID`,`LOCATION_CD`),
  KEY `IDX_MCS_LOCATION_01` (`LOCATION_STATUS`),
  CONSTRAINT `FK_MCS_LOCATION_ZONE` FOREIGN KEY (`ZONE_ID`) REFERENCES `MCS_ZONE` (`ZONE_ID`)
) ENGINE=InnoDB AUTO_INCREMENT=38 DEFAULT CHARSET=utf8mb4 COLLATE=utf8mb4_general_ci COMMENT='MCS 로케이션정보';
/*!40101 SET character_set_client = @saved_cs_client */;

--
-- Dumping data for table `MCS_LOCATION`
--

LOCK TABLES `MCS_LOCATION` WRITE;
/*!40000 ALTER TABLE `MCS_LOCATION` DISABLE KEYS */;
INSERT INTO `MCS_LOCATION` VALUES (1,1,'NCM-01-01','NCM811 파렛트1',10000.000,3500.000,'PARTIAL','Y','W016','2026-04-10 00:09:55',NULL,NULL),(2,1,'NCM-01-02','Updated Location Name',10000.000,0.000,'EMPTY','Y','W016','2026-04-10 00:09:55','SYSTEM','2026-04-13 02:00:23'),(3,2,'ALF-01-01','알루미늄포일 랙',500.000,170.000,'PARTIAL','Y','W016','2026-04-10 00:09:55',NULL,NULL),(4,2,'BND-01-01','바인더/도전재/파우치 선반',20000.000,9135.000,'PARTIAL','Y','W016','2026-04-10 00:09:55',NULL,NULL),(5,3,'R1-01','양극소재 입고대기',9999.000,0.000,'EMPTY','Y','W016','2026-04-10 00:09:55',NULL,NULL),(6,4,'GRP-01-01','음극활물질 파렛트1',10000.000,4200.000,'PARTIAL','Y','W016','2026-04-10 00:09:55',NULL,NULL),(7,5,'CUF-01-01','구리포일 랙',500.000,175.000,'PARTIAL','Y','W016','2026-04-10 00:09:55',NULL,NULL),(8,6,'ELY-01-01','전해액 탱크1',5000.000,2600.000,'PARTIAL','Y','W016','2026-04-10 00:09:55',NULL,NULL),(9,7,'SEP-01-01','분리막 랙1',200.000,82.000,'PARTIAL','Y','W016','2026-04-10 00:09:55',NULL,NULL),(10,7,'NMP-01-01','NMP 용매 탱크',3000.000,1600.000,'PARTIAL','Y','W016','2026-04-10 00:09:55',NULL,NULL),(11,8,'QC1-01','검수 대기장',9999.000,0.000,'EMPTY','Y','W016','2026-04-10 00:09:55',NULL,NULL),(12,9,'SLR-01-01','슬러리/전극 적치1',2000.000,515.000,'PARTIAL','Y','W016','2026-04-10 00:09:55',NULL,NULL),(13,9,'SLR-01-02','슬러리/전극 적치2',2000.000,416.000,'PARTIAL','Y','W016','2026-04-10 00:09:55',NULL,NULL),(14,10,'PRS-01-01','압연/슬릿전극 적치1',5000.000,2940.000,'PARTIAL','Y','W016','2026-04-10 00:09:55',NULL,NULL),(15,10,'PRS-01-02','압연/슬릿전극 적치2',5000.000,3688.000,'PARTIAL','Y','W016','2026-04-10 00:09:55',NULL,NULL),(16,11,'JEL-01-01','젤리롤 적치',3000.000,1500.000,'PARTIAL','Y','W016','2026-04-10 00:09:55',NULL,NULL),(17,12,'WET-01-01','웻셀 적치',2000.000,800.000,'PARTIAL','Y','W016','2026-04-10 00:09:55',NULL,NULL),(18,12,'FMC-01-01','화성셀 적치',2000.000,900.000,'PARTIAL','Y','W016','2026-04-10 00:09:55',NULL,NULL),(19,13,'STG-01','임시보관',9999.000,0.000,'EMPTY','Y','W016','2026-04-10 00:09:55',NULL,NULL),(20,14,'CEL-01-01','완성셀 파렛트1',3000.000,1067.000,'PARTIAL','Y','W015','2026-04-10 00:09:55',NULL,NULL),(21,14,'CEL-01-02','완성셀 파렛트2',3000.000,1164.000,'PARTIAL','Y','W015','2026-04-10 00:09:55',NULL,NULL),(22,15,'S1-01','출하대기 (대전행)',9999.000,500.000,'PARTIAL','Y','W015','2026-04-10 00:09:55',NULL,NULL),(23,16,'IN-01-01','셀입고 파렛트1',2000.000,500.000,'PARTIAL','Y','W019','2026-04-10 00:09:55',NULL,NULL),(24,17,'R2-01','입고 대기',9999.000,0.000,'EMPTY','Y','W019','2026-04-10 00:09:55',NULL,NULL),(25,18,'BMS-01-01','BMS/커넥터 랙',500.000,229.000,'PARTIAL','Y','W019','2026-04-10 00:09:55',NULL,NULL),(26,19,'HSG-01-01','하우징/냉각/버스바 랙',10000.000,4161.000,'PARTIAL','Y','W019','2026-04-10 00:09:55',NULL,NULL),(27,20,'MOD-01-01','모듈 적치1',100.000,18.000,'PARTIAL','Y','W019','2026-04-10 00:09:55',NULL,NULL),(28,21,'PCK-01-01','완성팩 적치1 (EV)',50.000,7.000,'PARTIAL','Y','W021','2026-04-10 00:09:55',NULL,NULL),(29,21,'PCK-01-02','완성팩 적치2 (ESS)',50.000,3.000,'PARTIAL','Y','W021','2026-04-10 00:09:55',NULL,NULL),(30,22,'S2-01','출하대기',9999.000,0.000,'EMPTY','Y','W021','2026-04-10 00:09:55',NULL,NULL),(37,1,'REAL-FIX-01','REAL-FIX-NAME-OK',1000.000,0.000,'EMPTY','Y','SYSTEM','2026-04-13 02:07:09',NULL,NULL);
/*!40000 ALTER TABLE `MCS_LOCATION` ENABLE KEYS */;
UNLOCK TABLES;

--
-- Table structure for table `MCS_LOCATION_STOCK`
--

DROP TABLE IF EXISTS `MCS_LOCATION_STOCK`;
/*!40101 SET @saved_cs_client     = @@character_set_client */;
/*!50503 SET character_set_client = utf8mb4 */;
CREATE TABLE `MCS_LOCATION_STOCK` (
  `LOC_STOCK_ID` bigint NOT NULL AUTO_INCREMENT COMMENT '로케이션재고ID',
  `PLANT_CD` varchar(20) COLLATE utf8mb4_general_ci NOT NULL COMMENT '공장코드',
  `LOCATION_ID` bigint NOT NULL COMMENT '로케이션ID',
  `ITEM_CD` varchar(50) COLLATE utf8mb4_general_ci NOT NULL COMMENT '품목코드',
  `LOT_NO` varchar(50) COLLATE utf8mb4_general_ci DEFAULT NULL COMMENT 'LOT번호',
  `STOCK_QTY` decimal(15,3) NOT NULL DEFAULT '0.000' COMMENT '재고수량',
  `RESERVED_QTY` decimal(15,3) DEFAULT '0.000' COMMENT '예약수량',
  `AVAILABLE_QTY` decimal(15,3) GENERATED ALWAYS AS ((`STOCK_QTY` - coalesce(`RESERVED_QTY`,0))) STORED COMMENT '가용수량',
  `REG_USER_ID` varchar(50) COLLATE utf8mb4_general_ci NOT NULL COMMENT '등록자ID',
  `REG_DTM` datetime NOT NULL DEFAULT CURRENT_TIMESTAMP COMMENT '등록일시',
  `UPD_USER_ID` varchar(50) COLLATE utf8mb4_general_ci DEFAULT NULL COMMENT '수정자ID',
  `UPD_DTM` datetime DEFAULT NULL ON UPDATE CURRENT_TIMESTAMP COMMENT '수정일시',
  PRIMARY KEY (`LOC_STOCK_ID`),
  UNIQUE KEY `UK_MCS_LOC_STOCK` (`LOCATION_ID`,`ITEM_CD`,`LOT_NO`),
  KEY `IDX_MCS_LOC_STOCK_01` (`PLANT_CD`,`ITEM_CD`),
  KEY `IDX_MCS_LOC_STOCK_02` (`ITEM_CD`,`LOT_NO`),
  CONSTRAINT `FK_MCS_LOC_STOCK_ITEM` FOREIGN KEY (`ITEM_CD`) REFERENCES `MST_ITEM` (`ITEM_CD`),
  CONSTRAINT `FK_MCS_LOC_STOCK_LOC` FOREIGN KEY (`LOCATION_ID`) REFERENCES `MCS_LOCATION` (`LOCATION_ID`),
  CONSTRAINT `FK_MCS_LOC_STOCK_PLANT` FOREIGN KEY (`PLANT_CD`) REFERENCES `MST_PLANT` (`PLANT_CD`)
) ENGINE=InnoDB AUTO_INCREMENT=30 DEFAULT CHARSET=utf8mb4 COLLATE=utf8mb4_general_ci COMMENT='MCS 로케이션재고';
/*!40101 SET character_set_client = @saved_cs_client */;

--
-- Dumping data for table `MCS_LOCATION_STOCK`
--

LOCK TABLES `MCS_LOCATION_STOCK` WRITE;
/*!40000 ALTER TABLE `MCS_LOCATION_STOCK` DISABLE KEYS */;
INSERT INTO `MCS_LOCATION_STOCK` (`LOC_STOCK_ID`, `PLANT_CD`, `LOCATION_ID`, `ITEM_CD`, `LOT_NO`, `STOCK_QTY`, `RESERVED_QTY`, `REG_USER_ID`, `REG_DTM`, `UPD_USER_ID`, `UPD_DTM`) VALUES (1,'P001',1,'RM-NCM-001','RM-NCM-001-20250118-001',3500.000,500.000,'W016','2026-04-10 00:09:55',NULL,NULL),(2,'P001',3,'RM-ALF-001','RM-ALF-001-20250118-001',170.000,10.000,'W016','2026-04-10 00:09:55',NULL,NULL),(3,'P001',4,'RM-PVD-001','RM-PVD-001-20250118-001',450.000,30.000,'W016','2026-04-10 00:09:55',NULL,NULL),(4,'P001',4,'RM-CNT-001','RM-CNT-001-20250118-001',185.000,10.000,'W016','2026-04-10 00:09:55',NULL,NULL),(5,'P001',4,'RM-PCH-001','RM-PCH-001-20250118-001',8500.000,500.000,'W016','2026-04-10 00:09:55',NULL,NULL),(6,'P001',6,'RM-GRP-001','RM-GRP-001-20250118-001',4200.000,400.000,'W016','2026-04-10 00:09:55',NULL,NULL),(7,'P001',7,'RM-CUF-001','RM-CUF-001-20250118-001',175.000,10.000,'W016','2026-04-10 00:09:55',NULL,NULL),(8,'P001',8,'RM-ELY-001','RM-ELY-001-20250118-001',2600.000,200.000,'W016','2026-04-10 00:09:55',NULL,NULL),(9,'P001',9,'RM-SEP-001','RM-SEP-001-20250118-001',82.000,5.000,'W016','2026-04-10 00:09:55',NULL,NULL),(10,'P001',16,'SF-JEL-001','SF-JEL-001-20250122-001',1500.000,500.000,'W016','2026-04-10 00:09:55',NULL,NULL),(11,'P001',17,'SF-WET-001','SF-WET-001-20250122-001',800.000,0.000,'W016','2026-04-10 00:09:55',NULL,NULL),(12,'P001',18,'SF-FMC-001','SF-FMC-001-20250122-001',900.000,0.000,'W016','2026-04-10 00:09:55',NULL,NULL),(13,'P001',20,'FG-CEL-001','FG-CEL-001-20250120-001',1067.000,320.000,'W015','2026-04-10 00:09:55',NULL,NULL),(14,'P001',21,'FG-CEL-001','FG-CEL-001-20250121-001',1164.000,352.000,'W015','2026-04-10 00:09:55',NULL,NULL),(15,'P002',23,'FG-CEL-001',NULL,500.000,100.000,'W019','2026-04-10 00:09:55',NULL,NULL),(16,'P002',25,'RM-BMS-001','RM-BMS-001-20250115-001',138.000,25.000,'W019','2026-04-10 00:09:55',NULL,NULL),(17,'P002',25,'RM-BMS-002','RM-BMS-002-20250115-001',91.000,4.000,'W019','2026-04-10 00:09:55',NULL,NULL),(18,'P002',26,'RM-BUS-001','RM-BUS-001-20250115-001',4070.000,375.000,'W019','2026-04-10 00:09:55',NULL,NULL),(19,'P002',26,'RM-CAS-001','RM-CAS-001-20250115-001',91.000,4.000,'W019','2026-04-10 00:09:55',NULL,NULL),(20,'P002',27,'FG-MOD-001','FG-MOD-001-20250122-001',18.000,6.000,'W019','2026-04-10 00:09:55',NULL,NULL),(21,'P002',28,'FG-PCK-001','FG-PCK-001-20250120-001',3.000,0.000,'W021','2026-04-10 00:09:55',NULL,NULL),(22,'P002',28,'FG-PCK-001','FG-PCK-001-20250121-001',4.000,0.000,'W021','2026-04-10 00:09:55',NULL,NULL),(23,'P002',29,'FG-PCK-002','FG-PCK-002-20250121-001',3.000,0.000,'W021','2026-04-10 00:09:55',NULL,NULL),(24,'P001',10,'RM-NMP-001','RM-NMP-001-20250118-001',1600.000,0.000,'W016','2026-04-10 00:09:55',NULL,NULL),(25,'P001',12,'SF-CSL-001','SF-CSL-001-20250122-001',515.000,0.000,'W016','2026-04-10 00:09:55',NULL,NULL),(26,'P001',13,'SF-ASL-001','SF-ASL-001-20250122-001',416.000,0.000,'W016','2026-04-10 00:09:55',NULL,NULL),(27,'P001',14,'SF-CES-001','SF-CES-001-20250121-001',2940.000,1000.000,'W016','2026-04-10 00:09:55',NULL,NULL),(28,'P001',15,'SF-AES-001','SF-AES-001-20250121-001',3038.000,1000.000,'W016','2026-04-10 00:09:55',NULL,NULL),(29,'P001',15,'SF-CEL-001','SF-CEL-001-20250122-001',650.000,200.000,'W016','2026-04-10 00:09:55',NULL,NULL);
/*!40000 ALTER TABLE `MCS_LOCATION_STOCK` ENABLE KEYS */;
UNLOCK TABLES;

--
-- Table structure for table `MCS_LOC_TRANS_HIS`
--

DROP TABLE IF EXISTS `MCS_LOC_TRANS_HIS`;
/*!40101 SET @saved_cs_client     = @@character_set_client */;
/*!50503 SET character_set_client = utf8mb4 */;
CREATE TABLE `MCS_LOC_TRANS_HIS` (
  `LOC_TRANS_ID` bigint NOT NULL AUTO_INCREMENT COMMENT '로케이션거래ID',
  `PLANT_CD` varchar(20) COLLATE utf8mb4_general_ci NOT NULL COMMENT '공장코드',
  `LOC_STOCK_ID` bigint NOT NULL COMMENT '로케이션재고ID',
  `TRANS_TYPE` varchar(20) COLLATE utf8mb4_general_ci NOT NULL COMMENT '거래유형 (MCS_INV_TX_TYPE)',
  `TRANS_QTY` decimal(15,3) NOT NULL COMMENT '변동수량',
  `BEFORE_QTY` decimal(15,3) NOT NULL COMMENT '변경전수량',
  `AFTER_QTY` decimal(15,3) NOT NULL COMMENT '변경후수량',
  `REF_TYPE` varchar(20) COLLATE utf8mb4_general_ci DEFAULT NULL COMMENT '참조유형 (IB/OB/TF/ADJ)',
  `REF_NO` varchar(50) COLLATE utf8mb4_general_ci DEFAULT NULL COMMENT '참조번호',
  `REF_ID` bigint DEFAULT NULL COMMENT '참조ID',
  `TRANS_RMK` varchar(500) COLLATE utf8mb4_general_ci DEFAULT NULL COMMENT '비고',
  `REG_USER_ID` varchar(50) COLLATE utf8mb4_general_ci NOT NULL COMMENT '등록자ID',
  `REG_DTM` datetime NOT NULL DEFAULT CURRENT_TIMESTAMP COMMENT '등록일시',
  PRIMARY KEY (`LOC_TRANS_ID`),
  KEY `IDX_MCS_LOC_TRANS_01` (`PLANT_CD`,`REG_DTM`),
  KEY `IDX_MCS_LOC_TRANS_02` (`LOC_STOCK_ID`),
  KEY `IDX_MCS_LOC_TRANS_03` (`REF_TYPE`,`REF_NO`),
  CONSTRAINT `FK_MCS_LOC_TRANS_PLANT` FOREIGN KEY (`PLANT_CD`) REFERENCES `MST_PLANT` (`PLANT_CD`),
  CONSTRAINT `FK_MCS_LOC_TRANS_STOCK` FOREIGN KEY (`LOC_STOCK_ID`) REFERENCES `MCS_LOCATION_STOCK` (`LOC_STOCK_ID`)
) ENGINE=InnoDB AUTO_INCREMENT=23 DEFAULT CHARSET=utf8mb4 COLLATE=utf8mb4_general_ci COMMENT='MCS 로케이션재고이력';
/*!40101 SET character_set_client = @saved_cs_client */;

--
-- Dumping data for table `MCS_LOC_TRANS_HIS`
--

LOCK TABLES `MCS_LOC_TRANS_HIS` WRITE;
/*!40000 ALTER TABLE `MCS_LOC_TRANS_HIS` DISABLE KEYS */;
INSERT INTO `MCS_LOC_TRANS_HIS` VALUES (1,'P001',1,'IB_IN',5000.000,0.000,5000.000,'IB','IB-20250118-0001',1,'NCM811 양극활물질 5톤 입고','W016','2026-04-10 00:09:57'),(2,'P001',6,'IB_IN',5000.000,0.000,5000.000,'IB','IB-20250118-0002',2,'인조흑연 음극활물질 5톤 입고','W016','2026-04-10 00:09:57'),(3,'P001',7,'IB_IN',200.000,0.000,200.000,'IB','IB-20250118-0002',2,'구리포일 200롤 입고','W016','2026-04-10 00:09:57'),(4,'P001',8,'IB_IN',3000.000,0.000,3000.000,'IB','IB-20250118-0003',3,'전해액 LiPF6 3000L 입고','W016','2026-04-10 00:09:57'),(5,'P001',9,'IB_IN',100.000,0.000,100.000,'IB','IB-20250118-0004',4,'분리막 100롤 입고','W016','2026-04-10 00:09:57'),(6,'P002',16,'IB_IN',200.000,0.000,200.000,'IB','IB-20250115-0001',6,'BMS기판 EV 200EA 입고','W019','2026-04-10 00:09:57'),(7,'P002',17,'IB_IN',100.000,0.000,100.000,'IB','IB-20250115-0001',6,'BMS기판 ESS 100EA 입고','W019','2026-04-10 00:09:57'),(8,'P002',18,'IB_IN',5000.000,0.000,5000.000,'IB','IB-20250115-0001',6,'버스바 5000EA 입고','W019','2026-04-10 00:09:57'),(9,'P001',1,'OB_OUT',500.000,5000.000,4500.000,'OB','OB-20250120-0001',1,'양극믹싱 NCM811 투입','W016','2026-04-10 00:09:57'),(10,'P001',3,'OB_OUT',30.000,480.000,450.000,'OB','OB-20250120-0001',1,'PVDF 바인더 투입','W016','2026-04-10 00:09:57'),(11,'P001',4,'OB_OUT',10.000,195.000,185.000,'OB','OB-20250120-0001',1,'CNT 도전재 투입','W016','2026-04-10 00:09:57'),(12,'P002',21,'OB_OUT',3.000,3.000,0.000,'OB','OB-20250122-0001',2,'현대차 EV팩 3SET 납품','W021','2026-04-10 00:09:57'),(13,'P001',1,'TF_IN',5000.000,0.000,5000.000,'TF','TF-20250118-0001',1,'입고대기 → NCM파렛트 적치','W016','2026-04-10 00:09:57'),(14,'P001',8,'TF_IN',3000.000,0.000,3000.000,'TF','TF-20250118-0002',2,'검수완료 → 전해액탱크 이송','W016','2026-04-10 00:09:57'),(15,'P001',5,'ADJ_MINUS',500.000,9000.000,8500.000,NULL,NULL,NULL,'파우치필름 실사 조정 (-500EA)','W015','2026-04-10 00:09:57'),(16,'P001',24,'IB_IN',2000.000,0.000,2000.000,'IB','IB-20250118-0003',3,'NMP 용매 2000L 입고','W016','2026-04-10 00:09:57'),(17,'P001',24,'PRD_ISSUE',400.000,2000.000,1600.000,NULL,NULL,NULL,'NMP 코팅공정 투입','W016','2026-04-10 00:09:57'),(18,'P001',25,'PRD_RECEIPT',515.000,0.000,515.000,NULL,'WO202501220001',28,'양극슬러리 생산입고','W016','2026-04-10 00:09:57'),(19,'P001',26,'PRD_RECEIPT',416.000,0.000,416.000,NULL,'WO202501220002',29,'음극슬러리 생산입고','W016','2026-04-10 00:09:57'),(20,'P001',27,'PRD_RECEIPT',2940.000,0.000,2940.000,NULL,'WO202501210006',19,'양극(슬리팅) 생산입고','W016','2026-04-10 00:09:57'),(21,'P001',28,'PRD_RECEIPT',3038.000,0.000,3038.000,NULL,'WO202501210007',20,'음극(슬리팅) 생산입고','W016','2026-04-10 00:09:57'),(22,'P001',29,'PRD_RECEIPT',650.000,0.000,650.000,NULL,'WO202501220003',30,'양극전극시트 생산입고','W016','2026-04-10 00:09:57');
/*!40000 ALTER TABLE `MCS_LOC_TRANS_HIS` ENABLE KEYS */;
UNLOCK TABLES;

--
-- Table structure for table `MCS_OUTBOUND_ITEM`
--

DROP TABLE IF EXISTS `MCS_OUTBOUND_ITEM`;
/*!40101 SET @saved_cs_client     = @@character_set_client */;
/*!50503 SET character_set_client = utf8mb4 */;
CREATE TABLE `MCS_OUTBOUND_ITEM` (
  `OUTBOUND_ITEM_ID` bigint NOT NULL AUTO_INCREMENT COMMENT '출고품목ID',
  `OUTBOUND_ID` bigint NOT NULL COMMENT '출고ID',
  `ITEM_CD` varchar(50) COLLATE utf8mb4_general_ci NOT NULL COMMENT '품목코드',
  `LOT_NO` varchar(50) COLLATE utf8mb4_general_ci DEFAULT NULL COMMENT 'LOT번호',
  `LOCATION_ID` bigint DEFAULT NULL COMMENT '출고 원천 로케이션',
  `REQUESTED_QTY` decimal(15,3) NOT NULL COMMENT '요청수량',
  `ALLOCATED_QTY` decimal(15,3) DEFAULT '0.000' COMMENT '할당수량',
  `PICKED_QTY` decimal(15,3) DEFAULT '0.000' COMMENT '피킹수량',
  `SHIPPED_QTY` decimal(15,3) DEFAULT '0.000' COMMENT '출하수량',
  `ITEM_STATUS` varchar(20) COLLATE utf8mb4_general_ci NOT NULL DEFAULT 'PENDING' COMMENT '품목상태 (MCS_OB_ITEM_STATUS)',
  `ITEM_RMK` varchar(500) COLLATE utf8mb4_general_ci DEFAULT NULL COMMENT '비고',
  `REG_USER_ID` varchar(50) COLLATE utf8mb4_general_ci NOT NULL COMMENT '등록자ID',
  `REG_DTM` datetime NOT NULL DEFAULT CURRENT_TIMESTAMP COMMENT '등록일시',
  `UPD_USER_ID` varchar(50) COLLATE utf8mb4_general_ci DEFAULT NULL COMMENT '수정자ID',
  `UPD_DTM` datetime DEFAULT NULL ON UPDATE CURRENT_TIMESTAMP COMMENT '수정일시',
  PRIMARY KEY (`OUTBOUND_ITEM_ID`),
  KEY `IDX_MCS_OB_ITEM_01` (`OUTBOUND_ID`),
  KEY `IDX_MCS_OB_ITEM_02` (`ITEM_CD`),
  KEY `FK_MCS_OB_ITEM_LOC` (`LOCATION_ID`),
  CONSTRAINT `FK_MCS_OB_ITEM_ITEM` FOREIGN KEY (`ITEM_CD`) REFERENCES `MST_ITEM` (`ITEM_CD`),
  CONSTRAINT `FK_MCS_OB_ITEM_LOC` FOREIGN KEY (`LOCATION_ID`) REFERENCES `MCS_LOCATION` (`LOCATION_ID`),
  CONSTRAINT `FK_MCS_OB_ITEM_ORDER` FOREIGN KEY (`OUTBOUND_ID`) REFERENCES `MCS_OUTBOUND_ORDER` (`OUTBOUND_ID`)
) ENGINE=InnoDB AUTO_INCREMENT=10 DEFAULT CHARSET=utf8mb4 COLLATE=utf8mb4_general_ci COMMENT='MCS 출고품목';
/*!40101 SET character_set_client = @saved_cs_client */;

--
-- Dumping data for table `MCS_OUTBOUND_ITEM`
--

LOCK TABLES `MCS_OUTBOUND_ITEM` WRITE;
/*!40000 ALTER TABLE `MCS_OUTBOUND_ITEM` DISABLE KEYS */;
INSERT INTO `MCS_OUTBOUND_ITEM` VALUES (1,1,'RM-NCM-001','RM-NCM-001-20250118-001',1,500.000,500.000,500.000,500.000,'SHIPPED',NULL,'W016','2026-04-10 00:09:56',NULL,NULL),(2,1,'RM-PVD-001','RM-PVD-001-20250118-001',4,30.000,30.000,30.000,30.000,'SHIPPED',NULL,'W016','2026-04-10 00:09:56',NULL,NULL),(3,1,'RM-CNT-001','RM-CNT-001-20250118-001',4,10.000,10.000,10.000,10.000,'SHIPPED',NULL,'W016','2026-04-10 00:09:56',NULL,NULL),(4,2,'FG-PCK-001','FG-PCK-001-20250120-001',28,3.000,3.000,3.000,3.000,'SHIPPED',NULL,'W021','2026-04-10 00:09:56',NULL,NULL),(5,3,'RM-ELY-001','RM-ELY-001-20250118-001',8,200.000,200.000,200.000,0.000,'PICKED',NULL,'W016','2026-04-10 00:09:56',NULL,NULL),(6,4,'FG-CEL-001','FG-CEL-001-20250120-001',20,320.000,320.000,0.000,0.000,'ALLOCATED',NULL,'W015','2026-04-10 00:09:56',NULL,NULL),(7,4,'FG-CEL-001','FG-CEL-001-20250121-001',21,180.000,180.000,0.000,0.000,'ALLOCATED',NULL,'W015','2026-04-10 00:09:56',NULL,NULL),(8,5,'FG-PCK-001','FG-PCK-001-20250121-001',28,4.000,0.000,0.000,0.000,'PENDING',NULL,'W021','2026-04-10 00:09:56',NULL,NULL),(9,6,'FG-PCK-002','FG-PCK-002-20250121-001',29,3.000,0.000,0.000,0.000,'CANCELLED',NULL,'W021','2026-04-10 00:09:56',NULL,NULL);
/*!40000 ALTER TABLE `MCS_OUTBOUND_ITEM` ENABLE KEYS */;
UNLOCK TABLES;

--
-- Table structure for table `MCS_OUTBOUND_ORDER`
--

DROP TABLE IF EXISTS `MCS_OUTBOUND_ORDER`;
/*!40101 SET @saved_cs_client     = @@character_set_client */;
/*!50503 SET character_set_client = utf8mb4 */;
CREATE TABLE `MCS_OUTBOUND_ORDER` (
  `OUTBOUND_ID` bigint NOT NULL AUTO_INCREMENT COMMENT '출고ID',
  `PLANT_CD` varchar(20) COLLATE utf8mb4_general_ci NOT NULL COMMENT '공장코드',
  `OUTBOUND_NO` varchar(30) COLLATE utf8mb4_general_ci NOT NULL COMMENT '출고번호',
  `OUTBOUND_STATUS` varchar(20) COLLATE utf8mb4_general_ci NOT NULL DEFAULT 'REQUESTED' COMMENT '출고상태 (MCS_OB_STATUS)',
  `CUSTOMER_CD` varchar(50) COLLATE utf8mb4_general_ci DEFAULT NULL COMMENT '고객코드',
  `WAREHOUSE_CD` varchar(20) COLLATE utf8mb4_general_ci DEFAULT NULL COMMENT '출고 원천 창고',
  `REQUEST_DT` datetime DEFAULT NULL COMMENT '요청일시',
  `SHIPPED_DT` datetime DEFAULT NULL COMMENT '출하일시',
  `DESTINATION` varchar(300) COLLATE utf8mb4_general_ci DEFAULT NULL COMMENT '목적지',
  `ISSUE_PLAN_ID` bigint DEFAULT NULL COMMENT 'MES INV_ISSUE_PLAN 연동ID',
  `WO_ID` bigint DEFAULT NULL COMMENT 'MES PLN_WORK_ORDER 연동ID',
  `OUTBOUND_RMK` varchar(500) COLLATE utf8mb4_general_ci DEFAULT NULL COMMENT '비고',
  `REG_USER_ID` varchar(50) COLLATE utf8mb4_general_ci NOT NULL COMMENT '등록자ID',
  `REG_DTM` datetime NOT NULL DEFAULT CURRENT_TIMESTAMP COMMENT '등록일시',
  `UPD_USER_ID` varchar(50) COLLATE utf8mb4_general_ci DEFAULT NULL COMMENT '수정자ID',
  `UPD_DTM` datetime DEFAULT NULL ON UPDATE CURRENT_TIMESTAMP COMMENT '수정일시',
  PRIMARY KEY (`OUTBOUND_ID`),
  UNIQUE KEY `UK_MCS_OUTBOUND` (`OUTBOUND_NO`),
  KEY `IDX_MCS_OUTBOUND_01` (`PLANT_CD`,`REQUEST_DT`),
  KEY `IDX_MCS_OUTBOUND_02` (`OUTBOUND_STATUS`),
  KEY `IDX_MCS_OUTBOUND_03` (`WO_ID`),
  KEY `FK_MCS_OUTBOUND_WH` (`WAREHOUSE_CD`),
  CONSTRAINT `FK_MCS_OUTBOUND_PLANT` FOREIGN KEY (`PLANT_CD`) REFERENCES `MST_PLANT` (`PLANT_CD`),
  CONSTRAINT `FK_MCS_OUTBOUND_WH` FOREIGN KEY (`WAREHOUSE_CD`) REFERENCES `MST_WAREHOUSE` (`WAREHOUSE_CD`)
) ENGINE=InnoDB AUTO_INCREMENT=7 DEFAULT CHARSET=utf8mb4 COLLATE=utf8mb4_general_ci COMMENT='MCS 출고오더';
/*!40101 SET character_set_client = @saved_cs_client */;

--
-- Dumping data for table `MCS_OUTBOUND_ORDER`
--

LOCK TABLES `MCS_OUTBOUND_ORDER` WRITE;
/*!40000 ALTER TABLE `MCS_OUTBOUND_ORDER` DISABLE KEYS */;
INSERT INTO `MCS_OUTBOUND_ORDER` VALUES (1,'P001','OB-20250120-0001','SHIPPED',NULL,'WH001','2025-01-20 07:30:00','2025-01-20 08:00:00','양극믹싱작업장(WC001)',NULL,1,'양극슬러리 자재투입','W015','2026-04-10 00:09:56',NULL,NULL),(2,'P002','OB-20250122-0001','SHIPPED','V010','WH011','2025-01-22 09:00:00','2025-01-22 15:00:00','현대자동차(주)',NULL,NULL,'EV용 배터리팩 납품','W021','2026-04-10 00:09:56',NULL,NULL),(3,'P001','OB-20250122-0002','PICKED',NULL,'WH003','2025-01-22 12:30:00',NULL,'전해액주입작업장(WC009)',NULL,34,'전해액주입 자재투입','W015','2026-04-10 00:09:56',NULL,NULL),(4,'P001','OB-20250122-0003','ALLOCATED',NULL,'WH006','2025-01-22 10:00:00',NULL,'대전2공장(P002)',NULL,NULL,'완성셀 공장간 이동','W015','2026-04-10 00:09:56',NULL,NULL),(5,'P002','OB-20250125-0001','REQUESTED','V011','WH011','2025-01-25 11:00:00',NULL,'기아(주)',NULL,NULL,'EV용 배터리팩 납품','W021','2026-04-10 00:09:56',NULL,NULL),(6,'P002','OB-20250120-0002','CANCELLED','V012','WH011','2025-01-20 14:00:00',NULL,NULL,NULL,NULL,'ESS팩 납기 연기 취소','W021','2026-04-10 00:09:56',NULL,NULL);
/*!40000 ALTER TABLE `MCS_OUTBOUND_ORDER` ENABLE KEYS */;
UNLOCK TABLES;

--
-- Table structure for table `MCS_TRANSFER_ITEM`
--

DROP TABLE IF EXISTS `MCS_TRANSFER_ITEM`;
/*!40101 SET @saved_cs_client     = @@character_set_client */;
/*!50503 SET character_set_client = utf8mb4 */;
CREATE TABLE `MCS_TRANSFER_ITEM` (
  `TRANSFER_ITEM_ID` bigint NOT NULL AUTO_INCREMENT COMMENT '이동품목ID',
  `TRANSFER_ID` bigint NOT NULL COMMENT '이동ID',
  `ITEM_CD` varchar(50) COLLATE utf8mb4_general_ci NOT NULL COMMENT '품목코드',
  `LOT_NO` varchar(50) COLLATE utf8mb4_general_ci DEFAULT NULL COMMENT 'LOT번호',
  `TRANSFER_QTY` decimal(15,3) NOT NULL COMMENT '이동수량',
  `ITEM_STATUS` varchar(20) COLLATE utf8mb4_general_ci NOT NULL DEFAULT 'PENDING' COMMENT '품목상태 (MCS_TF_ITEM_STATUS)',
  `REG_USER_ID` varchar(50) COLLATE utf8mb4_general_ci NOT NULL COMMENT '등록자ID',
  `REG_DTM` datetime NOT NULL DEFAULT CURRENT_TIMESTAMP COMMENT '등록일시',
  `UPD_USER_ID` varchar(50) COLLATE utf8mb4_general_ci DEFAULT NULL COMMENT '수정자ID',
  `UPD_DTM` datetime DEFAULT NULL ON UPDATE CURRENT_TIMESTAMP COMMENT '수정일시',
  PRIMARY KEY (`TRANSFER_ITEM_ID`),
  KEY `IDX_MCS_TF_ITEM_01` (`TRANSFER_ID`),
  KEY `FK_MCS_TF_ITEM_ITEM` (`ITEM_CD`),
  CONSTRAINT `FK_MCS_TF_ITEM_ITEM` FOREIGN KEY (`ITEM_CD`) REFERENCES `MST_ITEM` (`ITEM_CD`),
  CONSTRAINT `FK_MCS_TF_ITEM_ORDER` FOREIGN KEY (`TRANSFER_ID`) REFERENCES `MCS_TRANSFER_ORDER` (`TRANSFER_ID`)
) ENGINE=InnoDB AUTO_INCREMENT=6 DEFAULT CHARSET=utf8mb4 COLLATE=utf8mb4_general_ci COMMENT='MCS 이동품목';
/*!40101 SET character_set_client = @saved_cs_client */;

--
-- Dumping data for table `MCS_TRANSFER_ITEM`
--

LOCK TABLES `MCS_TRANSFER_ITEM` WRITE;
/*!40000 ALTER TABLE `MCS_TRANSFER_ITEM` DISABLE KEYS */;
INSERT INTO `MCS_TRANSFER_ITEM` VALUES (1,1,'RM-NCM-001','RM-NCM-001-20250118-001',5000.000,'MOVED','W016','2026-04-10 00:09:56',NULL,NULL),(2,2,'RM-ELY-001','RM-ELY-001-20250118-001',3000.000,'MOVED','W016','2026-04-10 00:09:56',NULL,NULL),(3,3,'FG-CEL-001','FG-CEL-001-20250120-001',500.000,'PENDING','W015','2026-04-10 00:09:56',NULL,NULL),(4,4,'FG-PCK-001','FG-PCK-001-20250121-001',4.000,'PENDING','W021','2026-04-10 00:09:56',NULL,NULL),(5,5,'SF-WET-001','SF-WET-001-20250121-001',800.000,'CANCELLED','W016','2026-04-10 00:09:56',NULL,NULL);
/*!40000 ALTER TABLE `MCS_TRANSFER_ITEM` ENABLE KEYS */;
UNLOCK TABLES;

--
-- Table structure for table `MCS_TRANSFER_ORDER`
--

DROP TABLE IF EXISTS `MCS_TRANSFER_ORDER`;
/*!40101 SET @saved_cs_client     = @@character_set_client */;
/*!50503 SET character_set_client = utf8mb4 */;
CREATE TABLE `MCS_TRANSFER_ORDER` (
  `TRANSFER_ID` bigint NOT NULL AUTO_INCREMENT COMMENT '이동ID',
  `PLANT_CD` varchar(20) COLLATE utf8mb4_general_ci NOT NULL COMMENT '공장코드',
  `TRANSFER_NO` varchar(30) COLLATE utf8mb4_general_ci NOT NULL COMMENT '이동번호',
  `TRANSFER_STATUS` varchar(20) COLLATE utf8mb4_general_ci NOT NULL DEFAULT 'REQUESTED' COMMENT '이동상태 (MCS_TF_STATUS)',
  `FROM_LOCATION_ID` bigint NOT NULL COMMENT '출발 로케이션',
  `TO_LOCATION_ID` bigint NOT NULL COMMENT '도착 로케이션',
  `TRANSFER_REASON` varchar(500) COLLATE utf8mb4_general_ci DEFAULT NULL COMMENT '이동사유',
  `REG_USER_ID` varchar(50) COLLATE utf8mb4_general_ci NOT NULL COMMENT '등록자ID',
  `REG_DTM` datetime NOT NULL DEFAULT CURRENT_TIMESTAMP COMMENT '등록일시',
  `UPD_USER_ID` varchar(50) COLLATE utf8mb4_general_ci DEFAULT NULL COMMENT '수정자ID',
  `UPD_DTM` datetime DEFAULT NULL ON UPDATE CURRENT_TIMESTAMP COMMENT '수정일시',
  PRIMARY KEY (`TRANSFER_ID`),
  UNIQUE KEY `UK_MCS_TRANSFER` (`TRANSFER_NO`),
  KEY `IDX_MCS_TRANSFER_01` (`PLANT_CD`,`TRANSFER_STATUS`),
  KEY `FK_MCS_TRANSFER_FROM` (`FROM_LOCATION_ID`),
  KEY `FK_MCS_TRANSFER_TO` (`TO_LOCATION_ID`),
  CONSTRAINT `FK_MCS_TRANSFER_FROM` FOREIGN KEY (`FROM_LOCATION_ID`) REFERENCES `MCS_LOCATION` (`LOCATION_ID`),
  CONSTRAINT `FK_MCS_TRANSFER_PLANT` FOREIGN KEY (`PLANT_CD`) REFERENCES `MST_PLANT` (`PLANT_CD`),
  CONSTRAINT `FK_MCS_TRANSFER_TO` FOREIGN KEY (`TO_LOCATION_ID`) REFERENCES `MCS_LOCATION` (`LOCATION_ID`)
) ENGINE=InnoDB AUTO_INCREMENT=6 DEFAULT CHARSET=utf8mb4 COLLATE=utf8mb4_general_ci COMMENT='MCS 이동오더';
/*!40101 SET character_set_client = @saved_cs_client */;

--
-- Dumping data for table `MCS_TRANSFER_ORDER`
--

LOCK TABLES `MCS_TRANSFER_ORDER` WRITE;
/*!40000 ALTER TABLE `MCS_TRANSFER_ORDER` DISABLE KEYS */;
INSERT INTO `MCS_TRANSFER_ORDER` VALUES (1,'P001','TF-20250118-0001','COMPLETED',5,1,'입고대기 → NCM활물질 적치','W016','2026-04-10 00:09:56',NULL,NULL),(2,'P001','TF-20250118-0002','COMPLETED',11,8,'검수완료 전해액 → ELY탱크 이송','W016','2026-04-10 00:09:56',NULL,NULL),(3,'P001','TF-20250122-0001','IN_PROGRESS',20,22,'완성셀 출하대기 이동','W015','2026-04-10 00:09:56',NULL,NULL),(4,'P002','TF-20250125-0001','REQUESTED',28,30,'EV팩 출하대기 이동','W021','2026-04-10 00:09:56',NULL,NULL),(5,'P001','TF-20250121-0001','CANCELLED',17,19,'웻셀 이동 취소 (바로 화성공정)','W016','2026-04-10 00:09:56',NULL,NULL);
/*!40000 ALTER TABLE `MCS_TRANSFER_ORDER` ENABLE KEYS */;
UNLOCK TABLES;

--
-- Table structure for table `MCS_ZONE`
--

DROP TABLE IF EXISTS `MCS_ZONE`;
/*!40101 SET @saved_cs_client     = @@character_set_client */;
/*!50503 SET character_set_client = utf8mb4 */;
CREATE TABLE `MCS_ZONE` (
  `ZONE_ID` bigint NOT NULL AUTO_INCREMENT COMMENT '구역ID',
  `PLANT_CD` varchar(20) COLLATE utf8mb4_general_ci NOT NULL COMMENT '공장코드',
  `WAREHOUSE_CD` varchar(20) COLLATE utf8mb4_general_ci NOT NULL COMMENT '창고코드',
  `ZONE_CD` varchar(20) COLLATE utf8mb4_general_ci NOT NULL COMMENT '구역코드',
  `ZONE_NM` varchar(100) COLLATE utf8mb4_general_ci NOT NULL COMMENT '구역명',
  `ZONE_TYPE` varchar(20) COLLATE utf8mb4_general_ci NOT NULL DEFAULT 'STORAGE' COMMENT '구역유형 (MCS_ZONE_TYPE)',
  `SORT_SEQ` int NOT NULL DEFAULT '0' COMMENT '정렬순서',
  `USE_YN` char(1) COLLATE utf8mb4_general_ci NOT NULL DEFAULT 'Y' COMMENT '사용여부',
  `REG_USER_ID` varchar(50) COLLATE utf8mb4_general_ci NOT NULL COMMENT '등록자ID',
  `REG_DTM` datetime NOT NULL DEFAULT CURRENT_TIMESTAMP COMMENT '등록일시',
  `UPD_USER_ID` varchar(50) COLLATE utf8mb4_general_ci DEFAULT NULL COMMENT '수정자ID',
  `UPD_DTM` datetime DEFAULT NULL ON UPDATE CURRENT_TIMESTAMP COMMENT '수정일시',
  PRIMARY KEY (`ZONE_ID`),
  UNIQUE KEY `UK_MCS_ZONE` (`WAREHOUSE_CD`,`ZONE_CD`),
  KEY `IDX_MCS_ZONE_01` (`PLANT_CD`,`WAREHOUSE_CD`),
  CONSTRAINT `FK_MCS_ZONE_PLANT` FOREIGN KEY (`PLANT_CD`) REFERENCES `MST_PLANT` (`PLANT_CD`),
  CONSTRAINT `FK_MCS_ZONE_WH` FOREIGN KEY (`WAREHOUSE_CD`) REFERENCES `MST_WAREHOUSE` (`WAREHOUSE_CD`)
) ENGINE=InnoDB AUTO_INCREMENT=23 DEFAULT CHARSET=utf8mb4 COLLATE=utf8mb4_general_ci COMMENT='MCS 구역정보';
/*!40101 SET character_set_client = @saved_cs_client */;

--
-- Dumping data for table `MCS_ZONE`
--

LOCK TABLES `MCS_ZONE` WRITE;
/*!40000 ALTER TABLE `MCS_ZONE` DISABLE KEYS */;
INSERT INTO `MCS_ZONE` VALUES (1,'P001','WH001','Z-NCM','NCM활물질 보관구역','STORAGE',1,'Y','W015','2026-04-10 00:09:54','SYSTEM','2026-04-10 00:53:40'),(2,'P001','WH001','Z-ALF','알루미늄포일/첨가제 구역','STORAGE',2,'Y','W015','2026-04-10 00:09:54',NULL,NULL),(3,'P001','WH001','Z-R1','입고 대기구역','RECEIVING',3,'Y','W015','2026-04-10 00:09:54',NULL,NULL),(4,'P001','WH002','Z-GRP','음극활물질 보관구역','STORAGE',1,'Y','W015','2026-04-10 00:09:54',NULL,NULL),(5,'P001','WH002','Z-CUF','구리포일 보관구역','STORAGE',2,'Y','W015','2026-04-10 00:09:54',NULL,NULL),(6,'P001','WH003','Z-ELY','전해액 보관구역(방폭)','STORAGE',1,'Y','W015','2026-04-10 00:09:54',NULL,NULL),(7,'P001','WH003','Z-SEP','분리막/NMP 보관구역','STORAGE',2,'Y','W015','2026-04-10 00:09:54',NULL,NULL),(8,'P001','WH003','Z-QC1','원자재 검수구역','QC',3,'Y','W015','2026-04-10 00:09:54',NULL,NULL),(9,'P001','WH004','Z-SLR','슬러리/전극시트 구역','STORAGE',1,'Y','W016','2026-04-10 00:09:54',NULL,NULL),(10,'P001','WH004','Z-PRS','압연/슬릿전극 구역','STORAGE',2,'Y','W016','2026-04-10 00:09:54',NULL,NULL),(11,'P001','WH005','Z-JEL','젤리롤/드라이셀 구역','STORAGE',1,'Y','W016','2026-04-10 00:09:54',NULL,NULL),(12,'P001','WH005','Z-WET','웻셀/화성셀 구역','STORAGE',2,'Y','W016','2026-04-10 00:09:54',NULL,NULL),(13,'P001','WH005','Z-STG','임시보관 구역','STAGING',3,'Y','W016','2026-04-10 00:09:54',NULL,NULL),(14,'P001','WH006','Z-CEL','완성셀 보관구역','STORAGE',1,'Y','W015','2026-04-10 00:09:54',NULL,NULL),(15,'P001','WH006','Z-S1','출하 대기구역','SHIPPING',2,'Y','W015','2026-04-10 00:09:54',NULL,NULL),(16,'P002','WH008','Z-IN','셀입고 보관구역','STORAGE',1,'Y','W019','2026-04-10 00:09:54',NULL,NULL),(17,'P002','WH008','Z-R2','입고 대기구역','RECEIVING',2,'Y','W019','2026-04-10 00:09:54',NULL,NULL),(18,'P002','WH009','Z-BMS','BMS/커넥터 구역','STORAGE',1,'Y','W019','2026-04-10 00:09:54',NULL,NULL),(19,'P002','WH009','Z-HSG','하우징/냉각/버스바 구역','STORAGE',2,'Y','W019','2026-04-10 00:09:54',NULL,NULL),(20,'P002','WH010','Z-MOD','모듈 보관구역','STORAGE',1,'Y','W019','2026-04-10 00:09:54',NULL,NULL),(21,'P002','WH011','Z-PCK','완성팩 보관구역','STORAGE',1,'Y','W021','2026-04-10 00:09:54',NULL,NULL),(22,'P002','WH011','Z-S2','출하 대기구역','SHIPPING',2,'Y','W021','2026-04-10 00:09:54',NULL,NULL);
/*!40000 ALTER TABLE `MCS_ZONE` ENABLE KEYS */;
UNLOCK TABLES;

--
-- Table structure for table `MST_BOM`
--

DROP TABLE IF EXISTS `MST_BOM`;
/*!40101 SET @saved_cs_client     = @@character_set_client */;
/*!50503 SET character_set_client = utf8mb4 */;
CREATE TABLE `MST_BOM` (
  `BOM_ID` bigint NOT NULL AUTO_INCREMENT COMMENT 'BOM ID',
  `PLANT_CD` varchar(20) COLLATE utf8mb4_general_ci NOT NULL COMMENT '공장코드',
  `PARENT_ITEM_CD` varchar(50) COLLATE utf8mb4_general_ci NOT NULL COMMENT '모품목코드',
  `CHILD_ITEM_CD` varchar(50) COLLATE utf8mb4_general_ci NOT NULL COMMENT '자품목코드',
  `BOM_LEVEL` int NOT NULL DEFAULT '1' COMMENT 'BOM레벨',
  `BOM_QTY` decimal(15,5) NOT NULL COMMENT '소요량',
  `LOSS_RATE` decimal(5,2) DEFAULT '0.00' COMMENT '손실율(%)',
  `START_DT` date NOT NULL COMMENT '유효시작일',
  `END_DT` date DEFAULT NULL COMMENT '유효종료일',
  `PROCESS_CD` varchar(20) COLLATE utf8mb4_general_ci DEFAULT NULL COMMENT '투입공정',
  `LOCATION_TYPE` varchar(20) COLLATE utf8mb4_general_ci DEFAULT NULL COMMENT '투입위치',
  `BOM_RMK` varchar(500) COLLATE utf8mb4_general_ci DEFAULT NULL COMMENT '비고',
  `USE_YN` char(1) COLLATE utf8mb4_general_ci NOT NULL DEFAULT 'Y' COMMENT '사용여부',
  `REG_USER_ID` varchar(50) COLLATE utf8mb4_general_ci NOT NULL COMMENT '등록자ID',
  `REG_DTM` datetime NOT NULL DEFAULT CURRENT_TIMESTAMP COMMENT '등록일시',
  `UPD_USER_ID` varchar(50) COLLATE utf8mb4_general_ci DEFAULT NULL COMMENT '수정자ID',
  `UPD_DTM` datetime DEFAULT NULL ON UPDATE CURRENT_TIMESTAMP COMMENT '수정일시',
  PRIMARY KEY (`BOM_ID`),
  UNIQUE KEY `UK_MST_BOM` (`PLANT_CD`,`PARENT_ITEM_CD`,`CHILD_ITEM_CD`,`START_DT`),
  KEY `IDX_MST_BOM_01` (`PARENT_ITEM_CD`),
  KEY `IDX_MST_BOM_02` (`CHILD_ITEM_CD`),
  CONSTRAINT `FK_MST_BOM_CHILD` FOREIGN KEY (`CHILD_ITEM_CD`) REFERENCES `MST_ITEM` (`ITEM_CD`),
  CONSTRAINT `FK_MST_BOM_PARENT` FOREIGN KEY (`PARENT_ITEM_CD`) REFERENCES `MST_ITEM` (`ITEM_CD`),
  CONSTRAINT `FK_MST_BOM_PLANT` FOREIGN KEY (`PLANT_CD`) REFERENCES `MST_PLANT` (`PLANT_CD`)
) ENGINE=InnoDB AUTO_INCREMENT=45 DEFAULT CHARSET=utf8mb4 COLLATE=utf8mb4_general_ci COMMENT='BOM정보';
/*!40101 SET character_set_client = @saved_cs_client */;

--
-- Dumping data for table `MST_BOM`
--

LOCK TABLES `MST_BOM` WRITE;
/*!40000 ALTER TABLE `MST_BOM` DISABLE KEYS */;
INSERT INTO `MST_BOM` VALUES (1,'P001','FG-CEL-001','SF-AGC-001',1,1.00000,1.00,'2024-01-01',NULL,'PR017',NULL,NULL,'Y','SYSTEM','2026-03-31 01:27:41',NULL,NULL),(2,'P001','SF-AGC-001','SF-FMC-001',2,1.00000,0.50,'2024-01-01',NULL,'PR014',NULL,NULL,'Y','SYSTEM','2026-03-31 01:27:41',NULL,NULL),(3,'P001','SF-FMC-001','SF-WET-001',3,1.00000,0.50,'2024-01-01',NULL,'PR013',NULL,NULL,'Y','SYSTEM','2026-03-31 01:27:41',NULL,NULL),(4,'P001','SF-WET-001','SF-DRC-001',4,1.00000,0.50,'2024-01-01',NULL,'PR011',NULL,NULL,'Y','SYSTEM','2026-03-31 01:27:41',NULL,NULL),(5,'P001','SF-WET-001','RM-ELY-001',4,0.12000,3.00,'2024-01-01',NULL,'PR011',NULL,NULL,'Y','SYSTEM','2026-03-31 01:27:41',NULL,NULL),(6,'P001','SF-DRC-001','SF-JEL-001',5,1.00000,0.50,'2024-01-01',NULL,'PR009',NULL,NULL,'Y','SYSTEM','2026-03-31 01:27:41',NULL,NULL),(7,'P001','SF-DRC-001','RM-PCH-001',5,1.00000,2.00,'2024-01-01',NULL,'PR010',NULL,NULL,'Y','SYSTEM','2026-03-31 01:27:41',NULL,NULL),(8,'P001','SF-DRC-001','RM-TAB-001',5,1.00000,1.00,'2024-01-01',NULL,'PR009',NULL,NULL,'Y','SYSTEM','2026-03-31 01:27:41',NULL,NULL),(9,'P001','SF-DRC-001','RM-TAB-002',5,1.00000,1.00,'2024-01-01',NULL,'PR009',NULL,NULL,'Y','SYSTEM','2026-03-31 01:27:41',NULL,NULL),(10,'P001','SF-DRC-001','RM-TPE-001',5,0.02000,5.00,'2024-01-01',NULL,'PR009',NULL,NULL,'Y','SYSTEM','2026-03-31 01:27:41',NULL,NULL),(11,'P001','SF-JEL-001','SF-CES-001',6,30.00000,1.00,'2024-01-01',NULL,'PR008',NULL,NULL,'Y','SYSTEM','2026-03-31 01:27:41',NULL,NULL),(12,'P001','SF-JEL-001','SF-AES-001',6,31.00000,1.00,'2024-01-01',NULL,'PR008',NULL,NULL,'Y','SYSTEM','2026-03-31 01:27:41',NULL,NULL),(13,'P001','SF-JEL-001','RM-SEP-001',6,0.06000,3.00,'2024-01-01',NULL,'PR008',NULL,NULL,'Y','SYSTEM','2026-03-31 01:27:41',NULL,NULL),(14,'P001','SF-CES-001','SF-CER-001',7,0.10000,3.00,'2024-01-01',NULL,'PR006',NULL,NULL,'Y','SYSTEM','2026-03-31 01:27:41',NULL,NULL),(15,'P001','SF-AES-001','SF-AER-001',7,0.10000,3.00,'2024-01-01',NULL,'PR006',NULL,NULL,'Y','SYSTEM','2026-03-31 01:27:41',NULL,NULL),(16,'P001','SF-CER-001','SF-CEL-001',8,1.00000,1.00,'2024-01-01',NULL,'PR005',NULL,NULL,'Y','SYSTEM','2026-03-31 01:27:41',NULL,NULL),(17,'P001','SF-AER-001','SF-AEL-001',8,1.00000,1.00,'2024-01-01',NULL,'PR005',NULL,NULL,'Y','SYSTEM','2026-03-31 01:27:41',NULL,NULL),(18,'P001','SF-CEL-001','SF-CSL-001',9,0.50000,5.00,'2024-01-01',NULL,'PR002',NULL,NULL,'Y','SYSTEM','2026-03-31 01:27:41',NULL,NULL),(19,'P001','SF-CEL-001','RM-ALF-001',9,0.00500,2.00,'2024-01-01',NULL,'PR002',NULL,NULL,'Y','SYSTEM','2026-03-31 01:27:41',NULL,NULL),(20,'P001','SF-AEL-001','SF-ASL-001',9,0.35000,5.00,'2024-01-01',NULL,'PR004',NULL,NULL,'Y','SYSTEM','2026-03-31 01:27:41',NULL,NULL),(21,'P001','SF-AEL-001','RM-CUF-001',9,0.00500,2.00,'2024-01-01',NULL,'PR004',NULL,NULL,'Y','SYSTEM','2026-03-31 01:27:41',NULL,NULL),(22,'P001','SF-CSL-001','RM-NCM-001',10,0.92000,1.00,'2024-01-01',NULL,'PR001',NULL,NULL,'Y','SYSTEM','2026-03-31 01:27:41',NULL,NULL),(23,'P001','SF-CSL-001','RM-PVD-001',10,0.03000,2.00,'2024-01-01',NULL,'PR001',NULL,NULL,'Y','SYSTEM','2026-03-31 01:27:41',NULL,NULL),(24,'P001','SF-CSL-001','RM-CNT-001',10,0.01000,2.00,'2024-01-01',NULL,'PR001',NULL,NULL,'Y','SYSTEM','2026-03-31 01:27:41',NULL,NULL),(25,'P001','SF-CSL-001','RM-CB-001',10,0.02000,2.00,'2024-01-01',NULL,'PR001',NULL,NULL,'Y','SYSTEM','2026-03-31 01:27:41',NULL,NULL),(26,'P001','SF-CSL-001','RM-NMP-001',10,0.40000,3.00,'2024-01-01',NULL,'PR001',NULL,NULL,'Y','SYSTEM','2026-03-31 01:27:41',NULL,NULL),(27,'P001','SF-ASL-001','RM-GRP-001',10,0.95000,1.00,'2024-01-01',NULL,'PR003',NULL,NULL,'Y','SYSTEM','2026-03-31 01:27:41',NULL,NULL),(28,'P001','SF-ASL-001','RM-SBR-001',10,0.02000,2.00,'2024-01-01',NULL,'PR003',NULL,NULL,'Y','SYSTEM','2026-03-31 01:27:41',NULL,NULL),(29,'P001','SF-ASL-001','RM-CMC-001',10,0.01500,2.00,'2024-01-01',NULL,'PR003',NULL,NULL,'Y','SYSTEM','2026-03-31 01:27:41',NULL,NULL),(30,'P001','SF-ASL-001','RM-CB-001',10,0.01500,2.00,'2024-01-01',NULL,'PR003',NULL,NULL,'Y','SYSTEM','2026-03-31 01:27:41',NULL,NULL),(31,'P001','SF-ASL-001','RM-DIW-001',10,1.00000,3.00,'2024-01-01',NULL,'PR003',NULL,NULL,'Y','SYSTEM','2026-03-31 01:27:41',NULL,NULL),(32,'P002','FG-PCK-001','FG-MOD-001',1,6.00000,0.00,'2024-01-01',NULL,'PR021',NULL,NULL,'Y','SYSTEM','2026-03-31 01:27:42',NULL,NULL),(33,'P002','FG-PCK-001','RM-BMS-002',1,1.00000,0.00,'2024-01-01',NULL,'PR020',NULL,NULL,'Y','SYSTEM','2026-03-31 01:27:42',NULL,NULL),(34,'P002','FG-PCK-001','RM-CON-001',1,2.00000,1.00,'2024-01-01',NULL,'PR021',NULL,NULL,'Y','SYSTEM','2026-03-31 01:27:42',NULL,NULL),(35,'P002','FG-PCK-001','RM-CON-002',1,1.00000,1.00,'2024-01-01',NULL,'PR020',NULL,NULL,'Y','SYSTEM','2026-03-31 01:27:42',NULL,NULL),(36,'P002','FG-PCK-001','RM-HOS-001',1,1.00000,0.00,'2024-01-01',NULL,'PR021',NULL,NULL,'Y','SYSTEM','2026-03-31 01:27:42',NULL,NULL),(37,'P002','FG-PCK-001','RM-CAS-001',1,1.00000,0.00,'2024-01-01',NULL,'PR021',NULL,NULL,'Y','SYSTEM','2026-03-31 01:27:42',NULL,NULL),(38,'P002','FG-PCK-001','RM-SCR-001',1,48.00000,3.00,'2024-01-01',NULL,'PR021',NULL,NULL,'Y','SYSTEM','2026-03-31 01:27:42',NULL,NULL),(39,'P002','FG-MOD-001','FG-CEL-001',2,16.00000,0.00,'2024-01-01',NULL,'PR019',NULL,NULL,'Y','SYSTEM','2026-03-31 01:27:42',NULL,NULL),(40,'P002','FG-MOD-001','RM-BMS-001',2,1.00000,0.00,'2024-01-01',NULL,'PR019',NULL,NULL,'Y','SYSTEM','2026-03-31 01:27:42',NULL,NULL),(41,'P002','FG-MOD-001','RM-BUS-001',2,15.00000,2.00,'2024-01-01',NULL,'PR019',NULL,NULL,'Y','SYSTEM','2026-03-31 01:27:42',NULL,NULL),(42,'P002','FG-MOD-001','RM-TIM-001',2,16.00000,1.00,'2024-01-01',NULL,'PR019',NULL,NULL,'Y','SYSTEM','2026-03-31 01:27:42',NULL,NULL),(43,'P002','FG-MOD-001','RM-HSK-001',2,1.00000,0.00,'2024-01-01',NULL,'PR019',NULL,NULL,'Y','SYSTEM','2026-03-31 01:27:42',NULL,NULL),(44,'P002','FG-MOD-001','RM-SCR-001',2,32.00000,3.00,'2024-01-01',NULL,'PR019',NULL,NULL,'Y','SYSTEM','2026-03-31 01:27:42',NULL,NULL);
/*!40000 ALTER TABLE `MST_BOM` ENABLE KEYS */;
UNLOCK TABLES;

--
-- Table structure for table `MST_COMPANY`
--

DROP TABLE IF EXISTS `MST_COMPANY`;
/*!40101 SET @saved_cs_client     = @@character_set_client */;
/*!50503 SET character_set_client = utf8mb4 */;
CREATE TABLE `MST_COMPANY` (
  `COMPANY_CD` varchar(20) COLLATE utf8mb4_general_ci NOT NULL COMMENT '회사코드',
  `COMPANY_NM` varchar(100) COLLATE utf8mb4_general_ci NOT NULL COMMENT '회사명',
  `BIZ_NO` varchar(20) COLLATE utf8mb4_general_ci DEFAULT NULL COMMENT '사업자번호',
  `CEO_NM` varchar(50) COLLATE utf8mb4_general_ci DEFAULT NULL COMMENT '대표자명',
  `BIZ_TYPE` varchar(100) COLLATE utf8mb4_general_ci DEFAULT NULL COMMENT '업태',
  `BIZ_ITEM` varchar(100) COLLATE utf8mb4_general_ci DEFAULT NULL COMMENT '종목',
  `ADDR` varchar(500) COLLATE utf8mb4_general_ci DEFAULT NULL COMMENT '주소',
  `TEL_NO` varchar(20) COLLATE utf8mb4_general_ci DEFAULT NULL COMMENT '전화번호',
  `FAX_NO` varchar(20) COLLATE utf8mb4_general_ci DEFAULT NULL COMMENT '팩스번호',
  `EMAIL` varchar(100) COLLATE utf8mb4_general_ci DEFAULT NULL COMMENT '이메일',
  `USE_YN` char(1) COLLATE utf8mb4_general_ci NOT NULL DEFAULT 'Y' COMMENT '사용여부',
  `REG_USER_ID` varchar(50) COLLATE utf8mb4_general_ci NOT NULL COMMENT '등록자ID',
  `REG_DTM` datetime NOT NULL DEFAULT CURRENT_TIMESTAMP COMMENT '등록일시',
  `UPD_USER_ID` varchar(50) COLLATE utf8mb4_general_ci DEFAULT NULL COMMENT '수정자ID',
  `UPD_DTM` datetime DEFAULT NULL ON UPDATE CURRENT_TIMESTAMP COMMENT '수정일시',
  PRIMARY KEY (`COMPANY_CD`),
  KEY `IDX_MST_COMPANY_01` (`COMPANY_NM`,`USE_YN`),
  KEY `IDX_MST_COMPANY_02` (`USE_YN`)
) ENGINE=InnoDB DEFAULT CHARSET=utf8mb4 COLLATE=utf8mb4_general_ci COMMENT='회사정보';
/*!40101 SET character_set_client = @saved_cs_client */;

--
-- Dumping data for table `MST_COMPANY`
--

LOCK TABLES `MST_COMPANY` WRITE;
/*!40000 ALTER TABLE `MST_COMPANY` DISABLE KEYS */;
INSERT INTO `MST_COMPANY` VALUES ('123','1111','2222','3333',NULL,NULL,'동산동 562-46 에덴빌 303호','01041798609',NULL,NULL,'Y','SYSTEM','2026-03-31 02:07:50',NULL,NULL),('C001','(주)그린에너지셀','210-86-12345','김에너지','제조업','리튬이온배터리, 배터리팩','충북 청주시 오창읍 중심상업1로 100','043-900-1000','043-900-1001','info@greenenergycell.co.kr','Y','SYSTEM','2026-03-31 01:24:55',NULL,NULL);
/*!40000 ALTER TABLE `MST_COMPANY` ENABLE KEYS */;
UNLOCK TABLES;

--
-- Table structure for table `MST_DEPT`
--

DROP TABLE IF EXISTS `MST_DEPT`;
/*!40101 SET @saved_cs_client     = @@character_set_client */;
/*!50503 SET character_set_client = utf8mb4 */;
CREATE TABLE `MST_DEPT` (
  `DEPT_CD` varchar(20) COLLATE utf8mb4_general_ci NOT NULL COMMENT '부서코드',
  `PLANT_CD` varchar(20) COLLATE utf8mb4_general_ci NOT NULL COMMENT '공장코드',
  `DEPT_NM` varchar(100) COLLATE utf8mb4_general_ci NOT NULL COMMENT '부서명',
  `PARENT_DEPT_CD` varchar(20) COLLATE utf8mb4_general_ci DEFAULT NULL COMMENT '상위부서코드',
  `DEPT_LEVEL` int NOT NULL DEFAULT '1' COMMENT '부서레벨',
  `SORT_SEQ` int NOT NULL DEFAULT '0' COMMENT '정렬순서',
  `MANAGER_ID` varchar(20) COLLATE utf8mb4_general_ci DEFAULT NULL COMMENT '부서장ID',
  `USE_YN` char(1) COLLATE utf8mb4_general_ci NOT NULL DEFAULT 'Y' COMMENT '사용여부',
  `REG_USER_ID` varchar(50) COLLATE utf8mb4_general_ci NOT NULL COMMENT '등록자ID',
  `REG_DTM` datetime NOT NULL DEFAULT CURRENT_TIMESTAMP COMMENT '등록일시',
  `UPD_USER_ID` varchar(50) COLLATE utf8mb4_general_ci DEFAULT NULL COMMENT '수정자ID',
  `UPD_DTM` datetime DEFAULT NULL ON UPDATE CURRENT_TIMESTAMP COMMENT '수정일시',
  PRIMARY KEY (`DEPT_CD`),
  KEY `FK_MST_DEPT_PLANT` (`PLANT_CD`),
  CONSTRAINT `FK_MST_DEPT_PLANT` FOREIGN KEY (`PLANT_CD`) REFERENCES `MST_PLANT` (`PLANT_CD`)
) ENGINE=InnoDB DEFAULT CHARSET=utf8mb4 COLLATE=utf8mb4_general_ci COMMENT='부서정보';
/*!40101 SET character_set_client = @saved_cs_client */;

--
-- Dumping data for table `MST_DEPT`
--

LOCK TABLES `MST_DEPT` WRITE;
/*!40000 ALTER TABLE `MST_DEPT` DISABLE KEYS */;
INSERT INTO `MST_DEPT` VALUES ('D001','P001','전극부',NULL,1,1,NULL,'Y','SYSTEM','2026-03-31 01:24:59',NULL,NULL),('D002','P001','전극1팀(양극)','D001',2,1,NULL,'Y','SYSTEM','2026-03-31 01:24:59',NULL,NULL),('D003','P001','전극2팀(음극)','D001',2,2,NULL,'Y','SYSTEM','2026-03-31 01:24:59',NULL,NULL),('D004','P001','조립부',NULL,1,2,NULL,'Y','SYSTEM','2026-03-31 01:24:59',NULL,NULL),('D005','P001','조립1팀','D004',2,1,NULL,'Y','SYSTEM','2026-03-31 01:24:59',NULL,NULL),('D006','P001','조립2팀','D004',2,2,NULL,'Y','SYSTEM','2026-03-31 01:24:59',NULL,NULL),('D007','P001','활성화부',NULL,1,3,NULL,'Y','SYSTEM','2026-03-31 01:24:59',NULL,NULL),('D008','P001','화성팀','D007',2,1,NULL,'Y','SYSTEM','2026-03-31 01:24:59',NULL,NULL),('D009','P001','에이징팀','D007',2,2,NULL,'Y','SYSTEM','2026-03-31 01:24:59',NULL,NULL),('D010','P001','품질부',NULL,1,4,NULL,'Y','SYSTEM','2026-03-31 01:24:59',NULL,NULL),('D011','P001','품질관리팀','D010',2,1,NULL,'Y','SYSTEM','2026-03-31 01:24:59',NULL,NULL),('D012','P001','품질보증팀','D010',2,2,NULL,'Y','SYSTEM','2026-03-31 01:24:59',NULL,NULL),('D013','P001','생산관리부',NULL,1,5,NULL,'Y','SYSTEM','2026-03-31 01:24:59',NULL,NULL),('D014','P001','자재팀','D013',2,1,NULL,'Y','SYSTEM','2026-03-31 01:24:59',NULL,NULL),('D015','P001','공정기술팀','D013',2,2,NULL,'Y','SYSTEM','2026-03-31 01:24:59',NULL,NULL),('D016','P001','설비팀',NULL,1,6,NULL,'Y','SYSTEM','2026-03-31 01:24:59',NULL,NULL),('D017','P002','모듈팀',NULL,1,1,NULL,'Y','SYSTEM','2026-03-31 01:24:59',NULL,NULL),('D018','P002','팩조립팀',NULL,1,2,NULL,'Y','SYSTEM','2026-03-31 01:24:59',NULL,NULL),('D019','P002','품질검사팀',NULL,1,3,NULL,'Y','SYSTEM','2026-03-31 01:24:59',NULL,NULL),('D020','P002','설비팀',NULL,1,4,NULL,'Y','SYSTEM','2026-03-31 01:24:59',NULL,NULL);
/*!40000 ALTER TABLE `MST_DEPT` ENABLE KEYS */;
UNLOCK TABLES;

--
-- Table structure for table `MST_EQUIPMENT`
--

DROP TABLE IF EXISTS `MST_EQUIPMENT`;
/*!40101 SET @saved_cs_client     = @@character_set_client */;
/*!50503 SET character_set_client = utf8mb4 */;
CREATE TABLE `MST_EQUIPMENT` (
  `EQUIPMENT_CD` varchar(20) COLLATE utf8mb4_general_ci NOT NULL COMMENT '설비코드',
  `PLANT_CD` varchar(20) COLLATE utf8mb4_general_ci NOT NULL COMMENT '공장코드',
  `WORKCENTER_CD` varchar(20) COLLATE utf8mb4_general_ci NOT NULL COMMENT '작업장코드',
  `EQUIPMENT_NM` varchar(100) COLLATE utf8mb4_general_ci NOT NULL COMMENT '설비명',
  `EQUIPMENT_TYPE` varchar(50) COLLATE utf8mb4_general_ci NOT NULL COMMENT '설비유형',
  `MODEL_NM` varchar(100) COLLATE utf8mb4_general_ci DEFAULT NULL COMMENT '모델명',
  `MAKER` varchar(100) COLLATE utf8mb4_general_ci DEFAULT NULL COMMENT '제조사',
  `SERIAL_NO` varchar(100) COLLATE utf8mb4_general_ci DEFAULT NULL COMMENT '시리얼번호',
  `INSTALL_DT` date DEFAULT NULL COMMENT '설치일',
  `PURCHASE_DT` date DEFAULT NULL COMMENT '구매일',
  `PURCHASE_PRICE` decimal(18,2) DEFAULT NULL COMMENT '구매가격',
  `CAPACITY_QTY` decimal(15,3) DEFAULT NULL COMMENT '생산능력',
  `CAPACITY_UNIT` varchar(20) COLLATE utf8mb4_general_ci DEFAULT NULL COMMENT '능력단위',
  `POWER_SPEC` varchar(100) COLLATE utf8mb4_general_ci DEFAULT NULL COMMENT '전력사양',
  `EQUIPMENT_STATUS` varchar(20) COLLATE utf8mb4_general_ci NOT NULL DEFAULT '가동' COMMENT '설비상태',
  `USE_YN` char(1) COLLATE utf8mb4_general_ci NOT NULL DEFAULT 'Y' COMMENT '사용여부',
  `REG_USER_ID` varchar(50) COLLATE utf8mb4_general_ci NOT NULL COMMENT '등록자ID',
  `REG_DTM` datetime NOT NULL DEFAULT CURRENT_TIMESTAMP COMMENT '등록일시',
  `UPD_USER_ID` varchar(50) COLLATE utf8mb4_general_ci DEFAULT NULL COMMENT '수정자ID',
  `UPD_DTM` datetime DEFAULT NULL ON UPDATE CURRENT_TIMESTAMP COMMENT '수정일시',
  PRIMARY KEY (`EQUIPMENT_CD`),
  KEY `FK_MST_EQUIPMENT_PLANT` (`PLANT_CD`),
  KEY `IDX_MST_EQUIPMENT_01` (`WORKCENTER_CD`),
  CONSTRAINT `FK_MST_EQUIPMENT_PLANT` FOREIGN KEY (`PLANT_CD`) REFERENCES `MST_PLANT` (`PLANT_CD`),
  CONSTRAINT `FK_MST_EQUIPMENT_WC` FOREIGN KEY (`WORKCENTER_CD`) REFERENCES `MST_WORKCENTER` (`WORKCENTER_CD`)
) ENGINE=InnoDB DEFAULT CHARSET=utf8mb4 COLLATE=utf8mb4_general_ci COMMENT='설비정보';
/*!40101 SET character_set_client = @saved_cs_client */;

--
-- Dumping data for table `MST_EQUIPMENT`
--

LOCK TABLES `MST_EQUIPMENT` WRITE;
/*!40000 ALTER TABLE `MST_EQUIPMENT` DISABLE KEYS */;
INSERT INTO `MST_EQUIPMENT` VALUES ('EQ001','P001','WC001','양극믹서 #1','믹서','PM-2000','프리믹스코리아','PM2000-2022-001','2022-03-01','2022-01-15',850000000.00,2500.000,'KG/일',NULL,'가동','Y','SYSTEM','2026-03-31 01:25:04',NULL,NULL),('EQ002','P001','WC001','양극믹서 #2','믹서','PM-2000','프리믹스코리아','PM2000-2022-002','2022-03-01','2022-01-15',850000000.00,2500.000,'KG/일',NULL,'가동','Y','SYSTEM','2026-03-31 01:25:04',NULL,NULL),('EQ003','P001','WC002','양극코터 #1','코터','SC-5000','삼성SDI설비','SC5000-2022-001','2022-04-01','2022-02-01',2500000000.00,1500.000,'M/일',NULL,'가동','Y','SYSTEM','2026-03-31 01:25:04',NULL,NULL),('EQ004','P001','WC002','양극코터 #2','코터','SC-5000','삼성SDI설비','SC5000-2022-002','2022-04-01','2022-02-01',2500000000.00,1500.000,'M/일',NULL,'가동','Y','SYSTEM','2026-03-31 01:25:04',NULL,NULL),('EQ005','P001','WC003','음극믹서 #1','믹서','PM-1500','프리믹스코리아','PM1500-2022-001','2022-03-15','2022-01-20',650000000.00,2000.000,'KG/일',NULL,'가동','Y','SYSTEM','2026-03-31 01:25:04',NULL,NULL),('EQ006','P001','WC003','음극믹서 #2','믹서','PM-1500','프리믹스코리아','PM1500-2022-002','2022-03-15','2022-01-20',650000000.00,2000.000,'KG/일',NULL,'가동','Y','SYSTEM','2026-03-31 01:25:04',NULL,NULL),('EQ007','P001','WC004','음극코터 #1','코터','SC-4000','삼성SDI설비','SC4000-2022-001','2022-04-15','2022-02-15',2200000000.00,1250.000,'M/일',NULL,'가동','Y','SYSTEM','2026-03-31 01:25:04',NULL,NULL),('EQ008','P001','WC004','음극코터 #2','코터','SC-4000','삼성SDI설비','SC4000-2022-002','2022-04-15','2022-02-15',2200000000.00,1250.000,'M/일',NULL,'가동','Y','SYSTEM','2026-03-31 01:25:04',NULL,NULL),('EQ009','P001','WC005','양극프레스 #1','프레스','RP-800','한국롤프레스','RP800-2022-001','2022-05-01','2022-03-01',1800000000.00,2500.000,'M/일',NULL,'가동','Y','SYSTEM','2026-03-31 01:25:04',NULL,NULL),('EQ010','P001','WC005','음극프레스 #1','프레스','RP-600','한국롤프레스','RP600-2022-001','2022-05-01','2022-03-01',1500000000.00,2500.000,'M/일',NULL,'가동','Y','SYSTEM','2026-03-31 01:25:04',NULL,NULL),('EQ011','P001','WC006','슬리터 #1','슬리터','SL-3000','한국슬리팅','SL3000-2022-001','2022-06-01','2022-04-01',600000000.00,2000.000,'EA/일',NULL,'가동','Y','SYSTEM','2026-03-31 01:25:04',NULL,NULL),('EQ012','P001','WC006','노칭기 #1','노칭기','NC-2000','한국슬리팅','NC2000-2022-001','2022-06-15','2022-04-15',450000000.00,2000.000,'EA/일',NULL,'가동','Y','SYSTEM','2026-03-31 01:25:04',NULL,NULL),('EQ013','P001','WC007','스태킹머신 #1','스태킹','ZS-100','CKD','ZS100-2022-001','2022-07-01','2022-05-01',3500000000.00,1000.000,'EA/일',NULL,'가동','Y','SYSTEM','2026-03-31 01:25:04',NULL,NULL),('EQ014','P001','WC007','스태킹머신 #2','스태킹','ZS-100','CKD','ZS100-2022-002','2022-07-01','2022-05-01',3500000000.00,1000.000,'EA/일',NULL,'가동','Y','SYSTEM','2026-03-31 01:25:04',NULL,NULL),('EQ015','P001','WC008','탭용접기 #1','용접기','UW-500','초음파산업','UW500-2022-001','2022-08-01','2022-06-01',800000000.00,800.000,'EA/일',NULL,'가동','Y','SYSTEM','2026-03-31 01:25:04',NULL,NULL),('EQ016','P001','WC008','파우치포밍기 #1','포밍기','PF-300','한국포밍','PF300-2022-001','2022-08-15','2022-06-15',650000000.00,800.000,'EA/일',NULL,'가동','Y','SYSTEM','2026-03-31 01:25:04',NULL,NULL),('EQ017','P001','WC009','전해액주입기 #1','주입기','EI-200','한국주입기','EI200-2022-001','2022-09-01','2022-07-01',1200000000.00,600.000,'EA/일',NULL,'가동','Y','SYSTEM','2026-03-31 01:25:04',NULL,NULL),('EQ018','P001','WC009','전해액주입기 #2','주입기','EI-200','한국주입기','EI200-2022-002','2022-09-01','2022-07-01',1200000000.00,600.000,'EA/일',NULL,'가동','Y','SYSTEM','2026-03-31 01:25:04',NULL,NULL),('EQ019','P001','WC010','밀봉기 #1','실링기','HS-400','한국실링','HS400-2022-001','2022-09-15','2022-07-15',900000000.00,800.000,'EA/일',NULL,'가동','Y','SYSTEM','2026-03-31 01:25:04',NULL,NULL),('EQ020','P001','WC010','밀봉기 #2','실링기','HS-400','한국실링','HS400-2022-002','2022-09-15','2022-07-15',900000000.00,800.000,'EA/일',NULL,'가동','Y','SYSTEM','2026-03-31 01:25:04',NULL,NULL),('EQ021','P001','WC011','충방전기 #1 (512ch)','충방전기','BCS-512','피엔이솔루션','BCS512-2022-001','2022-10-01','2022-08-01',4500000000.00,2500.000,'EA/일',NULL,'가동','Y','SYSTEM','2026-03-31 01:25:04',NULL,NULL),('EQ022','P001','WC011','충방전기 #2 (512ch)','충방전기','BCS-512','피엔이솔루션','BCS512-2022-002','2022-10-01','2022-08-01',4500000000.00,2500.000,'EA/일',NULL,'가동','Y','SYSTEM','2026-03-31 01:25:04',NULL,NULL),('EQ023','P001','WC012','에이징챔버 #1','항온챔버','TC-5000','한국항온','TC5000-2022-001','2022-10-15','2022-08-15',800000000.00,5000.000,'EA/배치',NULL,'가동','Y','SYSTEM','2026-03-31 01:25:04',NULL,NULL),('EQ024','P001','WC012','에이징챔버 #2','항온챔버','TC-5000','한국항온','TC5000-2022-002','2022-10-15','2022-08-15',800000000.00,5000.000,'EA/배치',NULL,'가동','Y','SYSTEM','2026-03-31 01:25:04',NULL,NULL),('EQ025','P001','WC013','디개싱장비 #1','디개싱','DG-300','한국진공','DG300-2022-001','2022-11-01','2022-09-01',600000000.00,1500.000,'EA/일',NULL,'가동','Y','SYSTEM','2026-03-31 01:25:04',NULL,NULL),('EQ026','P001','WC013','최종충전기 #1 (256ch)','충방전기','BCS-256','피엔이솔루션','BCS256-2022-001','2022-11-15','2022-09-15',2500000000.00,1500.000,'EA/일',NULL,'가동','Y','SYSTEM','2026-03-31 01:25:04',NULL,NULL),('EQ027','P001','WC014','셀검사기 #1','검사설비','CI-800','한국검사','CI800-2022-001','2022-12-01','2022-10-01',350000000.00,2500.000,'EA/일',NULL,'가동','Y','SYSTEM','2026-03-31 01:25:04',NULL,NULL),('EQ028','P001','WC014','OCV측정기 #1','검사설비','OCV-500','한국계측','OCV500-2022-001','2022-12-01','2022-10-01',200000000.00,2500.000,'EA/일',NULL,'가동','Y','SYSTEM','2026-03-31 01:25:04',NULL,NULL),('EQ029','P002','WC015','셀선별기 #1','선별설비','CS-1000','한국자동화','CS1000-2023-001','2023-01-15','2022-11-01',500000000.00,1500.000,'EA/일',NULL,'가동','Y','SYSTEM','2026-03-31 01:25:04',NULL,NULL),('EQ030','P002','WC015','셀선별기 #2','선별설비','CS-1000','한국자동화','CS1000-2023-002','2023-01-15','2022-11-01',500000000.00,1500.000,'EA/일',NULL,'가동','Y','SYSTEM','2026-03-31 01:25:04',NULL,NULL),('EQ031','P002','WC016','모듈조립라인 #1','조립설비','MA-200','한국자동화','MA200-2023-001','2023-02-01','2022-12-01',2800000000.00,100.000,'SET/일',NULL,'가동','Y','SYSTEM','2026-03-31 01:25:04',NULL,NULL),('EQ032','P002','WC016','모듈조립라인 #2','조립설비','MA-200','한국자동화','MA200-2023-002','2023-02-01','2022-12-01',2800000000.00,100.000,'SET/일',NULL,'가동','Y','SYSTEM','2026-03-31 01:25:04',NULL,NULL),('EQ033','P002','WC017','BMS조립기 #1','조립설비','BA-100','한국전자','BA100-2023-001','2023-02-15','2022-12-15',650000000.00,80.000,'SET/일',NULL,'가동','Y','SYSTEM','2026-03-31 01:25:04',NULL,NULL),('EQ034','P002','WC018','팩조립라인 #1','조립설비','PA-50','한국자동화','PA50-2023-001','2023-03-01','2023-01-01',3500000000.00,50.000,'SET/일',NULL,'가동','Y','SYSTEM','2026-03-31 01:25:04',NULL,NULL),('EQ035','P002','WC019','팩검사장비 #1','검사설비','PT-100','피엔이솔루션','PT100-2023-001','2023-03-15','2023-01-15',1800000000.00,50.000,'SET/일',NULL,'가동','Y','SYSTEM','2026-03-31 01:25:04',NULL,NULL),('EQ036','P002','WC019','절연저항측정기','검사설비','IR-500','히오키','IR500-2023-001','2023-03-15','2023-01-15',120000000.00,100.000,'SET/일',NULL,'가동','Y','SYSTEM','2026-03-31 01:25:04',NULL,NULL),('EQ037','P002','WC020','팩포장기 #1','포장설비','PK-500','한국포장','PK500-2023-001','2023-04-01','2023-02-01',80000000.00,80.000,'SET/일',NULL,'가동','Y','SYSTEM','2026-03-31 01:25:04',NULL,NULL);
/*!40000 ALTER TABLE `MST_EQUIPMENT` ENABLE KEYS */;
UNLOCK TABLES;

--
-- Table structure for table `MST_ITEM`
--

DROP TABLE IF EXISTS `MST_ITEM`;
/*!40101 SET @saved_cs_client     = @@character_set_client */;
/*!50503 SET character_set_client = utf8mb4 */;
CREATE TABLE `MST_ITEM` (
  `ITEM_CD` varchar(50) COLLATE utf8mb4_general_ci NOT NULL COMMENT '품목코드',
  `PLANT_CD` varchar(20) COLLATE utf8mb4_general_ci NOT NULL COMMENT '공장코드',
  `ITEM_NM` varchar(200) COLLATE utf8mb4_general_ci NOT NULL COMMENT '품목명',
  `ITEM_EN_NM` varchar(200) COLLATE utf8mb4_general_ci DEFAULT NULL COMMENT '품목영문명',
  `ITEM_SPEC` varchar(500) COLLATE utf8mb4_general_ci DEFAULT NULL COMMENT '규격',
  `ITEM_TYPE` varchar(20) COLLATE utf8mb4_general_ci NOT NULL COMMENT '품목유형',
  `ITEM_GRP` varchar(50) COLLATE utf8mb4_general_ci DEFAULT NULL COMMENT '품목그룹',
  `ITEM_CLASS` varchar(50) COLLATE utf8mb4_general_ci DEFAULT NULL COMMENT '품목분류',
  `UNIT` varchar(20) COLLATE utf8mb4_general_ci NOT NULL COMMENT '기본단위',
  `SUB_UNIT` varchar(20) COLLATE utf8mb4_general_ci DEFAULT NULL COMMENT '보조단위',
  `UNIT_CONV_RATE` decimal(15,5) DEFAULT NULL COMMENT '단위환산율',
  `SAFETY_STOCK_QTY` decimal(15,3) DEFAULT NULL COMMENT '안전재고수량',
  `MIN_ORDER_QTY` decimal(15,3) DEFAULT NULL COMMENT '최소발주수량',
  `LEAD_TIME` int DEFAULT NULL COMMENT '리드타임(일)',
  `LOT_SIZE` decimal(15,3) DEFAULT NULL COMMENT 'LOT크기',
  `SHELF_LIFE` int DEFAULT NULL COMMENT '유효기간(일)',
  `WEIGHT` decimal(15,5) DEFAULT NULL COMMENT '중량',
  `WEIGHT_UNIT` varchar(20) COLLATE utf8mb4_general_ci DEFAULT NULL COMMENT '중량단위',
  `VOLUME` decimal(15,5) DEFAULT NULL COMMENT '부피',
  `VOLUME_UNIT` varchar(20) COLLATE utf8mb4_general_ci DEFAULT NULL COMMENT '부피단위',
  `PURCHASE_PRICE` decimal(18,2) DEFAULT NULL COMMENT '구매단가',
  `SALE_PRICE` decimal(18,2) DEFAULT NULL COMMENT '판매단가',
  `STANDARD_COST` decimal(18,2) DEFAULT NULL COMMENT '표준원가',
  `VENDOR_CD` varchar(50) COLLATE utf8mb4_general_ci DEFAULT NULL COMMENT '주거래처코드',
  `INSPECT_YN` char(1) COLLATE utf8mb4_general_ci NOT NULL DEFAULT 'Y' COMMENT '검사여부',
  `LOT_MANAGE_YN` char(1) COLLATE utf8mb4_general_ci NOT NULL DEFAULT 'Y' COMMENT 'LOT관리여부',
  `SERIAL_MANAGE_YN` char(1) COLLATE utf8mb4_general_ci NOT NULL DEFAULT 'N' COMMENT '시리얼관리여부',
  `DRAWING_NO` varchar(50) COLLATE utf8mb4_general_ci DEFAULT NULL COMMENT '도면번호',
  `USE_YN` char(1) COLLATE utf8mb4_general_ci NOT NULL DEFAULT 'Y' COMMENT '사용여부',
  `REG_USER_ID` varchar(50) COLLATE utf8mb4_general_ci NOT NULL COMMENT '등록자ID',
  `REG_DTM` datetime NOT NULL DEFAULT CURRENT_TIMESTAMP COMMENT '등록일시',
  `UPD_USER_ID` varchar(50) COLLATE utf8mb4_general_ci DEFAULT NULL COMMENT '수정자ID',
  `UPD_DTM` datetime DEFAULT NULL ON UPDATE CURRENT_TIMESTAMP COMMENT '수정일시',
  PRIMARY KEY (`ITEM_CD`),
  KEY `FK_MST_ITEM_VENDOR` (`VENDOR_CD`),
  KEY `IDX_MST_ITEM_01` (`PLANT_CD`,`ITEM_TYPE`),
  KEY `IDX_MST_ITEM_02` (`ITEM_NM`),
  KEY `IDX_MST_ITEM_03` (`ITEM_GRP`),
  CONSTRAINT `FK_MST_ITEM_PLANT` FOREIGN KEY (`PLANT_CD`) REFERENCES `MST_PLANT` (`PLANT_CD`),
  CONSTRAINT `FK_MST_ITEM_VENDOR` FOREIGN KEY (`VENDOR_CD`) REFERENCES `MST_VENDOR` (`VENDOR_CD`)
) ENGINE=InnoDB DEFAULT CHARSET=utf8mb4 COLLATE=utf8mb4_general_ci COMMENT='품목정보';
/*!40101 SET character_set_client = @saved_cs_client */;

--
-- Dumping data for table `MST_ITEM`
--

LOCK TABLES `MST_ITEM` WRITE;
/*!40000 ALTER TABLE `MST_ITEM` DISABLE KEYS */;
INSERT INTO `MST_ITEM` VALUES ('FG-CEL-001','P001','파우치셀 60Ah (NCM811)',NULL,'3.7V 60Ah 222Wh','완제품','배터리셀',NULL,'EA',NULL,NULL,2000.000,NULL,10,NULL,NULL,NULL,NULL,NULL,NULL,NULL,28000.00,18000.00,NULL,'Y','Y','N',NULL,'Y','SYSTEM','2026-03-31 01:27:40',NULL,NULL),('FG-CEL-002','P001','파우치셀 50Ah (NCM622)',NULL,'3.7V 50Ah 185Wh','완제품','배터리셀',NULL,'EA',NULL,NULL,1500.000,NULL,10,NULL,NULL,NULL,NULL,NULL,NULL,NULL,23000.00,15000.00,NULL,'Y','Y','N',NULL,'Y','SYSTEM','2026-03-31 01:27:40',NULL,NULL),('FG-CEL-003','P001','파우치셀 55Ah (LFP)',NULL,'3.2V 55Ah 176Wh','완제품','배터리셀',NULL,'EA',NULL,NULL,1000.000,NULL,10,NULL,NULL,NULL,NULL,NULL,NULL,NULL,16000.00,10000.00,NULL,'Y','Y','N',NULL,'Y','SYSTEM','2026-03-31 01:27:40',NULL,NULL),('FG-MOD-001','P002','배터리모듈 A (EV용)',NULL,'59.2V 60Ah 3.55kWh','완제품','배터리모듈',NULL,'SET',NULL,NULL,100.000,NULL,3,NULL,NULL,NULL,NULL,NULL,NULL,NULL,650000.00,420000.00,NULL,'Y','Y','N',NULL,'Y','SYSTEM','2026-03-31 01:27:40',NULL,NULL),('FG-MOD-002','P002','배터리모듈 B (ESS용)',NULL,'44.4V 120Ah 5.33kWh','완제품','배터리모듈',NULL,'SET',NULL,NULL,50.000,NULL,3,NULL,NULL,NULL,NULL,NULL,NULL,NULL,880000.00,580000.00,NULL,'Y','Y','N',NULL,'Y','SYSTEM','2026-03-31 01:27:40',NULL,NULL),('FG-PCK-001','P002','배터리팩 A (EV용)',NULL,'355.2V 60Ah 21.3kWh','완제품','배터리팩',NULL,'SET',NULL,NULL,20.000,NULL,5,NULL,NULL,NULL,NULL,NULL,NULL,NULL,4200000.00,2800000.00,NULL,'Y','Y','N',NULL,'Y','SYSTEM','2026-03-31 01:27:40',NULL,NULL),('FG-PCK-002','P002','배터리팩 B (ESS용)',NULL,'44.4V 240Ah 10.7kWh','완제품','배터리팩',NULL,'SET',NULL,NULL,10.000,NULL,5,NULL,NULL,NULL,NULL,NULL,NULL,NULL,1900000.00,1250000.00,NULL,'Y','Y','N',NULL,'Y','SYSTEM','2026-03-31 01:27:40',NULL,NULL),('RM-ALF-001','P001','알루미늄포일',NULL,'Al 15μm T x 500mm W','원자재','집전체',NULL,'ROLL',NULL,NULL,200.000,50.000,7,NULL,NULL,NULL,NULL,NULL,NULL,850000.00,NULL,NULL,'V005','Y','Y','N',NULL,'Y','SYSTEM','2026-03-31 01:27:38',NULL,NULL),('RM-BMS-001','P002','BMS보드',NULL,'BMS-M100 16S','원자재','BMS',NULL,'EA',NULL,NULL,200.000,50.000,14,NULL,NULL,NULL,NULL,NULL,NULL,85000.00,NULL,NULL,'V009','Y','Y','N',NULL,'Y','SYSTEM','2026-03-31 01:27:39',NULL,NULL),('RM-BMS-002','P002','BMS보드',NULL,'BMS-P200 32S','원자재','BMS',NULL,'EA',NULL,NULL,100.000,30.000,14,NULL,NULL,NULL,NULL,NULL,NULL,150000.00,NULL,NULL,'V009','Y','Y','N',NULL,'Y','SYSTEM','2026-03-31 01:27:39',NULL,NULL),('RM-BUS-001','P002','버스바',NULL,'Cu 2T x 20W Ni도금','부품','연결부품',NULL,'EA',NULL,NULL,5000.000,1000.000,5,NULL,NULL,NULL,NULL,NULL,NULL,2500.00,NULL,NULL,'V014','N','N','N',NULL,'Y','SYSTEM','2026-03-31 01:27:39',NULL,NULL),('RM-CAS-001','P002','팩케이스',NULL,'Al Die-cast 800x400x150','부품','케이스',NULL,'EA',NULL,NULL,100.000,30.000,14,NULL,NULL,NULL,NULL,NULL,NULL,180000.00,NULL,NULL,'V014','Y','Y','N',NULL,'Y','SYSTEM','2026-03-31 01:27:39',NULL,NULL),('RM-CB-001','P001','카본블랙',NULL,'Super P Li','원자재','도전재',NULL,'KG',NULL,NULL,500.000,100.000,7,NULL,NULL,NULL,NULL,NULL,NULL,25000.00,NULL,NULL,'V006','N','Y','N',NULL,'Y','SYSTEM','2026-03-31 01:27:38',NULL,NULL),('RM-CMC-001','P001','CMC증점제',NULL,'CMC 2200 (음극용)','원자재','바인더',NULL,'KG',NULL,NULL,200.000,50.000,7,NULL,NULL,NULL,NULL,NULL,NULL,18000.00,NULL,NULL,'V006','N','Y','N',NULL,'Y','SYSTEM','2026-03-31 01:27:38',NULL,NULL),('RM-CNT-001','P001','CNT도전재',NULL,'SWCNT 분산액 5wt%','원자재','도전재',NULL,'KG',NULL,NULL,200.000,50.000,14,NULL,NULL,NULL,NULL,NULL,NULL,120000.00,NULL,NULL,'V008','Y','Y','N',NULL,'Y','SYSTEM','2026-03-31 01:27:38',NULL,NULL),('RM-CON-001','P002','고전압커넥터',NULL,'HV Connector 2P 200A','부품','커넥터',NULL,'EA',NULL,NULL,500.000,100.000,7,NULL,NULL,NULL,NULL,NULL,NULL,45000.00,NULL,NULL,'V009','Y','Y','N',NULL,'Y','SYSTEM','2026-03-31 01:27:39',NULL,NULL),('RM-CON-002','P002','저전압커넥터',NULL,'LV Connector 24P','부품','커넥터',NULL,'EA',NULL,NULL,500.000,100.000,7,NULL,NULL,NULL,NULL,NULL,NULL,12000.00,NULL,NULL,'V009','N','N','N',NULL,'Y','SYSTEM','2026-03-31 01:27:39',NULL,NULL),('RM-CUF-001','P001','구리포일',NULL,'Cu 8μm T x 500mm W','원자재','집전체',NULL,'ROLL',NULL,NULL,200.000,50.000,7,NULL,NULL,NULL,NULL,NULL,NULL,1200000.00,NULL,NULL,'V005','Y','Y','N',NULL,'Y','SYSTEM','2026-03-31 01:27:38',NULL,NULL),('RM-DIW-001','P001','초순수',NULL,'DIW 18MΩ','원자재','용매',NULL,'L',NULL,NULL,5000.000,1000.000,1,NULL,NULL,NULL,NULL,NULL,NULL,500.00,NULL,NULL,NULL,'N','N','N',NULL,'Y','SYSTEM','2026-03-31 01:27:38',NULL,NULL),('RM-ELY-001','P001','전해액',NULL,'EC:EMC=3:7 1M LiPF6','원자재','전해액',NULL,'L',NULL,NULL,3000.000,500.000,7,NULL,NULL,NULL,NULL,NULL,NULL,22000.00,NULL,NULL,'V004','Y','Y','N',NULL,'Y','SYSTEM','2026-03-31 01:27:38',NULL,NULL),('RM-ELY-002','P001','전해액(LFP용)',NULL,'EC:DEC=1:1 1M LiPF6','원자재','전해액',NULL,'L',NULL,NULL,1000.000,200.000,7,NULL,NULL,NULL,NULL,NULL,NULL,18000.00,NULL,NULL,'V004','Y','Y','N',NULL,'Y','SYSTEM','2026-03-31 01:27:38',NULL,NULL),('RM-GRP-001','P001','인조흑연',NULL,'Artificial Graphite D50=18μm','원자재','음극활물질',NULL,'KG',NULL,NULL,5000.000,1000.000,14,NULL,NULL,NULL,NULL,NULL,NULL,12000.00,NULL,NULL,'V002','Y','Y','N',NULL,'Y','SYSTEM','2026-03-31 01:27:38',NULL,NULL),('RM-HOS-001','P002','하네스',NULL,'고전압 배선 하네스','부품','배선부품',NULL,'SET',NULL,NULL,200.000,50.000,7,NULL,NULL,NULL,NULL,NULL,NULL,55000.00,NULL,NULL,'V009','N','Y','N',NULL,'Y','SYSTEM','2026-03-31 01:27:39',NULL,NULL),('RM-HSK-001','P002','히트싱크',NULL,'Al Heat Sink 300x200x20','부품','냉각부품',NULL,'EA',NULL,NULL,300.000,50.000,10,NULL,NULL,NULL,NULL,NULL,NULL,35000.00,NULL,NULL,'V014','Y','Y','N',NULL,'Y','SYSTEM','2026-03-31 01:27:39',NULL,NULL),('RM-LFP-001','P001','LFP 양극활물질',NULL,'LiFePO4 D50=1.5μm','원자재','양극활물질',NULL,'KG',NULL,NULL,3000.000,500.000,14,NULL,NULL,NULL,NULL,NULL,NULL,18000.00,NULL,NULL,'V002','Y','Y','N',NULL,'Y','SYSTEM','2026-03-31 01:27:38',NULL,NULL),('RM-NCM-001','P001','NCM811 양극활물질',NULL,'LiNi0.8Co0.1Mn0.1O2 D50=12μm','원자재','양극활물질',NULL,'KG',NULL,NULL,5000.000,1000.000,14,NULL,NULL,NULL,NULL,NULL,NULL,45000.00,NULL,NULL,'V001','Y','Y','N',NULL,'Y','SYSTEM','2026-03-31 01:27:38',NULL,NULL),('RM-NCM-002','P001','NCM622 양극활물질',NULL,'LiNi0.6Co0.2Mn0.2O2 D50=10μm','원자재','양극활물질',NULL,'KG',NULL,NULL,3000.000,500.000,14,NULL,NULL,NULL,NULL,NULL,NULL,38000.00,NULL,NULL,'V001','Y','Y','N',NULL,'Y','SYSTEM','2026-03-31 01:27:38',NULL,NULL),('RM-NMP-001','P001','NMP용매',NULL,'N-Methyl-2-pyrrolidone 99.5%','원자재','용매',NULL,'L',NULL,NULL,2000.000,500.000,5,NULL,NULL,NULL,NULL,NULL,NULL,8500.00,NULL,NULL,'V006','N','Y','N',NULL,'Y','SYSTEM','2026-03-31 01:27:38',NULL,NULL),('RM-PCH-001','P001','파우치필름',NULL,'Al Laminate 113μm','원자재','포장재',NULL,'EA',NULL,NULL,10000.000,2000.000,7,NULL,NULL,NULL,NULL,NULL,NULL,850.00,NULL,NULL,'V007','Y','Y','N',NULL,'Y','SYSTEM','2026-03-31 01:27:38',NULL,NULL),('RM-PVD-001','P001','PVDF바인더',NULL,'Solef 5130 (양극용)','원자재','바인더',NULL,'KG',NULL,NULL,500.000,100.000,10,NULL,NULL,NULL,NULL,NULL,NULL,55000.00,NULL,NULL,'V006','Y','Y','N',NULL,'Y','SYSTEM','2026-03-31 01:27:38',NULL,NULL),('RM-SBR-001','P001','SBR바인더',NULL,'SBR Latex (음극용)','원자재','바인더',NULL,'KG',NULL,NULL,300.000,50.000,10,NULL,NULL,NULL,NULL,NULL,NULL,15000.00,NULL,NULL,'V006','N','Y','N',NULL,'Y','SYSTEM','2026-03-31 01:27:38',NULL,NULL),('RM-SCR-001','P002','체결볼트',NULL,'M6 x 20 SUS','부품','체결부품',NULL,'EA',NULL,NULL,5000.000,1000.000,3,NULL,NULL,NULL,NULL,NULL,NULL,15.00,NULL,NULL,'V014','N','N','N',NULL,'Y','SYSTEM','2026-03-31 01:27:39',NULL,NULL),('RM-SEP-001','P001','PE분리막',NULL,'PE 12μm Ceramic coated','원자재','분리막',NULL,'ROLL',NULL,NULL,100.000,20.000,14,NULL,NULL,NULL,NULL,NULL,NULL,3500000.00,NULL,NULL,'V003','Y','Y','N',NULL,'Y','SYSTEM','2026-03-31 01:27:38',NULL,NULL),('RM-SEP-002','P001','PP분리막',NULL,'PP 16μm','원자재','분리막',NULL,'ROLL',NULL,NULL,50.000,10.000,14,NULL,NULL,NULL,NULL,NULL,NULL,2800000.00,NULL,NULL,'V003','Y','Y','N',NULL,'Y','SYSTEM','2026-03-31 01:27:38',NULL,NULL),('RM-SIC-001','P001','실리콘카본',NULL,'Si/C Composite 10% Si','원자재','음극활물질',NULL,'KG',NULL,NULL,1000.000,200.000,21,NULL,NULL,NULL,NULL,NULL,NULL,35000.00,NULL,NULL,'V002','Y','Y','N',NULL,'Y','SYSTEM','2026-03-31 01:27:38',NULL,NULL),('RM-TAB-001','P001','Al탭리드',NULL,'Al 0.2T x 6W x 50L','원자재','전극탭',NULL,'EA',NULL,NULL,20000.000,5000.000,5,NULL,NULL,NULL,NULL,NULL,NULL,120.00,NULL,NULL,'V014','N','N','N',NULL,'Y','SYSTEM','2026-03-31 01:27:38',NULL,NULL),('RM-TAB-002','P001','Ni탭리드',NULL,'Ni 0.15T x 6W x 50L','원자재','전극탭',NULL,'EA',NULL,NULL,20000.000,5000.000,5,NULL,NULL,NULL,NULL,NULL,NULL,180.00,NULL,NULL,'V014','N','N','N',NULL,'Y','SYSTEM','2026-03-31 01:27:38',NULL,NULL),('RM-TIM-001','P002','열전도패드',NULL,'TIM Pad 3W/mK 2T','부품','냉각부품',NULL,'EA',NULL,NULL,3000.000,500.000,7,NULL,NULL,NULL,NULL,NULL,NULL,3500.00,NULL,NULL,'V014','N','N','N',NULL,'Y','SYSTEM','2026-03-31 01:27:39',NULL,NULL),('RM-TPE-001','P001','절연테이프',NULL,'폴리이미드테이프 10mm','원자재','부자재',NULL,'ROLL',NULL,NULL,200.000,50.000,3,NULL,NULL,NULL,NULL,NULL,NULL,15000.00,NULL,NULL,'V014','N','N','N',NULL,'Y','SYSTEM','2026-03-31 01:27:38',NULL,NULL),('SF-AEL-001','P001','인조흑연 음극전극시트',NULL,'양면코팅 160μm 로딩 12mg/cm2','반제품','전극시트',NULL,'M',NULL,NULL,1000.000,NULL,1,NULL,NULL,NULL,NULL,NULL,NULL,NULL,NULL,28000.00,NULL,'Y','Y','N',NULL,'Y','SYSTEM','2026-03-31 01:27:40',NULL,NULL),('SF-AER-001','P001','흑연 음극(압연)',NULL,'압연두께 130μm 밀도 1.6g/cc','반제품','전극(압연)',NULL,'M',NULL,NULL,800.000,NULL,1,NULL,NULL,NULL,NULL,NULL,NULL,NULL,NULL,30000.00,NULL,'Y','Y','N',NULL,'Y','SYSTEM','2026-03-31 01:27:40',NULL,NULL),('SF-AES-001','P001','흑연 음극(슬리팅)',NULL,'폭 99mm 노칭완료','반제품','전극(슬리팅)',NULL,'EA',NULL,NULL,2000.000,NULL,1,NULL,NULL,NULL,NULL,NULL,NULL,NULL,NULL,1500.00,NULL,'Y','Y','N',NULL,'Y','SYSTEM','2026-03-31 01:27:40',NULL,NULL),('SF-AGC-001','P001','에이징셀(NCM811)',NULL,'에이징/디개싱 완료','반제품','에이징셀',NULL,'EA',NULL,NULL,1000.000,NULL,7,NULL,NULL,NULL,NULL,NULL,NULL,NULL,NULL,16000.00,NULL,'Y','Y','N',NULL,'Y','SYSTEM','2026-03-31 01:27:40',NULL,NULL),('SF-ASL-001','P001','인조흑연 음극슬러리',NULL,'고형분 50% 점도 3000cP','반제품','슬러리',NULL,'KG',NULL,NULL,500.000,NULL,1,NULL,NULL,NULL,NULL,NULL,NULL,NULL,NULL,15000.00,NULL,'Y','Y','N',NULL,'Y','SYSTEM','2026-03-31 01:27:40',NULL,NULL),('SF-CEL-001','P001','NCM811 양극전극시트',NULL,'양면코팅 150μm 로딩 25mg/cm2','반제품','전극시트',NULL,'M',NULL,NULL,1000.000,NULL,1,NULL,NULL,NULL,NULL,NULL,NULL,NULL,NULL,85000.00,NULL,'Y','Y','N',NULL,'Y','SYSTEM','2026-03-31 01:27:40',NULL,NULL),('SF-CEL-002','P001','NCM622 양극전극시트',NULL,'양면코팅 140μm 로딩 22mg/cm2','반제품','전극시트',NULL,'M',NULL,NULL,800.000,NULL,1,NULL,NULL,NULL,NULL,NULL,NULL,NULL,NULL,72000.00,NULL,'Y','Y','N',NULL,'Y','SYSTEM','2026-03-31 01:27:40',NULL,NULL),('SF-CER-001','P001','NCM811 양극(압연)',NULL,'압연두께 120μm 밀도 3.5g/cc','반제품','전극(압연)',NULL,'M',NULL,NULL,800.000,NULL,1,NULL,NULL,NULL,NULL,NULL,NULL,NULL,NULL,90000.00,NULL,'Y','Y','N',NULL,'Y','SYSTEM','2026-03-31 01:27:40',NULL,NULL),('SF-CES-001','P001','NCM811 양극(슬리팅)',NULL,'폭 97mm 노칭완료','반제품','전극(슬리팅)',NULL,'EA',NULL,NULL,2000.000,NULL,1,NULL,NULL,NULL,NULL,NULL,NULL,NULL,NULL,4500.00,NULL,'Y','Y','N',NULL,'Y','SYSTEM','2026-03-31 01:27:40',NULL,NULL),('SF-CSL-001','P001','NCM811 양극슬러리',NULL,'고형분 72% 점도 5000cP','반제품','슬러리',NULL,'KG',NULL,NULL,500.000,NULL,1,NULL,NULL,NULL,NULL,NULL,NULL,NULL,NULL,52000.00,NULL,'Y','Y','N',NULL,'Y','SYSTEM','2026-03-31 01:27:40',NULL,NULL),('SF-CSL-002','P001','NCM622 양극슬러리',NULL,'고형분 70% 점도 4500cP','반제품','슬러리',NULL,'KG',NULL,NULL,300.000,NULL,1,NULL,NULL,NULL,NULL,NULL,NULL,NULL,NULL,44000.00,NULL,'Y','Y','N',NULL,'Y','SYSTEM','2026-03-31 01:27:40',NULL,NULL),('SF-DRC-001','P001','드라이셀(NCM811)',NULL,'파우치삽입 전해액주입전','반제품','드라이셀',NULL,'EA',NULL,NULL,500.000,NULL,1,NULL,NULL,NULL,NULL,NULL,NULL,NULL,NULL,10500.00,NULL,'N','Y','N',NULL,'Y','SYSTEM','2026-03-31 01:27:40',NULL,NULL),('SF-FMC-001','P001','Formation셀(NCM811)',NULL,'초기충방전 완료','반제품','Formation셀',NULL,'EA',NULL,NULL,1000.000,NULL,3,NULL,NULL,NULL,NULL,NULL,NULL,NULL,NULL,15000.00,NULL,'Y','Y','N',NULL,'Y','SYSTEM','2026-03-31 01:27:40',NULL,NULL),('SF-JEL-001','P001','젤리롤(NCM811)',NULL,'전극조립체 60Ah급','반제품','전극조립체',NULL,'EA',NULL,NULL,1000.000,NULL,1,NULL,NULL,NULL,NULL,NULL,NULL,NULL,NULL,8500.00,NULL,'Y','Y','N',NULL,'Y','SYSTEM','2026-03-31 01:27:40',NULL,NULL),('SF-MOD-001','P002','배터리모듈(16S1P)',NULL,'16셀 직렬 모듈','반제품','모듈',NULL,'SET',NULL,NULL,50.000,NULL,1,NULL,NULL,NULL,NULL,NULL,NULL,NULL,NULL,380000.00,NULL,'Y','Y','N',NULL,'Y','SYSTEM','2026-03-31 01:27:40',NULL,NULL),('SF-MOD-002','P002','배터리모듈(12S2P)',NULL,'12셀 직렬 2병렬 모듈','반제품','모듈',NULL,'SET',NULL,NULL,30.000,NULL,1,NULL,NULL,NULL,NULL,NULL,NULL,NULL,NULL,520000.00,NULL,'Y','Y','N',NULL,'Y','SYSTEM','2026-03-31 01:27:40',NULL,NULL),('SF-WET-001','P001','웻셀(NCM811)',NULL,'전해액주입 밀봉완료','반제품','웻셀',NULL,'EA',NULL,NULL,500.000,NULL,1,NULL,NULL,NULL,NULL,NULL,NULL,NULL,NULL,13500.00,NULL,'Y','Y','N',NULL,'Y','SYSTEM','2026-03-31 01:27:40',NULL,NULL);
/*!40000 ALTER TABLE `MST_ITEM` ENABLE KEYS */;
UNLOCK TABLES;

--
-- Table structure for table `MST_PLANT`
--

DROP TABLE IF EXISTS `MST_PLANT`;
/*!40101 SET @saved_cs_client     = @@character_set_client */;
/*!50503 SET character_set_client = utf8mb4 */;
CREATE TABLE `MST_PLANT` (
  `PLANT_CD` varchar(20) COLLATE utf8mb4_general_ci NOT NULL COMMENT '공장코드',
  `COMPANY_CD` varchar(20) COLLATE utf8mb4_general_ci NOT NULL COMMENT '회사코드',
  `PLANT_NM` varchar(100) COLLATE utf8mb4_general_ci NOT NULL COMMENT '공장명',
  `PLANT_TYPE` varchar(20) COLLATE utf8mb4_general_ci DEFAULT NULL COMMENT '공장유형',
  `ADDR` varchar(500) COLLATE utf8mb4_general_ci DEFAULT NULL COMMENT '주소',
  `TEL_NO` varchar(20) COLLATE utf8mb4_general_ci DEFAULT NULL COMMENT '전화번호',
  `FAX_NO` varchar(20) COLLATE utf8mb4_general_ci DEFAULT NULL COMMENT '팩스번호',
  `MANAGER_NM` varchar(50) COLLATE utf8mb4_general_ci DEFAULT NULL COMMENT '담당자명',
  `USE_YN` char(1) COLLATE utf8mb4_general_ci NOT NULL DEFAULT 'Y' COMMENT '사용여부',
  `REG_USER_ID` varchar(50) COLLATE utf8mb4_general_ci NOT NULL COMMENT '등록자ID',
  `REG_DTM` datetime NOT NULL DEFAULT CURRENT_TIMESTAMP COMMENT '등록일시',
  `UPD_USER_ID` varchar(50) COLLATE utf8mb4_general_ci DEFAULT NULL COMMENT '수정자ID',
  `UPD_DTM` datetime DEFAULT NULL ON UPDATE CURRENT_TIMESTAMP COMMENT '수정일시',
  PRIMARY KEY (`PLANT_CD`),
  KEY `IDX_MST_PLANT_01` (`COMPANY_CD`,`USE_YN`),
  KEY `IDX_MST_PLANT_02` (`PLANT_NM`),
  CONSTRAINT `FK_MST_PLANT_COMPANY` FOREIGN KEY (`COMPANY_CD`) REFERENCES `MST_COMPANY` (`COMPANY_CD`)
) ENGINE=InnoDB DEFAULT CHARSET=utf8mb4 COLLATE=utf8mb4_general_ci COMMENT='공장정보';
/*!40101 SET character_set_client = @saved_cs_client */;

--
-- Dumping data for table `MST_PLANT`
--

LOCK TABLES `MST_PLANT` WRITE;
/*!40000 ALTER TABLE `MST_PLANT` DISABLE KEYS */;
INSERT INTO `MST_PLANT` VALUES ('P001','C001','오창1공장','셀생산공장','충북 청주시 오창읍 중심상업1로 100','043-900-1000','043-900-1001','박셀장','Y','SYSTEM','2026-03-31 01:24:57','SYSTEM','2026-03-31 05:51:22'),('P002','C001','대전2공장','팩조립공장','대전광역시 유성구 테크노2로 200','042-800-2000','042-800-2001','이팩장','Y','SYSTEM','2026-03-31 01:24:57',NULL,NULL);
/*!40000 ALTER TABLE `MST_PLANT` ENABLE KEYS */;
UNLOCK TABLES;

--
-- Table structure for table `MST_PROCESS`
--

DROP TABLE IF EXISTS `MST_PROCESS`;
/*!40101 SET @saved_cs_client     = @@character_set_client */;
/*!50503 SET character_set_client = utf8mb4 */;
CREATE TABLE `MST_PROCESS` (
  `PROCESS_CD` varchar(20) COLLATE utf8mb4_general_ci NOT NULL COMMENT '공정코드',
  `PLANT_CD` varchar(20) COLLATE utf8mb4_general_ci NOT NULL COMMENT '공장코드',
  `PROCESS_NM` varchar(100) COLLATE utf8mb4_general_ci NOT NULL COMMENT '공정명',
  `PROCESS_TYPE` varchar(20) COLLATE utf8mb4_general_ci DEFAULT NULL COMMENT '공정유형',
  `PROCESS_DESC` varchar(500) COLLATE utf8mb4_general_ci DEFAULT NULL COMMENT '공정설명',
  `SORT_SEQ` int NOT NULL DEFAULT '0' COMMENT '정렬순서',
  `USE_YN` char(1) COLLATE utf8mb4_general_ci NOT NULL DEFAULT 'Y' COMMENT '사용여부',
  `REG_USER_ID` varchar(50) COLLATE utf8mb4_general_ci NOT NULL COMMENT '등록자ID',
  `REG_DTM` datetime NOT NULL DEFAULT CURRENT_TIMESTAMP COMMENT '등록일시',
  `UPD_USER_ID` varchar(50) COLLATE utf8mb4_general_ci DEFAULT NULL COMMENT '수정자ID',
  `UPD_DTM` datetime DEFAULT NULL ON UPDATE CURRENT_TIMESTAMP COMMENT '수정일시',
  PRIMARY KEY (`PROCESS_CD`),
  KEY `FK_MST_PROCESS_PLANT` (`PLANT_CD`),
  CONSTRAINT `FK_MST_PROCESS_PLANT` FOREIGN KEY (`PLANT_CD`) REFERENCES `MST_PLANT` (`PLANT_CD`)
) ENGINE=InnoDB DEFAULT CHARSET=utf8mb4 COLLATE=utf8mb4_general_ci COMMENT='공정코드';
/*!40101 SET character_set_client = @saved_cs_client */;

--
-- Dumping data for table `MST_PROCESS`
--

LOCK TABLES `MST_PROCESS` WRITE;
/*!40000 ALTER TABLE `MST_PROCESS` DISABLE KEYS */;
INSERT INTO `MST_PROCESS` VALUES ('PR001','P001','양극믹싱','전극','양극활물질+바인더+도전재 혼합하여 양극슬러리 제조',1,'Y','SYSTEM','2026-03-31 01:25:09',NULL,NULL),('PR002','P001','양극코팅','전극','양극슬러리를 알루미늄포일에 도포 및 건조',2,'Y','SYSTEM','2026-03-31 01:25:09',NULL,NULL),('PR003','P001','음극믹싱','전극','음극활물질+바인더+도전재 혼합하여 음극슬러리 제조',3,'Y','SYSTEM','2026-03-31 01:25:09',NULL,NULL),('PR004','P001','음극코팅','전극','음극슬러리를 구리포일에 도포 및 건조',4,'Y','SYSTEM','2026-03-31 01:25:09',NULL,NULL),('PR005','P001','압연','전극','코팅된 전극을 롤프레스로 압연하여 밀도 및 두께 조절',5,'Y','SYSTEM','2026-03-31 01:25:09',NULL,NULL),('PR006','P001','슬리팅','전극','전극 시트를 규정 폭으로 재단',6,'Y','SYSTEM','2026-03-31 01:25:09',NULL,NULL),('PR007','P001','노칭','전극','전극 탭 형성을 위한 절단 가공',7,'Y','SYSTEM','2026-03-31 01:25:09',NULL,NULL),('PR008','P001','스태킹','조립','양극/분리막/음극을 적층하여 젤리롤(전극조립체) 형성',8,'Y','SYSTEM','2026-03-31 01:25:09',NULL,NULL),('PR009','P001','탭용접','조립','전극 탭과 리드를 초음파 용접으로 접합',9,'Y','SYSTEM','2026-03-31 01:25:09',NULL,NULL),('PR010','P001','패키징','조립','전극조립체를 파우치에 삽입',10,'Y','SYSTEM','2026-03-31 01:25:09',NULL,NULL),('PR011','P001','전해액주입','조립','파우치셀에 전해액을 정량 주입',11,'Y','SYSTEM','2026-03-31 01:25:09',NULL,NULL),('PR012','P001','밀봉','조립','전해액주입 후 셀을 진공 밀봉(히트실링)',12,'Y','SYSTEM','2026-03-31 01:25:09',NULL,NULL),('PR013','P001','초기충방전','활성화','초기 충방전으로 SEI층 형성 (Formation)',13,'Y','SYSTEM','2026-03-31 01:25:09',NULL,NULL),('PR014','P001','에이징','활성화','상온/고온 에이징으로 셀 안정화 및 불량 선별',14,'Y','SYSTEM','2026-03-31 01:25:09',NULL,NULL),('PR015','P001','디개싱','활성화','Formation 중 발생한 가스 제거 및 재밀봉',15,'Y','SYSTEM','2026-03-31 01:25:09',NULL,NULL),('PR016','P001','최종충전','활성화','출하 전 최종 SOC 조정 충전',16,'Y','SYSTEM','2026-03-31 01:25:09',NULL,NULL),('PR017','P001','셀검사','검사','셀 외관/OCV/IR/용량 등 최종 품질 검사',17,'Y','SYSTEM','2026-03-31 01:25:09',NULL,NULL),('PR018','P002','셀선별','팩','셀 용량/전압/저항 기준 등급 선별',1,'Y','SYSTEM','2026-03-31 01:25:09',NULL,NULL),('PR019','P002','모듈조립','팩','셀을 직/병렬 연결하여 모듈 조립',2,'Y','SYSTEM','2026-03-31 01:25:09',NULL,NULL),('PR020','P002','BMS조립','팩','배터리관리시스템(BMS) 연결 및 설정',3,'Y','SYSTEM','2026-03-31 01:25:09',NULL,NULL),('PR021','P002','팩조립','팩','모듈+BMS+냉각시스템 조립하여 팩 완성',4,'Y','SYSTEM','2026-03-31 01:25:09',NULL,NULL),('PR022','P002','팩검사','검사','팩 성능/안전/절연 최종 검사',5,'Y','SYSTEM','2026-03-31 01:25:09',NULL,NULL),('PR023','P002','포장','포장','출하용 포장',6,'Y','SYSTEM','2026-03-31 01:25:09',NULL,NULL);
/*!40000 ALTER TABLE `MST_PROCESS` ENABLE KEYS */;
UNLOCK TABLES;

--
-- Table structure for table `MST_ROUTING`
--

DROP TABLE IF EXISTS `MST_ROUTING`;
/*!40101 SET @saved_cs_client     = @@character_set_client */;
/*!50503 SET character_set_client = utf8mb4 */;
CREATE TABLE `MST_ROUTING` (
  `ROUTING_ID` bigint NOT NULL AUTO_INCREMENT COMMENT '라우팅ID',
  `PLANT_CD` varchar(20) COLLATE utf8mb4_general_ci NOT NULL COMMENT '공장코드',
  `ITEM_CD` varchar(50) COLLATE utf8mb4_general_ci NOT NULL COMMENT '품목코드',
  `PROCESS_SEQ` int NOT NULL COMMENT '공정순서',
  `PROCESS_CD` varchar(20) COLLATE utf8mb4_general_ci NOT NULL COMMENT '공정코드',
  `PROCESS_NM` varchar(100) COLLATE utf8mb4_general_ci NOT NULL COMMENT '공정명',
  `WORKCENTER_CD` varchar(20) COLLATE utf8mb4_general_ci DEFAULT NULL COMMENT '작업장코드',
  `EQUIPMENT_CD` varchar(20) COLLATE utf8mb4_general_ci DEFAULT NULL COMMENT '설비코드',
  `SETUP_TIME` decimal(10,2) DEFAULT '0.00' COMMENT '준비시간(분)',
  `RUN_TIME` decimal(10,2) DEFAULT '0.00' COMMENT '가공시간(분)',
  `WAIT_TIME` decimal(10,2) DEFAULT '0.00' COMMENT '대기시간(분)',
  `MOVE_TIME` decimal(10,2) DEFAULT '0.00' COMMENT '이동시간(분)',
  `LABOR_CNT` int DEFAULT '1' COMMENT '작업인원',
  `YIELD_RATE` decimal(5,2) DEFAULT '100.00' COMMENT '수율(%)',
  `PROCESS_DESC` varchar(1000) COLLATE utf8mb4_general_ci DEFAULT NULL COMMENT '공정설명',
  `INSPECT_YN` char(1) COLLATE utf8mb4_general_ci NOT NULL DEFAULT 'N' COMMENT '검사여부',
  `OUTSOURCE_YN` char(1) COLLATE utf8mb4_general_ci NOT NULL DEFAULT 'N' COMMENT '외주여부',
  `USE_YN` char(1) COLLATE utf8mb4_general_ci NOT NULL DEFAULT 'Y' COMMENT '사용여부',
  `REG_USER_ID` varchar(50) COLLATE utf8mb4_general_ci NOT NULL COMMENT '등록자ID',
  `REG_DTM` datetime NOT NULL DEFAULT CURRENT_TIMESTAMP COMMENT '등록일시',
  `UPD_USER_ID` varchar(50) COLLATE utf8mb4_general_ci DEFAULT NULL COMMENT '수정자ID',
  `UPD_DTM` datetime DEFAULT NULL ON UPDATE CURRENT_TIMESTAMP COMMENT '수정일시',
  PRIMARY KEY (`ROUTING_ID`),
  UNIQUE KEY `UK_MST_ROUTING` (`PLANT_CD`,`ITEM_CD`,`PROCESS_SEQ`),
  KEY `FK_MST_ROUTING_EQP` (`EQUIPMENT_CD`),
  KEY `IDX_MST_ROUTING_01` (`ITEM_CD`,`PROCESS_SEQ`),
  KEY `IDX_MST_ROUTING_02` (`WORKCENTER_CD`),
  CONSTRAINT `FK_MST_ROUTING_EQP` FOREIGN KEY (`EQUIPMENT_CD`) REFERENCES `MST_EQUIPMENT` (`EQUIPMENT_CD`),
  CONSTRAINT `FK_MST_ROUTING_ITEM` FOREIGN KEY (`ITEM_CD`) REFERENCES `MST_ITEM` (`ITEM_CD`),
  CONSTRAINT `FK_MST_ROUTING_PLANT` FOREIGN KEY (`PLANT_CD`) REFERENCES `MST_PLANT` (`PLANT_CD`),
  CONSTRAINT `FK_MST_ROUTING_WC` FOREIGN KEY (`WORKCENTER_CD`) REFERENCES `MST_WORKCENTER` (`WORKCENTER_CD`)
) ENGINE=InnoDB AUTO_INCREMENT=27 DEFAULT CHARSET=utf8mb4 COLLATE=utf8mb4_general_ci COMMENT='공정정보(라우팅)';
/*!40101 SET character_set_client = @saved_cs_client */;

--
-- Dumping data for table `MST_ROUTING`
--

LOCK TABLES `MST_ROUTING` WRITE;
/*!40000 ALTER TABLE `MST_ROUTING` DISABLE KEYS */;
INSERT INTO `MST_ROUTING` VALUES (1,'P001','SF-CSL-001',10,'PR001','양극믹싱','WC001','EQ001',30.00,120.00,0.00,0.00,1,99.00,NULL,'N','N','Y','SYSTEM','2026-03-31 01:27:43',NULL,NULL),(2,'P001','SF-ASL-001',10,'PR003','음극믹싱','WC003','EQ005',25.00,90.00,0.00,0.00,1,99.00,NULL,'N','N','Y','SYSTEM','2026-03-31 01:27:43',NULL,NULL),(3,'P001','SF-CEL-001',10,'PR002','양극코팅','WC002','EQ003',45.00,8.00,0.00,0.00,1,98.00,NULL,'N','N','Y','SYSTEM','2026-03-31 01:27:43',NULL,NULL),(4,'P001','SF-AEL-001',10,'PR004','음극코팅','WC004','EQ007',40.00,7.00,0.00,0.00,1,98.00,NULL,'N','N','Y','SYSTEM','2026-03-31 01:27:43',NULL,NULL),(5,'P001','SF-CER-001',10,'PR005','양극압연','WC005','EQ009',20.00,3.00,0.00,0.00,1,99.00,NULL,'N','N','Y','SYSTEM','2026-03-31 01:27:43',NULL,NULL),(6,'P001','SF-AER-001',10,'PR005','음극압연','WC005','EQ010',20.00,3.00,0.00,0.00,1,99.00,NULL,'N','N','Y','SYSTEM','2026-03-31 01:27:43',NULL,NULL),(7,'P001','SF-CES-001',10,'PR006','슬리팅','WC006','EQ011',15.00,2.00,0.00,0.00,1,98.00,NULL,'N','N','Y','SYSTEM','2026-03-31 01:27:43',NULL,NULL),(8,'P001','SF-CES-001',20,'PR007','노칭','WC006','EQ012',10.00,1.50,0.00,0.00,1,99.00,NULL,'N','N','Y','SYSTEM','2026-03-31 01:27:43',NULL,NULL),(9,'P001','SF-AES-001',10,'PR006','슬리팅','WC006','EQ011',15.00,2.00,0.00,0.00,1,98.00,NULL,'N','N','Y','SYSTEM','2026-03-31 01:27:43',NULL,NULL),(10,'P001','SF-AES-001',20,'PR007','노칭','WC006','EQ012',10.00,1.50,0.00,0.00,1,99.00,NULL,'N','N','Y','SYSTEM','2026-03-31 01:27:43',NULL,NULL),(11,'P001','SF-JEL-001',10,'PR008','스태킹','WC007','EQ013',10.00,5.00,0.00,0.00,1,98.00,NULL,'N','N','Y','SYSTEM','2026-03-31 01:27:43',NULL,NULL),(12,'P001','SF-DRC-001',10,'PR009','탭용접','WC008','EQ015',5.00,3.00,0.00,0.00,1,99.00,NULL,'N','N','Y','SYSTEM','2026-03-31 01:27:43',NULL,NULL),(13,'P001','SF-DRC-001',20,'PR010','패키징','WC008','EQ016',5.00,2.00,0.00,0.00,1,99.00,NULL,'N','N','Y','SYSTEM','2026-03-31 01:27:43',NULL,NULL),(14,'P001','SF-WET-001',10,'PR011','전해액주입','WC009','EQ017',10.00,8.00,0.00,0.00,1,99.50,NULL,'N','N','Y','SYSTEM','2026-03-31 01:27:43',NULL,NULL),(15,'P001','SF-WET-001',20,'PR012','밀봉','WC010','EQ019',5.00,3.00,0.00,0.00,1,99.50,NULL,'N','N','Y','SYSTEM','2026-03-31 01:27:43',NULL,NULL),(16,'P001','SF-FMC-001',10,'PR013','초기충방전','WC011','EQ021',30.00,480.00,0.00,0.00,1,98.00,NULL,'N','N','Y','SYSTEM','2026-03-31 01:27:43',NULL,NULL),(17,'P001','SF-AGC-001',10,'PR014','에이징','WC012','EQ023',10.00,10080.00,0.00,0.00,1,99.00,NULL,'N','N','Y','SYSTEM','2026-03-31 01:27:43',NULL,NULL),(18,'P001','SF-AGC-001',20,'PR015','디개싱','WC013','EQ025',10.00,5.00,0.00,0.00,1,99.50,NULL,'N','N','Y','SYSTEM','2026-03-31 01:27:43',NULL,NULL),(19,'P001','SF-AGC-001',30,'PR016','최종충전','WC013','EQ026',15.00,120.00,0.00,0.00,1,99.50,NULL,'N','N','Y','SYSTEM','2026-03-31 01:27:43',NULL,NULL),(20,'P001','FG-CEL-001',10,'PR017','셀검사','WC014','EQ027',5.00,3.00,0.00,0.00,1,97.00,NULL,'N','N','Y','SYSTEM','2026-03-31 01:27:43',NULL,NULL),(21,'P002','FG-MOD-001',10,'PR018','셀선별','WC015','EQ029',10.00,1.00,0.00,0.00,1,99.00,NULL,'N','N','Y','SYSTEM','2026-03-31 01:27:43',NULL,NULL),(22,'P002','FG-MOD-001',20,'PR019','모듈조립','WC016','EQ031',20.00,30.00,0.00,0.00,2,99.00,NULL,'N','N','Y','SYSTEM','2026-03-31 01:27:43',NULL,NULL),(23,'P002','FG-PCK-001',10,'PR020','BMS조립','WC017','EQ033',10.00,20.00,0.00,0.00,1,99.00,NULL,'N','N','Y','SYSTEM','2026-03-31 01:27:43',NULL,NULL),(24,'P002','FG-PCK-001',20,'PR021','팩조립','WC018','EQ034',30.00,60.00,0.00,0.00,2,99.00,NULL,'N','N','Y','SYSTEM','2026-03-31 01:27:43',NULL,NULL),(25,'P002','FG-PCK-001',30,'PR022','팩검사','WC019','EQ035',15.00,45.00,0.00,0.00,1,100.00,NULL,'N','N','Y','SYSTEM','2026-03-31 01:27:43',NULL,NULL),(26,'P002','FG-PCK-001',40,'PR023','포장','WC020','EQ037',5.00,15.00,0.00,0.00,1,100.00,NULL,'N','N','Y','SYSTEM','2026-03-31 01:27:43',NULL,NULL);
/*!40000 ALTER TABLE `MST_ROUTING` ENABLE KEYS */;
UNLOCK TABLES;

--
-- Table structure for table `MST_UNIT`
--

DROP TABLE IF EXISTS `MST_UNIT`;
/*!40101 SET @saved_cs_client     = @@character_set_client */;
/*!50503 SET character_set_client = utf8mb4 */;
CREATE TABLE `MST_UNIT` (
  `UNIT_CD` varchar(20) COLLATE utf8mb4_general_ci NOT NULL COMMENT '단위코드',
  `UNIT_NM` varchar(50) COLLATE utf8mb4_general_ci NOT NULL COMMENT '단위명',
  `UNIT_TYPE` varchar(20) COLLATE utf8mb4_general_ci DEFAULT NULL COMMENT '단위유형',
  `USE_YN` char(1) COLLATE utf8mb4_general_ci NOT NULL DEFAULT 'Y' COMMENT '사용여부',
  `REG_USER_ID` varchar(50) COLLATE utf8mb4_general_ci NOT NULL COMMENT '등록자ID',
  `REG_DTM` datetime NOT NULL DEFAULT CURRENT_TIMESTAMP COMMENT '등록일시',
  `UPD_USER_ID` varchar(50) COLLATE utf8mb4_general_ci DEFAULT NULL COMMENT '수정자ID',
  `UPD_DTM` datetime DEFAULT NULL ON UPDATE CURRENT_TIMESTAMP COMMENT '수정일시',
  PRIMARY KEY (`UNIT_CD`)
) ENGINE=InnoDB DEFAULT CHARSET=utf8mb4 COLLATE=utf8mb4_general_ci COMMENT='단위정보';
/*!40101 SET character_set_client = @saved_cs_client */;

--
-- Dumping data for table `MST_UNIT`
--

LOCK TABLES `MST_UNIT` WRITE;
/*!40000 ALTER TABLE `MST_UNIT` DISABLE KEYS */;
INSERT INTO `MST_UNIT` VALUES ('BOX','Box','수량','Y','SYSTEM','2026-03-31 00:50:54',NULL,NULL),('CM','cm','길이','Y','SYSTEM','2026-03-31 00:50:54',NULL,NULL),('EA','개','수량','Y','SYSTEM','2026-03-31 00:50:54',NULL,NULL),('G','g','중량','Y','SYSTEM','2026-03-31 00:50:54',NULL,NULL),('KG','Kg','중량','Y','SYSTEM','2026-03-31 00:50:54',NULL,NULL),('L','L','용량','Y','SYSTEM','2026-03-31 00:50:54',NULL,NULL),('M','m','길이','Y','SYSTEM','2026-03-31 00:50:54',NULL,NULL),('ML','mL','용량','Y','SYSTEM','2026-03-31 00:50:54',NULL,NULL),('MM','mm','길이','Y','SYSTEM','2026-03-31 00:50:54',NULL,NULL),('PCS','Pcs','수량','Y','SYSTEM','2026-03-31 00:50:54',NULL,NULL),('ROLL','Roll','수량','Y','SYSTEM','2026-03-31 00:50:54',NULL,NULL),('SET','Set','수량','Y','SYSTEM','2026-03-31 00:50:54',NULL,NULL),('SHEET','Sheet','수량','Y','SYSTEM','2026-03-31 00:50:54',NULL,NULL);
/*!40000 ALTER TABLE `MST_UNIT` ENABLE KEYS */;
UNLOCK TABLES;

--
-- Table structure for table `MST_VENDOR`
--

DROP TABLE IF EXISTS `MST_VENDOR`;
/*!40101 SET @saved_cs_client     = @@character_set_client */;
/*!50503 SET character_set_client = utf8mb4 */;
CREATE TABLE `MST_VENDOR` (
  `VENDOR_CD` varchar(50) COLLATE utf8mb4_general_ci NOT NULL COMMENT '거래처코드',
  `VENDOR_NM` varchar(200) COLLATE utf8mb4_general_ci NOT NULL COMMENT '거래처명',
  `VENDOR_TYPE` varchar(20) COLLATE utf8mb4_general_ci NOT NULL COMMENT '거래처유형',
  `BIZ_NO` varchar(20) COLLATE utf8mb4_general_ci DEFAULT NULL COMMENT '사업자번호',
  `CEO_NM` varchar(50) COLLATE utf8mb4_general_ci DEFAULT NULL COMMENT '대표자명',
  `BIZ_TYPE` varchar(100) COLLATE utf8mb4_general_ci DEFAULT NULL COMMENT '업태',
  `BIZ_ITEM` varchar(100) COLLATE utf8mb4_general_ci DEFAULT NULL COMMENT '종목',
  `ADDR` varchar(500) COLLATE utf8mb4_general_ci DEFAULT NULL COMMENT '주소',
  `TEL_NO` varchar(20) COLLATE utf8mb4_general_ci DEFAULT NULL COMMENT '전화번호',
  `FAX_NO` varchar(20) COLLATE utf8mb4_general_ci DEFAULT NULL COMMENT '팩스번호',
  `EMAIL` varchar(100) COLLATE utf8mb4_general_ci DEFAULT NULL COMMENT '이메일',
  `MANAGER_NM` varchar(50) COLLATE utf8mb4_general_ci DEFAULT NULL COMMENT '담당자명',
  `MANAGER_TEL` varchar(20) COLLATE utf8mb4_general_ci DEFAULT NULL COMMENT '담당자연락처',
  `PAYMENT_TERMS` varchar(100) COLLATE utf8mb4_general_ci DEFAULT NULL COMMENT '결제조건',
  `BANK_NM` varchar(50) COLLATE utf8mb4_general_ci DEFAULT NULL COMMENT '은행명',
  `ACCOUNT_NO` varchar(50) COLLATE utf8mb4_general_ci DEFAULT NULL COMMENT '계좌번호',
  `ACCOUNT_HOLDER` varchar(50) COLLATE utf8mb4_general_ci DEFAULT NULL COMMENT '예금주',
  `USE_YN` char(1) COLLATE utf8mb4_general_ci NOT NULL DEFAULT 'Y' COMMENT '사용여부',
  `REG_USER_ID` varchar(50) COLLATE utf8mb4_general_ci NOT NULL COMMENT '등록자ID',
  `REG_DTM` datetime NOT NULL DEFAULT CURRENT_TIMESTAMP COMMENT '등록일시',
  `UPD_USER_ID` varchar(50) COLLATE utf8mb4_general_ci DEFAULT NULL COMMENT '수정자ID',
  `UPD_DTM` datetime DEFAULT NULL ON UPDATE CURRENT_TIMESTAMP COMMENT '수정일시',
  PRIMARY KEY (`VENDOR_CD`)
) ENGINE=InnoDB DEFAULT CHARSET=utf8mb4 COLLATE=utf8mb4_general_ci COMMENT='거래처정보';
/*!40101 SET character_set_client = @saved_cs_client */;

--
-- Dumping data for table `MST_VENDOR`
--

LOCK TABLES `MST_VENDOR` WRITE;
/*!40000 ALTER TABLE `MST_VENDOR` DISABLE KEYS */;
INSERT INTO `MST_VENDOR` VALUES ('V001','(주)에코프로비엠','매입처','301-81-11111','김양극','제조업','양극활물질','충북 청주시 흥덕구','043-201-1111',NULL,'ecopro@vendor.co.kr','이소재','010-3001-0001','월말결제',NULL,NULL,NULL,'Y','SYSTEM','2026-03-31 01:25:05',NULL,NULL),('V002','(주)포스코퓨처엠','매입처','302-81-22222','박양극','제조업','양극/음극활물질','경북 포항시','054-202-2222',NULL,'posco@vendor.co.kr','김소재','010-3002-0002','월말결제',NULL,NULL,NULL,'Y','SYSTEM','2026-03-31 01:25:05',NULL,NULL),('V003','(주)SK아이테크','매입처','303-81-33333','최분리','제조업','분리막','충남 서산시','041-303-3333',NULL,'skitech@vendor.co.kr','정분리','010-3003-0003','익월10일',NULL,NULL,NULL,'Y','SYSTEM','2026-03-31 01:25:05',NULL,NULL),('V004','(주)솔브레인','매입처','304-81-44444','한전해','제조업','전해액','경기도 성남시','031-404-4444',NULL,'soulbrain@vendor.co.kr','오전해','010-3004-0004','월말결제',NULL,NULL,NULL,'Y','SYSTEM','2026-03-31 01:25:05',NULL,NULL),('V005','(주)일진소재','매입처','305-81-55555','서포일','제조업','동박/알루미늄박','충남 당진시','041-505-5555',NULL,'iljin@vendor.co.kr','강포일','010-3005-0005','월말결제',NULL,NULL,NULL,'Y','SYSTEM','2026-03-31 01:25:05',NULL,NULL),('V006','(주)쿠라레','매입처','306-81-66666','윤바인','제조업','바인더/도전재','경기도 화성시','031-606-6666',NULL,'kuraray@vendor.co.kr','임바인','010-3006-0006','익월말',NULL,NULL,NULL,'Y','SYSTEM','2026-03-31 01:25:05',NULL,NULL),('V007','(주)상보','매입처','307-81-77777','조파우','제조업','파우치필름','경기도 파주시','031-707-7777',NULL,'sangbo@vendor.co.kr','나파우','010-3007-0007','월말결제',NULL,NULL,NULL,'Y','SYSTEM','2026-03-31 01:25:05',NULL,NULL),('V008','(주)이엔에프테크','매입처','308-81-88888','구도전','제조업','CNT도전재','충남 아산시','041-808-8888',NULL,'enf@vendor.co.kr','신도전','010-3008-0008','선결제',NULL,NULL,NULL,'Y','SYSTEM','2026-03-31 01:25:05',NULL,NULL),('V009','(주)디에이테크놀로지','매입처','309-81-99999','문BMS','제조업','BMS/커넥터','경기도 수원시','031-909-9999',NULL,'datech@vendor.co.kr','장BMS','010-3009-0009','월말결제',NULL,NULL,NULL,'Y','SYSTEM','2026-03-31 01:25:05',NULL,NULL),('V010','현대자동차(주)','매출처','401-81-10101','정의선','제조업','자동차','서울시 서초구','02-410-1010',NULL,'hyundai@customer.co.kr','배구매','010-4010-0001','익월말',NULL,NULL,NULL,'Y','SYSTEM','2026-03-31 01:25:05',NULL,NULL),('V011','기아(주)','매출처','402-81-20202','송호성','제조업','자동차','서울시 서초구','02-420-2020',NULL,'kia@customer.co.kr','유발주','010-4020-0002','익월말',NULL,NULL,NULL,'Y','SYSTEM','2026-03-31 01:25:05',NULL,NULL),('V012','SK온(주)','매출처','403-81-30303','이석희','제조업','ESS','대전광역시 유성구','042-430-3030',NULL,'skon@customer.co.kr','하주문','010-4030-0003','익월말',NULL,NULL,NULL,'Y','SYSTEM','2026-03-31 01:25:05',NULL,NULL),('V013','(주)LS일렉트릭','매출처','404-81-40404','구자은','제조업','ESS','경기도 안양시','031-440-4040',NULL,'lselec@customer.co.kr','추발주','010-4040-0004','월말결제',NULL,NULL,NULL,'Y','SYSTEM','2026-03-31 01:25:05',NULL,NULL),('V014','(주)에너지협력','매입/매출','405-81-50505','최협력','제조업','배터리부품','충북 청주시','043-450-5050',NULL,'partner@vendor.co.kr','윤협력','010-4050-0005','월말결제',NULL,NULL,NULL,'Y','SYSTEM','2026-03-31 01:25:05',NULL,NULL);
/*!40000 ALTER TABLE `MST_VENDOR` ENABLE KEYS */;
UNLOCK TABLES;

--
-- Table structure for table `MST_WAREHOUSE`
--

DROP TABLE IF EXISTS `MST_WAREHOUSE`;
/*!40101 SET @saved_cs_client     = @@character_set_client */;
/*!50503 SET character_set_client = utf8mb4 */;
CREATE TABLE `MST_WAREHOUSE` (
  `WAREHOUSE_CD` varchar(20) COLLATE utf8mb4_general_ci NOT NULL COMMENT '창고코드',
  `PLANT_CD` varchar(20) COLLATE utf8mb4_general_ci NOT NULL COMMENT '공장코드',
  `WAREHOUSE_NM` varchar(100) COLLATE utf8mb4_general_ci NOT NULL COMMENT '창고명',
  `WAREHOUSE_TYPE` varchar(20) COLLATE utf8mb4_general_ci NOT NULL COMMENT '창고유형',
  `LOCATION` varchar(100) COLLATE utf8mb4_general_ci DEFAULT NULL COMMENT '위치',
  `CAPACITY` decimal(15,3) DEFAULT NULL COMMENT '수용능력',
  `CAPACITY_UNIT` varchar(20) COLLATE utf8mb4_general_ci DEFAULT NULL COMMENT '수용단위',
  `MANAGER_ID` varchar(20) COLLATE utf8mb4_general_ci DEFAULT NULL COMMENT '담당자ID',
  `TEL_NO` varchar(20) COLLATE utf8mb4_general_ci DEFAULT NULL COMMENT '전화번호',
  `USE_YN` char(1) COLLATE utf8mb4_general_ci NOT NULL DEFAULT 'Y' COMMENT '사용여부',
  `REG_USER_ID` varchar(50) COLLATE utf8mb4_general_ci NOT NULL COMMENT '등록자ID',
  `REG_DTM` datetime NOT NULL DEFAULT CURRENT_TIMESTAMP COMMENT '등록일시',
  `UPD_USER_ID` varchar(50) COLLATE utf8mb4_general_ci DEFAULT NULL COMMENT '수정자ID',
  `UPD_DTM` datetime DEFAULT NULL ON UPDATE CURRENT_TIMESTAMP COMMENT '수정일시',
  PRIMARY KEY (`WAREHOUSE_CD`),
  KEY `FK_MST_WAREHOUSE_PLANT` (`PLANT_CD`),
  CONSTRAINT `FK_MST_WAREHOUSE_PLANT` FOREIGN KEY (`PLANT_CD`) REFERENCES `MST_PLANT` (`PLANT_CD`)
) ENGINE=InnoDB DEFAULT CHARSET=utf8mb4 COLLATE=utf8mb4_general_ci COMMENT='창고정보';
/*!40101 SET character_set_client = @saved_cs_client */;

--
-- Dumping data for table `MST_WAREHOUSE`
--

LOCK TABLES `MST_WAREHOUSE` WRITE;
/*!40000 ALTER TABLE `MST_WAREHOUSE` DISABLE KEYS */;
INSERT INTO `MST_WAREHOUSE` VALUES ('WH001','P001','양극소재창고','원자재창고','H동 1층(항온항습)',5000.000,'M2','W015',NULL,'Y','SYSTEM','2026-03-31 01:25:07',NULL,NULL),('WH002','P001','음극소재창고','원자재창고','H동 2층(항온항습)',3000.000,'M2','W015',NULL,'Y','SYSTEM','2026-03-31 01:25:07',NULL,NULL),('WH003','P001','전해액/분리막창고','원자재창고','I동 1층(방폭)',2000.000,'M2','W015',NULL,'Y','SYSTEM','2026-03-31 01:25:07',NULL,NULL),('WH004','P001','전극재공창고','재공창고','J동 1층(드라이룸)',3000.000,'M2','W015',NULL,'Y','SYSTEM','2026-03-31 01:25:07',NULL,NULL),('WH005','P001','셀재공창고','재공창고','J동 2층',4000.000,'M2','W015',NULL,'Y','SYSTEM','2026-03-31 01:25:07',NULL,NULL),('WH006','P001','완성셀창고','완제품창고','K동 1층',5000.000,'M2','W015',NULL,'Y','SYSTEM','2026-03-31 01:25:07',NULL,NULL),('WH007','P001','불량품창고','불량품창고','K동 지하',500.000,'M2','W013',NULL,'Y','SYSTEM','2026-03-31 01:25:07',NULL,NULL),('WH008','P002','셀입고창고','원자재창고','E동 1층',3000.000,'M2','W019',NULL,'Y','SYSTEM','2026-03-31 01:25:07',NULL,NULL),('WH009','P002','팩부품창고','원자재창고','E동 2층',2000.000,'M2','W019',NULL,'Y','SYSTEM','2026-03-31 01:25:07',NULL,NULL),('WH010','P002','모듈재공창고','재공창고','F동 1층',2000.000,'M2','W019',NULL,'Y','SYSTEM','2026-03-31 01:25:07',NULL,NULL),('WH011','P002','완성팩창고','완제품창고','G동 1층',5000.000,'M2','W021',NULL,'Y','SYSTEM','2026-03-31 01:25:07',NULL,NULL),('WH012','P002','불량품창고','불량품창고','G동 지하',300.000,'M2','W023',NULL,'Y','SYSTEM','2026-03-31 01:25:07',NULL,NULL);
/*!40000 ALTER TABLE `MST_WAREHOUSE` ENABLE KEYS */;
UNLOCK TABLES;

--
-- Table structure for table `MST_WORKCENTER`
--

DROP TABLE IF EXISTS `MST_WORKCENTER`;
/*!40101 SET @saved_cs_client     = @@character_set_client */;
/*!50503 SET character_set_client = utf8mb4 */;
CREATE TABLE `MST_WORKCENTER` (
  `WORKCENTER_CD` varchar(20) COLLATE utf8mb4_general_ci NOT NULL COMMENT '작업장코드',
  `PLANT_CD` varchar(20) COLLATE utf8mb4_general_ci NOT NULL COMMENT '공장코드',
  `WORKCENTER_NM` varchar(100) COLLATE utf8mb4_general_ci NOT NULL COMMENT '작업장명',
  `WORKCENTER_TYPE` varchar(20) COLLATE utf8mb4_general_ci NOT NULL COMMENT '작업장유형',
  `LOCATION` varchar(100) COLLATE utf8mb4_general_ci DEFAULT NULL COMMENT '위치',
  `CAPACITY_QTY` decimal(15,3) DEFAULT NULL COMMENT '생산능력',
  `CAPACITY_UNIT` varchar(20) COLLATE utf8mb4_general_ci DEFAULT NULL COMMENT '능력단위',
  `WORKER_CNT` int DEFAULT NULL COMMENT '작업인원',
  `MANAGER_ID` varchar(20) COLLATE utf8mb4_general_ci DEFAULT NULL COMMENT '담당자ID',
  `USE_YN` char(1) COLLATE utf8mb4_general_ci NOT NULL DEFAULT 'Y' COMMENT '사용여부',
  `REG_USER_ID` varchar(50) COLLATE utf8mb4_general_ci NOT NULL COMMENT '등록자ID',
  `REG_DTM` datetime NOT NULL DEFAULT CURRENT_TIMESTAMP COMMENT '등록일시',
  `UPD_USER_ID` varchar(50) COLLATE utf8mb4_general_ci DEFAULT NULL COMMENT '수정자ID',
  `UPD_DTM` datetime DEFAULT NULL ON UPDATE CURRENT_TIMESTAMP COMMENT '수정일시',
  PRIMARY KEY (`WORKCENTER_CD`),
  KEY `FK_MST_WORKCENTER_PLANT` (`PLANT_CD`),
  CONSTRAINT `FK_MST_WORKCENTER_PLANT` FOREIGN KEY (`PLANT_CD`) REFERENCES `MST_PLANT` (`PLANT_CD`)
) ENGINE=InnoDB DEFAULT CHARSET=utf8mb4 COLLATE=utf8mb4_general_ci COMMENT='작업장정보';
/*!40101 SET character_set_client = @saved_cs_client */;

--
-- Dumping data for table `MST_WORKCENTER`
--

LOCK TABLES `MST_WORKCENTER` WRITE;
/*!40000 ALTER TABLE `MST_WORKCENTER` DISABLE KEYS */;
INSERT INTO `MST_WORKCENTER` VALUES ('WC001','P001','양극믹싱작업장','전극','A동 1층',5000.000,'KG/일',NULL,'W001','Y','SYSTEM','2026-03-31 01:25:02',NULL,NULL),('WC002','P001','양극코팅작업장','전극','A동 2층',3000.000,'M/일',NULL,'W001','Y','SYSTEM','2026-03-31 01:25:02',NULL,NULL),('WC003','P001','음극믹싱작업장','전극','B동 1층',4000.000,'KG/일',NULL,'W004','Y','SYSTEM','2026-03-31 01:25:02',NULL,NULL),('WC004','P001','음극코팅작업장','전극','B동 2층',2500.000,'M/일',NULL,'W004','Y','SYSTEM','2026-03-31 01:25:02',NULL,NULL),('WC005','P001','압연작업장','전극','C동 1층',5000.000,'M/일',NULL,'W005','Y','SYSTEM','2026-03-31 01:25:02',NULL,NULL),('WC006','P001','슬리팅/노칭작업장','전극','C동 2층',4000.000,'EA/일',NULL,'W006','Y','SYSTEM','2026-03-31 01:25:02',NULL,NULL),('WC007','P001','스태킹작업장','조립','D동 1층',2000.000,'EA/일',NULL,'W007','Y','SYSTEM','2026-03-31 01:25:02',NULL,NULL),('WC008','P001','탭용접/패키징작업장','조립','D동 2층',1500.000,'EA/일',NULL,'W008','Y','SYSTEM','2026-03-31 01:25:02',NULL,NULL),('WC009','P001','전해액주입작업장','조립','E동 1층(클린룸)',1200.000,'EA/일',NULL,'W009','Y','SYSTEM','2026-03-31 01:25:02',NULL,NULL),('WC010','P001','밀봉작업장','조립','E동 2층',1500.000,'EA/일',NULL,'W010','Y','SYSTEM','2026-03-31 01:25:02',NULL,NULL),('WC011','P001','충방전작업장','활성화','F동 1층',5000.000,'EA/일',NULL,'W011','Y','SYSTEM','2026-03-31 01:25:02',NULL,NULL),('WC012','P001','에이징작업장','활성화','F동 2층',10000.000,'EA/일',NULL,'W012','Y','SYSTEM','2026-03-31 01:25:02',NULL,NULL),('WC013','P001','디개싱/최종충전작업장','활성화','F동 3층',3000.000,'EA/일',NULL,'W011','Y','SYSTEM','2026-03-31 01:25:02',NULL,NULL),('WC014','P001','셀검사작업장','검사','G동 1층',5000.000,'EA/일',NULL,'W013','Y','SYSTEM','2026-03-31 01:25:02',NULL,NULL),('WC015','P002','셀선별작업장','팩','A동 1층',3000.000,'EA/일',NULL,'W019','Y','SYSTEM','2026-03-31 01:25:02',NULL,NULL),('WC016','P002','모듈조립작업장','팩','B동 1층',200.000,'SET/일',NULL,'W019','Y','SYSTEM','2026-03-31 01:25:02',NULL,NULL),('WC017','P002','BMS조립작업장','팩','B동 2층',150.000,'SET/일',NULL,'W021','Y','SYSTEM','2026-03-31 01:25:02',NULL,NULL),('WC018','P002','팩조립작업장','팩','C동 1층',100.000,'SET/일',NULL,'W021','Y','SYSTEM','2026-03-31 01:25:02',NULL,NULL),('WC019','P002','팩검사작업장','검사','C동 2층',100.000,'SET/일',NULL,'W023','Y','SYSTEM','2026-03-31 01:25:02',NULL,NULL),('WC020','P002','포장/출하작업장','포장','D동 1층',80.000,'SET/일',NULL,'W021','Y','SYSTEM','2026-03-31 01:25:02',NULL,NULL);
/*!40000 ALTER TABLE `MST_WORKCENTER` ENABLE KEYS */;
UNLOCK TABLES;

--
-- Table structure for table `MST_WORKER`
--

DROP TABLE IF EXISTS `MST_WORKER`;
/*!40101 SET @saved_cs_client     = @@character_set_client */;
/*!50503 SET character_set_client = utf8mb4 */;
CREATE TABLE `MST_WORKER` (
  `WORKER_ID` varchar(20) COLLATE utf8mb4_general_ci NOT NULL COMMENT '작업자ID',
  `PLANT_CD` varchar(20) COLLATE utf8mb4_general_ci NOT NULL COMMENT '공장코드',
  `DEPT_CD` varchar(20) COLLATE utf8mb4_general_ci DEFAULT NULL COMMENT '부서코드',
  `WORKER_NM` varchar(50) COLLATE utf8mb4_general_ci NOT NULL COMMENT '작업자명',
  `WORKER_TYPE` varchar(20) COLLATE utf8mb4_general_ci NOT NULL DEFAULT '정규직' COMMENT '작업자유형',
  `POSITION` varchar(50) COLLATE utf8mb4_general_ci DEFAULT NULL COMMENT '직위',
  `HIRE_DT` date DEFAULT NULL COMMENT '입사일',
  `RESIGN_DT` date DEFAULT NULL COMMENT '퇴사일',
  `MOBILE_NO` varchar(20) COLLATE utf8mb4_general_ci DEFAULT NULL COMMENT '휴대폰번호',
  `EMAIL` varchar(100) COLLATE utf8mb4_general_ci DEFAULT NULL COMMENT '이메일',
  `SKILL_LEVEL` varchar(20) COLLATE utf8mb4_general_ci DEFAULT '중급' COMMENT '숙련도',
  `CERT_INFO` varchar(500) COLLATE utf8mb4_general_ci DEFAULT NULL COMMENT '자격증정보',
  `USE_YN` char(1) COLLATE utf8mb4_general_ci NOT NULL DEFAULT 'Y' COMMENT '사용여부',
  `REG_USER_ID` varchar(50) COLLATE utf8mb4_general_ci NOT NULL COMMENT '등록자ID',
  `REG_DTM` datetime NOT NULL DEFAULT CURRENT_TIMESTAMP COMMENT '등록일시',
  `UPD_USER_ID` varchar(50) COLLATE utf8mb4_general_ci DEFAULT NULL COMMENT '수정자ID',
  `UPD_DTM` datetime DEFAULT NULL ON UPDATE CURRENT_TIMESTAMP COMMENT '수정일시',
  PRIMARY KEY (`WORKER_ID`),
  KEY `FK_MST_WORKER_DEPT` (`DEPT_CD`),
  KEY `IDX_MST_WORKER_01` (`PLANT_CD`,`DEPT_CD`),
  CONSTRAINT `FK_MST_WORKER_DEPT` FOREIGN KEY (`DEPT_CD`) REFERENCES `MST_DEPT` (`DEPT_CD`),
  CONSTRAINT `FK_MST_WORKER_PLANT` FOREIGN KEY (`PLANT_CD`) REFERENCES `MST_PLANT` (`PLANT_CD`)
) ENGINE=InnoDB DEFAULT CHARSET=utf8mb4 COLLATE=utf8mb4_general_ci COMMENT='작업자정보';
/*!40101 SET character_set_client = @saved_cs_client */;

--
-- Dumping data for table `MST_WORKER`
--

LOCK TABLES `MST_WORKER` WRITE;
/*!40000 ALTER TABLE `MST_WORKER` DISABLE KEYS */;
INSERT INTO `MST_WORKER` VALUES ('W001','P001','D002','김양극','정규직','팀장','2015-03-01',NULL,'010-1111-1001','kim.cathode@gec.co.kr','전문가',NULL,'Y','SYSTEM','2026-03-31 01:25:00',NULL,NULL),('W002','P001','D002','이코팅','정규직','반장','2017-05-15',NULL,'010-1111-1002','lee.coating@gec.co.kr','고급',NULL,'Y','SYSTEM','2026-03-31 01:25:00',NULL,NULL),('W003','P001','D002','박믹싱','정규직','사원','2019-07-01',NULL,'010-1111-1003','park.mixing@gec.co.kr','중급',NULL,'Y','SYSTEM','2026-03-31 01:25:00',NULL,NULL),('W004','P001','D003','최음극','정규직','팀장','2016-02-01',NULL,'010-1111-1004','choi.anode@gec.co.kr','전문가',NULL,'Y','SYSTEM','2026-03-31 01:25:00',NULL,NULL),('W005','P001','D003','정압연','정규직','반장','2018-04-01',NULL,'010-1111-1005','jung.rolling@gec.co.kr','고급',NULL,'Y','SYSTEM','2026-03-31 01:25:00',NULL,NULL),('W006','P001','D003','한슬리팅','정규직','사원','2020-06-01',NULL,'010-1111-1006','han.slitting@gec.co.kr','중급',NULL,'Y','SYSTEM','2026-03-31 01:25:00',NULL,NULL),('W007','P001','D005','오스택','정규직','팀장','2015-08-01',NULL,'010-1111-1007','oh.stack@gec.co.kr','전문가',NULL,'Y','SYSTEM','2026-03-31 01:25:00',NULL,NULL),('W008','P001','D005','서용접','정규직','반장','2017-11-01',NULL,'010-1111-1008','seo.weld@gec.co.kr','고급',NULL,'Y','SYSTEM','2026-03-31 01:25:00',NULL,NULL),('W009','P001','D005','윤주액','정규직','사원','2020-03-01',NULL,'010-1111-1009','yoon.inject@gec.co.kr','중급',NULL,'Y','SYSTEM','2026-03-31 01:25:00',NULL,NULL),('W010','P001','D006','강밀봉','정규직','사원','2021-01-15',NULL,'010-1111-1010','kang.seal@gec.co.kr','초급',NULL,'Y','SYSTEM','2026-03-31 01:25:00',NULL,NULL),('W011','P001','D008','조충방','정규직','팀장','2016-05-01',NULL,'010-1111-1011','jo.formation@gec.co.kr','전문가',NULL,'Y','SYSTEM','2026-03-31 01:25:00',NULL,NULL),('W012','P001','D009','임에이징','정규직','반장','2018-09-01',NULL,'010-1111-1012','lim.aging@gec.co.kr','고급',NULL,'Y','SYSTEM','2026-03-31 01:25:00',NULL,NULL),('W013','P001','D011','송품질','정규직','팀장','2014-09-01',NULL,'010-1111-1013','song.qa@gec.co.kr','전문가',NULL,'Y','SYSTEM','2026-03-31 01:25:00',NULL,NULL),('W014','P001','D011','양검사','정규직','사원','2019-03-01',NULL,'010-1111-1014','yang.qc@gec.co.kr','고급',NULL,'Y','SYSTEM','2026-03-31 01:25:00',NULL,NULL),('W015','P001','D014','권자재','정규직','팀장','2016-08-01',NULL,'010-1111-1015','kwon.mat@gec.co.kr','고급',NULL,'Y','SYSTEM','2026-03-31 01:25:00',NULL,NULL),('W016','P001','D014','황입출','정규직','사원','2020-02-01',NULL,'010-1111-1016','hwang.io@gec.co.kr','중급',NULL,'Y','SYSTEM','2026-03-31 01:25:00',NULL,NULL),('W017','P001','D016','배설비','정규직','팀장','2015-11-01',NULL,'010-1111-1017','bae.eqp@gec.co.kr','전문가',NULL,'Y','SYSTEM','2026-03-31 01:25:00',NULL,NULL),('W018','P001','D016','유정비','정규직','사원','2018-07-01',NULL,'010-1111-1018','yoo.maint@gec.co.kr','고급',NULL,'Y','SYSTEM','2026-03-31 01:25:00',NULL,NULL),('W019','P002','D017','나모듈','정규직','팀장','2017-04-01',NULL,'010-2222-2001','na.module@gec.co.kr','전문가',NULL,'Y','SYSTEM','2026-03-31 01:25:00',NULL,NULL),('W020','P002','D017','문조립','정규직','반장','2019-08-01',NULL,'010-2222-2002','moon.assy@gec.co.kr','고급',NULL,'Y','SYSTEM','2026-03-31 01:25:00',NULL,NULL),('W021','P002','D018','신팩','정규직','팀장','2016-06-01',NULL,'010-2222-2003','shin.pack@gec.co.kr','전문가',NULL,'Y','SYSTEM','2026-03-31 01:25:00',NULL,NULL),('W022','P002','D018','장BMS','정규직','사원','2020-01-01',NULL,'010-2222-2004','jang.bms@gec.co.kr','중급',NULL,'Y','SYSTEM','2026-03-31 01:25:00',NULL,NULL),('W023','P002','D019','하품질','정규직','팀장','2018-01-01',NULL,'010-2222-2005','ha.qa@gec.co.kr','전문가',NULL,'Y','SYSTEM','2026-03-31 01:25:00',NULL,NULL),('W024','P002','D020','추설비','정규직','사원','2019-05-01',NULL,'010-2222-2006','chu.eqp@gec.co.kr','고급',NULL,'Y','SYSTEM','2026-03-31 01:25:00',NULL,NULL);
/*!40000 ALTER TABLE `MST_WORKER` ENABLE KEYS */;
UNLOCK TABLES;

--
-- Table structure for table `PLN_PROD_PLAN`
--

DROP TABLE IF EXISTS `PLN_PROD_PLAN`;
/*!40101 SET @saved_cs_client     = @@character_set_client */;
/*!50503 SET character_set_client = utf8mb4 */;
CREATE TABLE `PLN_PROD_PLAN` (
  `PLAN_ID` bigint NOT NULL AUTO_INCREMENT COMMENT '계획ID',
  `PLANT_CD` varchar(20) COLLATE utf8mb4_general_ci NOT NULL COMMENT '공장코드',
  `PLAN_NO` varchar(30) COLLATE utf8mb4_general_ci NOT NULL COMMENT '계획번호',
  `PLAN_DT` date NOT NULL COMMENT '계획일자',
  `PLAN_TYPE` varchar(20) COLLATE utf8mb4_general_ci NOT NULL COMMENT '계획유형',
  `ITEM_CD` varchar(50) COLLATE utf8mb4_general_ci NOT NULL COMMENT '품목코드',
  `PLAN_QTY` decimal(15,3) NOT NULL COMMENT '계획수량',
  `PLAN_START_DT` date NOT NULL COMMENT '계획시작일',
  `PLAN_END_DT` date NOT NULL COMMENT '계획종료일',
  `PRIORITY` int DEFAULT '5' COMMENT '우선순위',
  `ORDER_NO` varchar(50) COLLATE utf8mb4_general_ci DEFAULT NULL COMMENT '수주번호',
  `CUSTOMER_CD` varchar(50) COLLATE utf8mb4_general_ci DEFAULT NULL COMMENT '고객코드',
  `CUSTOMER_NM` varchar(100) COLLATE utf8mb4_general_ci DEFAULT NULL COMMENT '고객명',
  `DELIVERY_DT` date DEFAULT NULL COMMENT '납기일',
  `PLAN_STATUS` varchar(20) COLLATE utf8mb4_general_ci NOT NULL DEFAULT '계획' COMMENT '계획상태',
  `RESULT_QTY` decimal(15,3) DEFAULT '0.000' COMMENT '실적수량',
  `PLAN_RMK` varchar(500) COLLATE utf8mb4_general_ci DEFAULT NULL COMMENT '비고',
  `APPROVE_USER_ID` varchar(50) COLLATE utf8mb4_general_ci DEFAULT NULL COMMENT '승인자ID',
  `APPROVE_DTM` datetime DEFAULT NULL COMMENT '승인일시',
  `REG_USER_ID` varchar(50) COLLATE utf8mb4_general_ci NOT NULL COMMENT '등록자ID',
  `REG_DTM` datetime NOT NULL DEFAULT CURRENT_TIMESTAMP COMMENT '등록일시',
  `UPD_USER_ID` varchar(50) COLLATE utf8mb4_general_ci DEFAULT NULL COMMENT '수정자ID',
  `UPD_DTM` datetime DEFAULT NULL ON UPDATE CURRENT_TIMESTAMP COMMENT '수정일시',
  PRIMARY KEY (`PLAN_ID`),
  UNIQUE KEY `UK_PLN_PROD_PLAN` (`PLAN_NO`),
  KEY `IDX_PLN_PROD_PLAN_01` (`PLANT_CD`,`PLAN_DT`),
  KEY `IDX_PLN_PROD_PLAN_02` (`ITEM_CD`),
  KEY `IDX_PLN_PROD_PLAN_03` (`PLAN_STATUS`),
  CONSTRAINT `FK_PLN_PROD_PLAN_ITEM` FOREIGN KEY (`ITEM_CD`) REFERENCES `MST_ITEM` (`ITEM_CD`),
  CONSTRAINT `FK_PLN_PROD_PLAN_PLANT` FOREIGN KEY (`PLANT_CD`) REFERENCES `MST_PLANT` (`PLANT_CD`)
) ENGINE=InnoDB AUTO_INCREMENT=8 DEFAULT CHARSET=utf8mb4 COLLATE=utf8mb4_general_ci COMMENT='생산계획';
/*!40101 SET character_set_client = @saved_cs_client */;

--
-- Dumping data for table `PLN_PROD_PLAN`
--

LOCK TABLES `PLN_PROD_PLAN` WRITE;
/*!40000 ALTER TABLE `PLN_PROD_PLAN` DISABLE KEYS */;
INSERT INTO `PLN_PROD_PLAN` VALUES (1,'P001','PP202501010001','2025-01-01','월간계획','FG-CEL-001',50000.000,'2025-01-06','2025-01-31',1,'SO-2025-B001','V010','현대자동차(주)','2025-02-05','진행',32000.000,NULL,NULL,NULL,'SYSTEM','2026-03-31 01:28:34',NULL,NULL),(2,'P001','PP202501010002','2025-01-01','월간계획','FG-CEL-002',30000.000,'2025-01-06','2025-01-31',2,'SO-2025-B002','V011','기아(주)','2025-02-10','진행',18000.000,NULL,NULL,NULL,'SYSTEM','2026-03-31 01:28:34',NULL,NULL),(3,'P001','PP202501010003','2025-01-01','월간계획','FG-CEL-003',20000.000,'2025-01-13','2025-01-31',3,'SO-2025-B003','V012','SK온(주)','2025-02-15','계획',8000.000,NULL,NULL,NULL,'SYSTEM','2026-03-31 01:28:34',NULL,NULL),(4,'P002','PP202501010004','2025-01-01','월간계획','FG-MOD-001',500.000,'2025-01-06','2025-01-31',1,'SO-2025-B004','V010','현대자동차(주)','2025-02-05','진행',320.000,NULL,NULL,NULL,'SYSTEM','2026-03-31 01:28:34',NULL,NULL),(5,'P002','PP202501010005','2025-01-01','월간계획','FG-MOD-002',200.000,'2025-01-06','2025-01-31',2,'SO-2025-B005','V013','(주)LS일렉트릭','2025-02-08','진행',120.000,NULL,NULL,NULL,'SYSTEM','2026-03-31 01:28:34',NULL,NULL),(6,'P002','PP202501010006','2025-01-01','월간계획','FG-PCK-001',80.000,'2025-01-10','2025-01-31',1,'SO-2025-B006','V010','현대자동차(주)','2025-02-03','진행',50.000,NULL,NULL,NULL,'SYSTEM','2026-03-31 01:28:34',NULL,NULL),(7,'P002','PP202501010007','2025-01-01','월간계획','FG-PCK-002',50.000,'2025-01-13','2025-01-31',2,'SO-2025-B007','V013','(주)LS일렉트릭','2025-02-10','진행',30.000,NULL,NULL,NULL,'SYSTEM','2026-03-31 01:28:34',NULL,NULL);
/*!40000 ALTER TABLE `PLN_PROD_PLAN` ENABLE KEYS */;
UNLOCK TABLES;

--
-- Table structure for table `PLN_WORK_ORDER`
--

DROP TABLE IF EXISTS `PLN_WORK_ORDER`;
/*!40101 SET @saved_cs_client     = @@character_set_client */;
/*!50503 SET character_set_client = utf8mb4 */;
CREATE TABLE `PLN_WORK_ORDER` (
  `WO_ID` bigint NOT NULL AUTO_INCREMENT COMMENT '작업지시ID',
  `PLANT_CD` varchar(20) COLLATE utf8mb4_general_ci NOT NULL COMMENT '공장코드',
  `WO_NO` varchar(30) COLLATE utf8mb4_general_ci NOT NULL COMMENT '작업지시번호',
  `PLAN_ID` bigint DEFAULT NULL COMMENT '계획ID',
  `WO_DT` date NOT NULL COMMENT '작업지시일',
  `ITEM_CD` varchar(50) COLLATE utf8mb4_general_ci NOT NULL COMMENT '품목코드',
  `WO_QTY` decimal(15,3) NOT NULL COMMENT '지시수량',
  `WORKCENTER_CD` varchar(20) COLLATE utf8mb4_general_ci DEFAULT NULL COMMENT '작업장코드',
  `EQUIPMENT_CD` varchar(20) COLLATE utf8mb4_general_ci DEFAULT NULL COMMENT '설비코드',
  `WORKER_ID` varchar(20) COLLATE utf8mb4_general_ci DEFAULT NULL COMMENT '작업자ID',
  `PLAN_START_DTM` datetime NOT NULL COMMENT '계획시작일시',
  `PLAN_END_DTM` datetime NOT NULL COMMENT '계획종료일시',
  `ACTUAL_START_DTM` datetime DEFAULT NULL COMMENT '실제시작일시',
  `ACTUAL_END_DTM` datetime DEFAULT NULL COMMENT '실제종료일시',
  `GOOD_QTY` decimal(15,3) DEFAULT '0.000' COMMENT '양품수량',
  `DEFECT_QTY` decimal(15,3) DEFAULT '0.000' COMMENT '불량수량',
  `WO_STATUS` varchar(20) COLLATE utf8mb4_general_ci NOT NULL DEFAULT '대기' COMMENT '작업상태',
  `PRIORITY` int DEFAULT '5' COMMENT '우선순위',
  `LOT_NO` varchar(50) COLLATE utf8mb4_general_ci DEFAULT NULL COMMENT 'LOT번호',
  `PARENT_WO_ID` bigint DEFAULT NULL COMMENT '상위작업지시ID',
  `ORDER_NO` varchar(50) COLLATE utf8mb4_general_ci DEFAULT NULL COMMENT '수주번호',
  `DELIVERY_DT` date DEFAULT NULL COMMENT '납기일',
  `WO_RMK` varchar(500) COLLATE utf8mb4_general_ci DEFAULT NULL COMMENT '비고',
  `REG_USER_ID` varchar(50) COLLATE utf8mb4_general_ci NOT NULL COMMENT '등록자ID',
  `REG_DTM` datetime NOT NULL DEFAULT CURRENT_TIMESTAMP COMMENT '등록일시',
  `UPD_USER_ID` varchar(50) COLLATE utf8mb4_general_ci DEFAULT NULL COMMENT '수정자ID',
  `UPD_DTM` datetime DEFAULT NULL ON UPDATE CURRENT_TIMESTAMP COMMENT '수정일시',
  PRIMARY KEY (`WO_ID`),
  UNIQUE KEY `UK_PLN_WORK_ORDER` (`WO_NO`),
  KEY `FK_PLN_WO_EQP` (`EQUIPMENT_CD`),
  KEY `FK_PLN_WO_WORKER` (`WORKER_ID`),
  KEY `IDX_PLN_WORK_ORDER_01` (`PLANT_CD`,`WO_DT`,`WO_STATUS`),
  KEY `IDX_PLN_WORK_ORDER_02` (`ITEM_CD`),
  KEY `IDX_PLN_WORK_ORDER_03` (`LOT_NO`),
  KEY `IDX_PLN_WORK_ORDER_04` (`WORKCENTER_CD`),
  KEY `IDX_PLN_WORK_ORDER_05` (`PLAN_ID`),
  CONSTRAINT `FK_PLN_WO_EQP` FOREIGN KEY (`EQUIPMENT_CD`) REFERENCES `MST_EQUIPMENT` (`EQUIPMENT_CD`),
  CONSTRAINT `FK_PLN_WO_ITEM` FOREIGN KEY (`ITEM_CD`) REFERENCES `MST_ITEM` (`ITEM_CD`),
  CONSTRAINT `FK_PLN_WO_PLAN` FOREIGN KEY (`PLAN_ID`) REFERENCES `PLN_PROD_PLAN` (`PLAN_ID`),
  CONSTRAINT `FK_PLN_WO_PLANT` FOREIGN KEY (`PLANT_CD`) REFERENCES `MST_PLANT` (`PLANT_CD`),
  CONSTRAINT `FK_PLN_WO_WC` FOREIGN KEY (`WORKCENTER_CD`) REFERENCES `MST_WORKCENTER` (`WORKCENTER_CD`),
  CONSTRAINT `FK_PLN_WO_WORKER` FOREIGN KEY (`WORKER_ID`) REFERENCES `MST_WORKER` (`WORKER_ID`)
) ENGINE=InnoDB AUTO_INCREMENT=40 DEFAULT CHARSET=utf8mb4 COLLATE=utf8mb4_general_ci COMMENT='작업지시';
/*!40101 SET character_set_client = @saved_cs_client */;

--
-- Dumping data for table `PLN_WORK_ORDER`
--

LOCK TABLES `PLN_WORK_ORDER` WRITE;
/*!40000 ALTER TABLE `PLN_WORK_ORDER` DISABLE KEYS */;
INSERT INTO `PLN_WORK_ORDER` VALUES (1,'P001','WO202501200001',1,'2025-01-20','SF-CSL-001',500.000,'WC001','EQ001','W003','2025-01-20 08:00:00','2025-01-20 12:00:00','2025-01-20 08:05:00','2025-01-20 11:50:00',495.000,5.000,'완료',1,'SF-CSL-001-20250120-001',NULL,NULL,NULL,NULL,'SYSTEM','2026-03-31 01:28:35',NULL,NULL),(2,'P001','WO202501200002',1,'2025-01-20','SF-ASL-001',400.000,'WC003','EQ005','W006','2025-01-20 08:00:00','2025-01-20 11:30:00','2025-01-20 08:10:00','2025-01-20 11:25:00',396.000,4.000,'완료',1,'SF-ASL-001-20250120-001',NULL,NULL,NULL,NULL,'SYSTEM','2026-03-31 01:28:35',NULL,NULL),(3,'P001','WO202501200003',1,'2025-01-20','SF-CEL-001',800.000,'WC002','EQ003','W002','2025-01-20 08:00:00','2025-01-20 16:00:00','2025-01-20 08:15:00','2025-01-20 15:50:00',784.000,16.000,'완료',1,'SF-CEL-001-20250120-001',NULL,NULL,NULL,NULL,'SYSTEM','2026-03-31 01:28:35',NULL,NULL),(4,'P001','WO202501200004',1,'2025-01-20','SF-AEL-001',700.000,'WC004','EQ007','W005','2025-01-20 08:00:00','2025-01-20 15:00:00','2025-01-20 08:10:00','2025-01-20 14:55:00',686.000,14.000,'완료',1,'SF-AEL-001-20250120-001',NULL,NULL,NULL,NULL,'SYSTEM','2026-03-31 01:28:35',NULL,NULL),(5,'P001','WO202501200005',1,'2025-01-20','SF-CER-001',750.000,'WC005','EQ009','W005','2025-01-20 13:00:00','2025-01-20 17:00:00','2025-01-20 13:05:00','2025-01-20 16:50:00',743.000,7.000,'완료',1,'SF-CER-001-20250120-001',NULL,NULL,NULL,NULL,'SYSTEM','2026-03-31 01:28:35',NULL,NULL),(6,'P001','WO202501200006',1,'2025-01-20','SF-AER-001',650.000,'WC005','EQ010','W005','2025-01-20 08:00:00','2025-01-20 12:00:00','2025-01-20 08:10:00','2025-01-20 11:55:00',644.000,6.000,'완료',1,'SF-AER-001-20250120-001',NULL,NULL,NULL,NULL,'SYSTEM','2026-03-31 01:28:35',NULL,NULL),(7,'P001','WO202501200007',1,'2025-01-20','SF-JEL-001',2000.000,'WC007','EQ013','W007','2025-01-20 08:00:00','2025-01-20 17:00:00','2025-01-20 08:05:00','2025-01-20 16:55:00',1960.000,40.000,'완료',1,'SF-JEL-001-20250120-001',NULL,NULL,NULL,NULL,'SYSTEM','2026-03-31 01:28:35',NULL,NULL),(8,'P001','WO202501200008',1,'2025-01-20','SF-DRC-001',1800.000,'WC008','EQ015','W008','2025-01-20 08:00:00','2025-01-20 17:00:00','2025-01-20 08:10:00','2025-01-20 16:50:00',1782.000,18.000,'완료',1,'SF-DRC-001-20250120-001',NULL,NULL,NULL,NULL,'SYSTEM','2026-03-31 01:28:35',NULL,NULL),(9,'P001','WO202501200009',1,'2025-01-20','SF-WET-001',1500.000,'WC009','EQ017','W009','2025-01-20 08:00:00','2025-01-20 17:00:00','2025-01-20 08:15:00','2025-01-20 16:45:00',1493.000,7.000,'완료',1,'SF-WET-001-20250120-001',NULL,NULL,NULL,NULL,'SYSTEM','2026-03-31 01:28:35',NULL,NULL),(10,'P001','WO202501200010',1,'2025-01-20','SF-FMC-001',1200.000,'WC011','EQ021','W011','2025-01-20 00:00:00','2025-01-20 23:59:00','2025-01-20 00:05:00','2025-01-20 23:50:00',1176.000,24.000,'완료',1,'SF-FMC-001-20250120-001',NULL,NULL,NULL,NULL,'SYSTEM','2026-03-31 01:28:35',NULL,NULL),(11,'P001','WO202501200011',1,'2025-01-20','FG-CEL-001',1100.000,'WC014','EQ027','W013','2025-01-20 08:00:00','2025-01-20 14:00:00','2025-01-20 08:05:00','2025-01-20 13:50:00',1067.000,33.000,'완료',1,'FG-CEL-001-20250120-001',NULL,NULL,NULL,NULL,'SYSTEM','2026-03-31 01:28:35',NULL,NULL),(12,'P002','WO202501200012',4,'2025-01-20','FG-MOD-001',20.000,'WC016','EQ031','W019','2025-01-20 08:00:00','2025-01-20 17:00:00','2025-01-20 08:10:00','2025-01-20 16:50:00',20.000,0.000,'완료',1,'FG-MOD-001-20250120-001',NULL,NULL,NULL,NULL,'SYSTEM','2026-03-31 01:28:35',NULL,NULL),(13,'P002','WO202501200013',6,'2025-01-20','FG-PCK-001',3.000,'WC018','EQ034','W021','2025-01-20 08:00:00','2025-01-20 17:00:00','2025-01-20 08:20:00','2025-01-20 16:40:00',3.000,0.000,'완료',1,'FG-PCK-001-20250120-001',NULL,NULL,NULL,NULL,'SYSTEM','2026-03-31 01:28:35',NULL,NULL),(14,'P002','WO202501200014',6,'2025-01-20','FG-PCK-001',3.000,'WC019','EQ035','W023','2025-01-20 13:00:00','2025-01-20 17:00:00','2025-01-20 13:10:00','2025-01-20 16:55:00',3.000,0.000,'완료',1,'FG-PCK-001-20250120-001',NULL,NULL,NULL,NULL,'SYSTEM','2026-03-31 01:28:35',NULL,NULL),(15,'P001','WO202501210001',1,'2025-01-21','SF-CSL-001',550.000,'WC001','EQ001','W003','2025-01-21 08:00:00','2025-01-21 13:00:00','2025-01-21 08:00:00','2025-01-21 12:50:00',544.000,6.000,'완료',1,'SF-CSL-001-20250121-001',NULL,NULL,NULL,NULL,'SYSTEM','2026-03-31 01:28:35',NULL,NULL),(16,'P001','WO202501210002',2,'2025-01-21','SF-CSL-002',300.000,'WC001','EQ002','W003','2025-01-21 13:30:00','2025-01-21 17:00:00','2025-01-21 13:35:00','2025-01-21 16:55:00',297.000,3.000,'완료',2,'SF-CSL-002-20250121-001',NULL,NULL,NULL,NULL,'SYSTEM','2026-03-31 01:28:35',NULL,NULL),(17,'P001','WO202501210003',1,'2025-01-21','SF-CEL-001',850.000,'WC002','EQ003','W002','2025-01-21 08:00:00','2025-01-21 17:00:00','2025-01-21 08:10:00','2025-01-21 16:50:00',833.000,17.000,'완료',1,'SF-CEL-001-20250121-001',NULL,NULL,NULL,NULL,'SYSTEM','2026-03-31 01:28:35',NULL,NULL),(18,'P001','WO202501210004',1,'2025-01-21','SF-AEL-001',750.000,'WC004','EQ007','W005','2025-01-21 08:00:00','2025-01-21 16:00:00','2025-01-21 08:05:00','2025-01-21 15:55:00',735.000,15.000,'완료',1,'SF-AEL-001-20250121-001',NULL,NULL,NULL,NULL,'SYSTEM','2026-03-31 01:28:35',NULL,NULL),(19,'P001','WO202501210005',1,'2025-01-21','SF-CES-001',3000.000,'WC006','EQ011','W006','2025-01-21 08:00:00','2025-01-21 14:00:00','2025-01-21 08:05:00','2025-01-21 13:55:00',2940.000,60.000,'완료',1,'SF-CES-001-20250121-001',NULL,NULL,NULL,NULL,'SYSTEM','2026-03-31 01:28:35',NULL,NULL),(20,'P001','WO202501210006',1,'2025-01-21','SF-AES-001',3100.000,'WC006','EQ012','W006','2025-01-21 08:00:00','2025-01-21 14:00:00','2025-01-21 08:10:00','2025-01-21 14:05:00',3038.000,62.000,'완료',1,'SF-AES-001-20250121-001',NULL,NULL,NULL,NULL,'SYSTEM','2026-03-31 01:28:35',NULL,NULL),(21,'P001','WO202501210007',1,'2025-01-21','SF-JEL-001',1800.000,'WC007','EQ014','W008','2025-01-21 08:00:00','2025-01-21 17:00:00','2025-01-21 08:10:00','2025-01-21 16:50:00',1764.000,36.000,'완료',1,'SF-JEL-001-20250121-001',NULL,NULL,NULL,NULL,'SYSTEM','2026-03-31 01:28:35',NULL,NULL),(22,'P001','WO202501210008',1,'2025-01-21','SF-WET-001',1400.000,'WC009','EQ018','W009','2025-01-21 08:00:00','2025-01-21 17:00:00','2025-01-21 08:05:00','2025-01-21 16:55:00',1386.000,14.000,'완료',1,'SF-WET-001-20250121-001',NULL,NULL,NULL,NULL,'SYSTEM','2026-03-31 01:28:35',NULL,NULL),(23,'P001','WO202501210009',1,'2025-01-21','SF-FMC-001',1300.000,'WC011','EQ022','W011','2025-01-21 00:00:00','2025-01-21 23:59:00','2025-01-21 00:10:00','2025-01-21 23:55:00',1274.000,26.000,'완료',1,'SF-FMC-001-20250121-001',NULL,NULL,NULL,NULL,'SYSTEM','2026-03-31 01:28:35',NULL,NULL),(24,'P001','WO202501210010',1,'2025-01-21','FG-CEL-001',1200.000,'WC014','EQ027','W014','2025-01-21 08:00:00','2025-01-21 15:00:00','2025-01-21 08:00:00','2025-01-21 14:50:00',1164.000,36.000,'완료',1,'FG-CEL-001-20250121-001',NULL,NULL,NULL,NULL,'SYSTEM','2026-03-31 01:28:35',NULL,NULL),(25,'P002','WO202501210011',4,'2025-01-21','FG-MOD-001',22.000,'WC016','EQ032','W020','2025-01-21 08:00:00','2025-01-21 17:00:00','2025-01-21 08:05:00','2025-01-21 16:55:00',22.000,0.000,'완료',1,'FG-MOD-001-20250121-001',NULL,NULL,NULL,NULL,'SYSTEM','2026-03-31 01:28:35',NULL,NULL),(26,'P002','WO202501210012',6,'2025-01-21','FG-PCK-001',4.000,'WC018','EQ034','W021','2025-01-21 08:00:00','2025-01-21 17:00:00','2025-01-21 08:15:00','2025-01-21 16:45:00',4.000,0.000,'완료',1,'FG-PCK-001-20250121-001',NULL,NULL,NULL,NULL,'SYSTEM','2026-03-31 01:28:35',NULL,NULL),(27,'P002','WO202501210013',7,'2025-01-21','FG-PCK-002',3.000,'WC018','EQ034','W022','2025-01-21 08:00:00','2025-01-21 17:00:00','2025-01-21 08:20:00','2025-01-21 16:50:00',3.000,0.000,'완료',1,'FG-PCK-002-20250121-001',NULL,NULL,NULL,NULL,'SYSTEM','2026-03-31 01:28:35',NULL,NULL),(28,'P001','WO202501220001',1,'2025-01-22','SF-CSL-001',520.000,'WC001','EQ001','W003','2025-01-22 08:00:00','2025-01-22 12:30:00','2025-01-22 08:05:00','2025-01-22 12:25:00',515.000,5.000,'완료',1,'SF-CSL-001-20250122-001',NULL,NULL,NULL,NULL,'SYSTEM','2026-03-31 01:28:35',NULL,NULL),(29,'P001','WO202501220002',1,'2025-01-22','SF-ASL-001',420.000,'WC003','EQ006','W006','2025-01-22 08:00:00','2025-01-22 11:30:00','2025-01-22 08:10:00','2025-01-22 11:35:00',416.000,4.000,'완료',1,'SF-ASL-001-20250122-001',NULL,NULL,NULL,NULL,'SYSTEM','2026-03-31 01:28:35',NULL,NULL),(30,'P001','WO202501220003',1,'2025-01-22','SF-CEL-001',900.000,'WC002','EQ004','W002','2025-01-22 08:00:00','2025-01-22 17:00:00','2025-01-22 08:10:00',NULL,650.000,13.000,'진행',1,'SF-CEL-001-20250122-001',NULL,NULL,NULL,NULL,'SYSTEM','2026-03-31 01:28:35','SYSTEM','2026-04-02 01:07:23'),(31,'P001','WO202501220004',1,'2025-01-22','SF-AEL-001',800.000,'WC004','EQ008','W005','2025-01-22 08:00:00','2025-01-22 16:00:00','2025-01-22 08:05:00',NULL,580.000,12.000,'진행',1,'SF-AEL-001-20250122-001',NULL,NULL,NULL,NULL,'SYSTEM','2026-03-31 01:28:35','SYSTEM','2026-04-02 01:07:23'),(32,'P001','WO202501220005',1,'2025-01-22','SF-JEL-001',2200.000,'WC007','EQ013','W007','2025-01-22 08:00:00','2025-01-22 17:00:00','2025-01-22 08:05:00',NULL,1500.000,30.000,'진행',1,'SF-JEL-001-20250122-001',NULL,NULL,NULL,NULL,'SYSTEM','2026-03-31 01:28:35',NULL,NULL),(33,'P001','WO202501220006',1,'2025-01-22','SF-DRC-001',1600.000,'WC008','EQ015','W008','2025-01-22 08:00:00','2025-01-22 17:00:00','2025-01-22 08:10:00',NULL,1100.000,11.000,'진행',1,'SF-DRC-001-20250122-001',NULL,NULL,NULL,NULL,'SYSTEM','2026-03-31 01:28:35',NULL,NULL),(34,'P001','WO202501220007',1,'2025-01-22','SF-WET-001',1500.000,'WC009','EQ017','W009','2025-01-22 13:00:00','2025-01-22 17:00:00','2025-01-22 13:05:00',NULL,800.000,4.000,'진행',1,'SF-WET-001-20250122-001',NULL,NULL,NULL,NULL,'SYSTEM','2026-03-31 01:28:35',NULL,NULL),(35,'P001','WO202501220008',1,'2025-01-22','SF-FMC-001',1400.000,'WC011','EQ021','W011','2025-01-22 00:00:00','2025-01-22 23:59:00','2025-01-22 00:05:00',NULL,900.000,18.000,'진행',1,'SF-FMC-001-20250122-001',NULL,NULL,NULL,NULL,'SYSTEM','2026-03-31 01:28:35',NULL,NULL),(36,'P001','WO202501220009',1,'2025-01-22','FG-CEL-001',1000.000,'WC014','EQ027','W013','2025-01-22 14:00:00','2025-01-22 17:30:00',NULL,NULL,0.000,0.000,'대기',1,NULL,NULL,NULL,NULL,NULL,'SYSTEM','2026-03-31 01:28:35',NULL,NULL),(37,'P002','WO202501220010',4,'2025-01-22','FG-MOD-001',25.000,'WC016','EQ031','W019','2025-01-22 08:00:00','2025-01-22 17:00:00','2025-01-22 08:10:00',NULL,18.000,0.000,'진행',1,'FG-MOD-001-20250122-001',NULL,NULL,NULL,NULL,'SYSTEM','2026-03-31 01:28:35',NULL,NULL),(38,'P002','WO202501220011',6,'2025-01-22','FG-PCK-001',4.000,'WC018','EQ034','W021','2025-01-22 08:00:00','2025-01-22 17:00:00','2025-01-22 08:15:00',NULL,2.000,0.000,'진행',1,'FG-PCK-001-20250122-001',NULL,NULL,NULL,NULL,'SYSTEM','2026-03-31 01:28:35',NULL,NULL),(39,'P002','WO202501220012',6,'2025-01-22','FG-PCK-001',3.000,'WC019','EQ035','W023','2025-01-22 14:00:00','2025-01-22 18:00:00',NULL,NULL,0.000,0.000,'대기',1,NULL,NULL,NULL,NULL,NULL,'SYSTEM','2026-03-31 01:28:35',NULL,NULL);
/*!40000 ALTER TABLE `PLN_WORK_ORDER` ENABLE KEYS */;
UNLOCK TABLES;

--
-- Table structure for table `PLN_WO_MATERIAL`
--

DROP TABLE IF EXISTS `PLN_WO_MATERIAL`;
/*!40101 SET @saved_cs_client     = @@character_set_client */;
/*!50503 SET character_set_client = utf8mb4 */;
CREATE TABLE `PLN_WO_MATERIAL` (
  `WO_MTL_ID` bigint NOT NULL AUTO_INCREMENT COMMENT '자재ID',
  `WO_ID` bigint NOT NULL COMMENT '작업지시ID',
  `ITEM_CD` varchar(50) COLLATE utf8mb4_general_ci NOT NULL COMMENT '품목코드',
  `PLAN_QTY` decimal(15,5) NOT NULL COMMENT '계획수량',
  `ISSUE_QTY` decimal(15,5) DEFAULT '0.00000' COMMENT '출고수량',
  `RETURN_QTY` decimal(15,5) DEFAULT '0.00000' COMMENT '반납수량',
  `LOSS_RATE` decimal(5,2) DEFAULT '0.00' COMMENT '손실율(%)',
  `WAREHOUSE_CD` varchar(20) COLLATE utf8mb4_general_ci DEFAULT NULL COMMENT '창고코드',
  `LOT_NO` varchar(50) COLLATE utf8mb4_general_ci DEFAULT NULL COMMENT 'LOT번호',
  `MTL_RMK` varchar(500) COLLATE utf8mb4_general_ci DEFAULT NULL COMMENT '비고',
  `REG_USER_ID` varchar(50) COLLATE utf8mb4_general_ci NOT NULL COMMENT '등록자ID',
  `REG_DTM` datetime NOT NULL DEFAULT CURRENT_TIMESTAMP COMMENT '등록일시',
  `UPD_USER_ID` varchar(50) COLLATE utf8mb4_general_ci DEFAULT NULL COMMENT '수정자ID',
  `UPD_DTM` datetime DEFAULT NULL ON UPDATE CURRENT_TIMESTAMP COMMENT '수정일시',
  PRIMARY KEY (`WO_MTL_ID`),
  KEY `FK_PLN_WO_MTL_WO` (`WO_ID`),
  KEY `FK_PLN_WO_MTL_ITEM` (`ITEM_CD`),
  CONSTRAINT `FK_PLN_WO_MTL_ITEM` FOREIGN KEY (`ITEM_CD`) REFERENCES `MST_ITEM` (`ITEM_CD`),
  CONSTRAINT `FK_PLN_WO_MTL_WO` FOREIGN KEY (`WO_ID`) REFERENCES `PLN_WORK_ORDER` (`WO_ID`)
) ENGINE=InnoDB DEFAULT CHARSET=utf8mb4 COLLATE=utf8mb4_general_ci COMMENT='작업지시자재';
/*!40101 SET character_set_client = @saved_cs_client */;

--
-- Dumping data for table `PLN_WO_MATERIAL`
--

LOCK TABLES `PLN_WO_MATERIAL` WRITE;
/*!40000 ALTER TABLE `PLN_WO_MATERIAL` DISABLE KEYS */;
/*!40000 ALTER TABLE `PLN_WO_MATERIAL` ENABLE KEYS */;
UNLOCK TABLES;

--
-- Table structure for table `PRD_DEFECT_HIS`
--

DROP TABLE IF EXISTS `PRD_DEFECT_HIS`;
/*!40101 SET @saved_cs_client     = @@character_set_client */;
/*!50503 SET character_set_client = utf8mb4 */;
CREATE TABLE `PRD_DEFECT_HIS` (
  `DEFECT_ID` bigint NOT NULL AUTO_INCREMENT COMMENT '불량ID',
  `PLANT_CD` varchar(20) COLLATE utf8mb4_general_ci NOT NULL COMMENT '공장코드',
  `RESULT_ID` bigint NOT NULL COMMENT '작업실적ID',
  `PROC_RESULT_ID` bigint DEFAULT NULL COMMENT '공정실적ID',
  `DEFECT_DT` date NOT NULL COMMENT '불량발생일',
  `DEFECT_TYPE` varchar(20) COLLATE utf8mb4_general_ci NOT NULL COMMENT '불량유형',
  `DEFECT_CD` varchar(20) COLLATE utf8mb4_general_ci NOT NULL COMMENT '불량코드',
  `DEFECT_NM` varchar(100) COLLATE utf8mb4_general_ci DEFAULT NULL COMMENT '불량명',
  `DEFECT_QTY` decimal(15,3) NOT NULL COMMENT '불량수량',
  `DEFECT_CAUSE` varchar(500) COLLATE utf8mb4_general_ci DEFAULT NULL COMMENT '불량원인',
  `DEFECT_ACTION` varchar(500) COLLATE utf8mb4_general_ci DEFAULT NULL COMMENT '조치내용',
  `DISPOSITION` varchar(20) COLLATE utf8mb4_general_ci DEFAULT NULL COMMENT '처리방법',
  `DISPOSITION_QTY` decimal(15,3) DEFAULT NULL COMMENT '처리수량',
  `DISPOSITION_DT` date DEFAULT NULL COMMENT '처리일자',
  `ITEM_CD` varchar(50) COLLATE utf8mb4_general_ci NOT NULL COMMENT '품목코드',
  `LOT_NO` varchar(50) COLLATE utf8mb4_general_ci DEFAULT NULL COMMENT 'LOT번호',
  `WORKER_ID` varchar(20) COLLATE utf8mb4_general_ci DEFAULT NULL COMMENT '작업자ID',
  `EQUIPMENT_CD` varchar(20) COLLATE utf8mb4_general_ci DEFAULT NULL COMMENT '설비코드',
  `PROCESS_CD` varchar(20) COLLATE utf8mb4_general_ci DEFAULT NULL COMMENT '공정코드',
  `DEFECT_RMK` varchar(500) COLLATE utf8mb4_general_ci DEFAULT NULL COMMENT '비고',
  `REG_USER_ID` varchar(50) COLLATE utf8mb4_general_ci NOT NULL COMMENT '등록자ID',
  `REG_DTM` datetime NOT NULL DEFAULT CURRENT_TIMESTAMP COMMENT '등록일시',
  `UPD_USER_ID` varchar(50) COLLATE utf8mb4_general_ci DEFAULT NULL COMMENT '수정자ID',
  `UPD_DTM` datetime DEFAULT NULL ON UPDATE CURRENT_TIMESTAMP COMMENT '수정일시',
  PRIMARY KEY (`DEFECT_ID`),
  KEY `FK_PRD_DEFECT_PROC` (`PROC_RESULT_ID`),
  KEY `IDX_PRD_DEFECT_HIS_01` (`RESULT_ID`),
  KEY `IDX_PRD_DEFECT_HIS_02` (`PLANT_CD`,`DEFECT_DT`),
  KEY `IDX_PRD_DEFECT_HIS_03` (`DEFECT_CD`),
  KEY `IDX_PRD_DEFECT_HIS_04` (`ITEM_CD`,`LOT_NO`),
  CONSTRAINT `FK_PRD_DEFECT_ITEM` FOREIGN KEY (`ITEM_CD`) REFERENCES `MST_ITEM` (`ITEM_CD`),
  CONSTRAINT `FK_PRD_DEFECT_PLANT` FOREIGN KEY (`PLANT_CD`) REFERENCES `MST_PLANT` (`PLANT_CD`),
  CONSTRAINT `FK_PRD_DEFECT_PROC` FOREIGN KEY (`PROC_RESULT_ID`) REFERENCES `PRD_PROCESS_RESULT` (`PROC_RESULT_ID`),
  CONSTRAINT `FK_PRD_DEFECT_RESULT` FOREIGN KEY (`RESULT_ID`) REFERENCES `PRD_WORK_RESULT` (`RESULT_ID`)
) ENGINE=InnoDB AUTO_INCREMENT=23 DEFAULT CHARSET=utf8mb4 COLLATE=utf8mb4_general_ci COMMENT='생산불량이력';
/*!40101 SET character_set_client = @saved_cs_client */;

--
-- Dumping data for table `PRD_DEFECT_HIS`
--

LOCK TABLES `PRD_DEFECT_HIS` WRITE;
/*!40000 ALTER TABLE `PRD_DEFECT_HIS` DISABLE KEYS */;
INSERT INTO `PRD_DEFECT_HIS` VALUES (1,'P001',1,NULL,'2025-01-20','공정불량','BD001','슬러리점도불량',3.000,'분산시간 부족으로 NCM811 입자 뭉침',NULL,NULL,NULL,NULL,'SF-CSL-001','SF-CSL-001-20250120-001','W003','EQ001','PR001',NULL,'SYSTEM','2026-03-31 01:28:36',NULL,NULL),(2,'P001',1,NULL,'2025-01-20','공정불량','BD002','이물혼입',2.000,'믹싱 챔버 청소 미흡',NULL,NULL,NULL,NULL,'SF-CSL-001','SF-CSL-001-20250120-001','W003','EQ001','PR001',NULL,'SYSTEM','2026-03-31 01:28:36',NULL,NULL),(3,'P001',3,NULL,'2025-01-20','공정불량','BD003','코팅두께불량',10.000,'슬러리 공급 불균일',NULL,NULL,NULL,NULL,'SF-CEL-001','SF-CEL-001-20250120-001','W002','EQ003','PR002',NULL,'SYSTEM','2026-03-31 01:28:36',NULL,NULL),(4,'P001',3,NULL,'2025-01-20','공정불량','BD004','핀홀',6.000,'코팅 건조 온도 급변',NULL,NULL,NULL,NULL,'SF-CEL-001','SF-CEL-001-20250120-001','W002','EQ003','PR002',NULL,'SYSTEM','2026-03-31 01:28:36',NULL,NULL),(5,'P001',4,NULL,'2025-01-20','공정불량','BD003','코팅두께불량',8.000,'슬러리 점도 변화',NULL,NULL,NULL,NULL,'SF-AEL-001','SF-AEL-001-20250120-001','W005','EQ007','PR004',NULL,'SYSTEM','2026-03-31 01:28:36',NULL,NULL),(6,'P001',4,NULL,'2025-01-20','공정불량','BD005','포일주름',6.000,'텐션 제어 불량',NULL,NULL,NULL,NULL,'SF-AEL-001','SF-AEL-001-20250120-001','W005','EQ007','PR004',NULL,'SYSTEM','2026-03-31 01:28:36',NULL,NULL),(7,'P001',7,NULL,'2025-01-20','공정불량','BD006','스태킹정렬불량',25.000,'전극탭 위치 편차',NULL,NULL,NULL,NULL,'SF-JEL-001','SF-JEL-001-20250120-001','W007','EQ013','PR008',NULL,'SYSTEM','2026-03-31 01:28:36',NULL,NULL),(8,'P001',7,NULL,'2025-01-20','공정불량','BD007','분리막손상',15.000,'전극 버에 의한 분리막 천공',NULL,NULL,NULL,NULL,'SF-JEL-001','SF-JEL-001-20250120-001','W007','EQ013','PR008',NULL,'SYSTEM','2026-03-31 01:28:36',NULL,NULL),(9,'P001',9,NULL,'2025-01-20','공정불량','BD008','전해액주입량불량',4.000,'주입노즐 막힘',NULL,NULL,NULL,NULL,'SF-WET-001','SF-WET-001-20250120-001','W009','EQ017','PR011',NULL,'SYSTEM','2026-03-31 01:28:36',NULL,NULL),(10,'P001',9,NULL,'2025-01-20','공정불량','BD009','밀봉불량',3.000,'히트실링 온도 편차',NULL,NULL,NULL,NULL,'SF-WET-001','SF-WET-001-20250120-001','W009','EQ017','PR012',NULL,'SYSTEM','2026-03-31 01:28:36',NULL,NULL),(11,'P001',10,NULL,'2025-01-20','공정불량','BD010','용량미달',15.000,'Formation 프로파일 이상',NULL,NULL,NULL,NULL,'SF-FMC-001','SF-FMC-001-20250120-001','W011','EQ021','PR013',NULL,'SYSTEM','2026-03-31 01:28:36',NULL,NULL),(12,'P001',10,NULL,'2025-01-20','공정불량','BD011','내부단락',9.000,'Formation 중 미세단락 발생',NULL,NULL,NULL,NULL,'SF-FMC-001','SF-FMC-001-20250120-001','W011','EQ021','PR013',NULL,'SYSTEM','2026-03-31 01:28:36',NULL,NULL),(13,'P001',11,NULL,'2025-01-20','검사불량','BD012','OCV불량',20.000,'셀 전압 규격 이탈',NULL,NULL,NULL,NULL,'FG-CEL-001','FG-CEL-001-20250120-001','W013','EQ027','PR017',NULL,'SYSTEM','2026-03-31 01:28:36',NULL,NULL),(14,'P001',11,NULL,'2025-01-20','검사불량','BD013','IR불량',13.000,'내부저항 상한 초과',NULL,NULL,NULL,NULL,'FG-CEL-001','FG-CEL-001-20250120-001','W013','EQ027','PR017',NULL,'SYSTEM','2026-03-31 01:28:36',NULL,NULL),(15,'P001',15,NULL,'2025-01-21','공정불량','BD001','슬러리점도불량',4.000,'분산 조건 변경 후 부적합',NULL,NULL,NULL,NULL,'SF-CSL-001','SF-CSL-001-20250121-001','W003','EQ001','PR001',NULL,'SYSTEM','2026-03-31 01:28:36',NULL,NULL),(16,'P001',15,NULL,'2025-01-21','공정불량','BD002','이물혼입',2.000,'원자재 이물',NULL,NULL,NULL,NULL,'SF-CSL-001','SF-CSL-001-20250121-001','W003','EQ001','PR001',NULL,'SYSTEM','2026-03-31 01:28:36',NULL,NULL),(17,'P001',17,NULL,'2025-01-21','공정불량','BD003','코팅두께불량',12.000,'다이 간극 변화',NULL,NULL,NULL,NULL,'SF-CEL-001','SF-CEL-001-20250121-001','W002','EQ003','PR002',NULL,'SYSTEM','2026-03-31 01:28:36',NULL,NULL),(18,'P001',19,NULL,'2025-01-21','공정불량','BD014','슬리팅치수불량',35.000,'칼날 마모',NULL,NULL,NULL,NULL,'SF-CES-001','SF-CES-001-20250121-001','W006','EQ011','PR006',NULL,'SYSTEM','2026-03-31 01:28:36',NULL,NULL),(19,'P001',19,NULL,'2025-01-21','공정불량','BD015','노칭불량',25.000,'노칭기 펀치 마모',NULL,NULL,NULL,NULL,'SF-CES-001','SF-CES-001-20250121-001','W006','EQ011','PR007',NULL,'SYSTEM','2026-03-31 01:28:36',NULL,NULL),(20,'P001',23,NULL,'2025-01-21','공정불량','BD010','용량미달',16.000,'Formation 전류 설정 오류',NULL,NULL,NULL,NULL,'SF-FMC-001','SF-FMC-001-20250121-001','W011','EQ022','PR013',NULL,'SYSTEM','2026-03-31 01:28:36',NULL,NULL),(21,'P001',24,NULL,'2025-01-21','검사불량','BD012','OCV불량',22.000,'에이징 후 전압 드롭',NULL,NULL,NULL,NULL,'FG-CEL-001','FG-CEL-001-20250121-001','W014','EQ027','PR017',NULL,'SYSTEM','2026-03-31 01:28:36',NULL,NULL),(22,'P001',24,NULL,'2025-01-21','검사불량','BD013','IR불량',14.000,'IR 측정 상한 초과',NULL,NULL,NULL,NULL,'FG-CEL-001','FG-CEL-001-20250121-001','W014','EQ027','PR017',NULL,'SYSTEM','2026-03-31 01:28:36',NULL,NULL);
/*!40000 ALTER TABLE `PRD_DEFECT_HIS` ENABLE KEYS */;
UNLOCK TABLES;

--
-- Table structure for table `PRD_MATERIAL_ISSUE`
--

DROP TABLE IF EXISTS `PRD_MATERIAL_ISSUE`;
/*!40101 SET @saved_cs_client     = @@character_set_client */;
/*!50503 SET character_set_client = utf8mb4 */;
CREATE TABLE `PRD_MATERIAL_ISSUE` (
  `ISSUE_ID` bigint NOT NULL AUTO_INCREMENT COMMENT '투입ID',
  `PLANT_CD` varchar(20) COLLATE utf8mb4_general_ci NOT NULL COMMENT '공장코드',
  `RESULT_ID` bigint NOT NULL COMMENT '작업실적ID',
  `WO_ID` bigint NOT NULL COMMENT '작업지시ID',
  `ISSUE_DT` date NOT NULL COMMENT '투입일자',
  `ITEM_CD` varchar(50) COLLATE utf8mb4_general_ci NOT NULL COMMENT '품목코드',
  `LOT_NO` varchar(50) COLLATE utf8mb4_general_ci DEFAULT NULL COMMENT 'LOT번호',
  `ISSUE_QTY` decimal(15,5) NOT NULL COMMENT '투입수량',
  `UNIT` varchar(20) COLLATE utf8mb4_general_ci NOT NULL COMMENT '단위',
  `WAREHOUSE_CD` varchar(20) COLLATE utf8mb4_general_ci DEFAULT NULL COMMENT '창고코드',
  `LOCATION_CD` varchar(50) COLLATE utf8mb4_general_ci DEFAULT NULL COMMENT '로케이션',
  `ISSUE_TYPE` varchar(20) COLLATE utf8mb4_general_ci NOT NULL DEFAULT '정규투입' COMMENT '투입유형',
  `ISSUE_RMK` varchar(500) COLLATE utf8mb4_general_ci DEFAULT NULL COMMENT '비고',
  `REG_USER_ID` varchar(50) COLLATE utf8mb4_general_ci NOT NULL COMMENT '등록자ID',
  `REG_DTM` datetime NOT NULL DEFAULT CURRENT_TIMESTAMP COMMENT '등록일시',
  `UPD_USER_ID` varchar(50) COLLATE utf8mb4_general_ci DEFAULT NULL COMMENT '수정자ID',
  `UPD_DTM` datetime DEFAULT NULL ON UPDATE CURRENT_TIMESTAMP COMMENT '수정일시',
  PRIMARY KEY (`ISSUE_ID`),
  KEY `FK_PRD_ISSUE_PLANT` (`PLANT_CD`),
  KEY `IDX_PRD_MTL_ISSUE_01` (`RESULT_ID`),
  KEY `IDX_PRD_MTL_ISSUE_02` (`WO_ID`),
  KEY `IDX_PRD_MTL_ISSUE_03` (`ITEM_CD`,`LOT_NO`),
  CONSTRAINT `FK_PRD_ISSUE_ITEM` FOREIGN KEY (`ITEM_CD`) REFERENCES `MST_ITEM` (`ITEM_CD`),
  CONSTRAINT `FK_PRD_ISSUE_PLANT` FOREIGN KEY (`PLANT_CD`) REFERENCES `MST_PLANT` (`PLANT_CD`),
  CONSTRAINT `FK_PRD_ISSUE_RESULT` FOREIGN KEY (`RESULT_ID`) REFERENCES `PRD_WORK_RESULT` (`RESULT_ID`),
  CONSTRAINT `FK_PRD_ISSUE_WO` FOREIGN KEY (`WO_ID`) REFERENCES `PLN_WORK_ORDER` (`WO_ID`)
) ENGINE=InnoDB DEFAULT CHARSET=utf8mb4 COLLATE=utf8mb4_general_ci COMMENT='자재투입이력';
/*!40101 SET character_set_client = @saved_cs_client */;

--
-- Dumping data for table `PRD_MATERIAL_ISSUE`
--

LOCK TABLES `PRD_MATERIAL_ISSUE` WRITE;
/*!40000 ALTER TABLE `PRD_MATERIAL_ISSUE` DISABLE KEYS */;
/*!40000 ALTER TABLE `PRD_MATERIAL_ISSUE` ENABLE KEYS */;
UNLOCK TABLES;

--
-- Table structure for table `PRD_PROCESS_RESULT`
--

DROP TABLE IF EXISTS `PRD_PROCESS_RESULT`;
/*!40101 SET @saved_cs_client     = @@character_set_client */;
/*!50503 SET character_set_client = utf8mb4 */;
CREATE TABLE `PRD_PROCESS_RESULT` (
  `PROC_RESULT_ID` bigint NOT NULL AUTO_INCREMENT COMMENT '공정실적ID',
  `RESULT_ID` bigint NOT NULL COMMENT '작업실적ID',
  `ROUTING_ID` bigint NOT NULL COMMENT '라우팅ID',
  `PROCESS_SEQ` int NOT NULL COMMENT '공정순서',
  `PROCESS_CD` varchar(20) COLLATE utf8mb4_general_ci NOT NULL COMMENT '공정코드',
  `PROCESS_NM` varchar(100) COLLATE utf8mb4_general_ci NOT NULL COMMENT '공정명',
  `START_DTM` datetime NOT NULL COMMENT '시작일시',
  `END_DTM` datetime DEFAULT NULL COMMENT '종료일시',
  `INPUT_QTY` decimal(15,3) NOT NULL COMMENT '투입수량',
  `OUTPUT_QTY` decimal(15,3) DEFAULT NULL COMMENT '산출수량',
  `GOOD_QTY` decimal(15,3) DEFAULT NULL COMMENT '양품수량',
  `DEFECT_QTY` decimal(15,3) DEFAULT '0.000' COMMENT '불량수량',
  `WORKER_ID` varchar(20) COLLATE utf8mb4_general_ci DEFAULT NULL COMMENT '작업자ID',
  `EQUIPMENT_CD` varchar(20) COLLATE utf8mb4_general_ci DEFAULT NULL COMMENT '설비코드',
  `WORK_TIME` decimal(10,2) DEFAULT NULL COMMENT '작업시간(분)',
  `PROCESS_STATUS` varchar(20) COLLATE utf8mb4_general_ci NOT NULL DEFAULT '대기' COMMENT '공정상태',
  `LOT_NO` varchar(50) COLLATE utf8mb4_general_ci DEFAULT NULL COMMENT 'LOT번호',
  `PROC_RMK` varchar(500) COLLATE utf8mb4_general_ci DEFAULT NULL COMMENT '비고',
  `REG_USER_ID` varchar(50) COLLATE utf8mb4_general_ci NOT NULL COMMENT '등록자ID',
  `REG_DTM` datetime NOT NULL DEFAULT CURRENT_TIMESTAMP COMMENT '등록일시',
  `UPD_USER_ID` varchar(50) COLLATE utf8mb4_general_ci DEFAULT NULL COMMENT '수정자ID',
  `UPD_DTM` datetime DEFAULT NULL ON UPDATE CURRENT_TIMESTAMP COMMENT '수정일시',
  PRIMARY KEY (`PROC_RESULT_ID`),
  KEY `FK_PRD_PROC_WORKER` (`WORKER_ID`),
  KEY `FK_PRD_PROC_EQP` (`EQUIPMENT_CD`),
  KEY `IDX_PRD_PROCESS_RESULT_01` (`RESULT_ID`),
  KEY `IDX_PRD_PROCESS_RESULT_02` (`ROUTING_ID`),
  CONSTRAINT `FK_PRD_PROC_EQP` FOREIGN KEY (`EQUIPMENT_CD`) REFERENCES `MST_EQUIPMENT` (`EQUIPMENT_CD`),
  CONSTRAINT `FK_PRD_PROC_RESULT` FOREIGN KEY (`RESULT_ID`) REFERENCES `PRD_WORK_RESULT` (`RESULT_ID`),
  CONSTRAINT `FK_PRD_PROC_ROUTING` FOREIGN KEY (`ROUTING_ID`) REFERENCES `MST_ROUTING` (`ROUTING_ID`),
  CONSTRAINT `FK_PRD_PROC_WORKER` FOREIGN KEY (`WORKER_ID`) REFERENCES `MST_WORKER` (`WORKER_ID`)
) ENGINE=InnoDB DEFAULT CHARSET=utf8mb4 COLLATE=utf8mb4_general_ci COMMENT='공정실적';
/*!40101 SET character_set_client = @saved_cs_client */;

--
-- Dumping data for table `PRD_PROCESS_RESULT`
--

LOCK TABLES `PRD_PROCESS_RESULT` WRITE;
/*!40000 ALTER TABLE `PRD_PROCESS_RESULT` DISABLE KEYS */;
/*!40000 ALTER TABLE `PRD_PROCESS_RESULT` ENABLE KEYS */;
UNLOCK TABLES;

--
-- Table structure for table `PRD_WORK_RESULT`
--

DROP TABLE IF EXISTS `PRD_WORK_RESULT`;
/*!40101 SET @saved_cs_client     = @@character_set_client */;
/*!50503 SET character_set_client = utf8mb4 */;
CREATE TABLE `PRD_WORK_RESULT` (
  `RESULT_ID` bigint NOT NULL AUTO_INCREMENT COMMENT '실적ID',
  `PLANT_CD` varchar(20) COLLATE utf8mb4_general_ci NOT NULL COMMENT '공장코드',
  `RESULT_NO` varchar(30) COLLATE utf8mb4_general_ci NOT NULL COMMENT '실적번호',
  `WO_ID` bigint NOT NULL COMMENT '작업지시ID',
  `RESULT_DT` date NOT NULL COMMENT '실적일자',
  `SHIFT` varchar(10) COLLATE utf8mb4_general_ci NOT NULL COMMENT '근무조',
  `WORKER_ID` varchar(20) COLLATE utf8mb4_general_ci NOT NULL COMMENT '작업자ID',
  `WORKCENTER_CD` varchar(20) COLLATE utf8mb4_general_ci NOT NULL COMMENT '작업장코드',
  `EQUIPMENT_CD` varchar(20) COLLATE utf8mb4_general_ci DEFAULT NULL COMMENT '설비코드',
  `ITEM_CD` varchar(50) COLLATE utf8mb4_general_ci NOT NULL COMMENT '품목코드',
  `PROD_QTY` decimal(15,3) NOT NULL COMMENT '생산수량',
  `GOOD_QTY` decimal(15,3) NOT NULL COMMENT '양품수량',
  `DEFECT_QTY` decimal(15,3) DEFAULT '0.000' COMMENT '불량수량',
  `START_DTM` datetime NOT NULL COMMENT '시작일시',
  `END_DTM` datetime DEFAULT NULL COMMENT '종료일시',
  `WORK_TIME` decimal(10,2) DEFAULT NULL COMMENT '작업시간(분)',
  `SETUP_TIME` decimal(10,2) DEFAULT '0.00' COMMENT '준비시간(분)',
  `DOWN_TIME` decimal(10,2) DEFAULT '0.00' COMMENT '비가동시간(분)',
  `LOT_NO` varchar(50) COLLATE utf8mb4_general_ci DEFAULT NULL COMMENT 'LOT번호',
  `RESULT_STATUS` varchar(20) COLLATE utf8mb4_general_ci NOT NULL DEFAULT '진행' COMMENT '실적상태',
  `RESULT_RMK` varchar(500) COLLATE utf8mb4_general_ci DEFAULT NULL COMMENT '비고',
  `REG_USER_ID` varchar(50) COLLATE utf8mb4_general_ci NOT NULL COMMENT '등록자ID',
  `REG_DTM` datetime NOT NULL DEFAULT CURRENT_TIMESTAMP COMMENT '등록일시',
  `UPD_USER_ID` varchar(50) COLLATE utf8mb4_general_ci DEFAULT NULL COMMENT '수정자ID',
  `UPD_DTM` datetime DEFAULT NULL ON UPDATE CURRENT_TIMESTAMP COMMENT '수정일시',
  PRIMARY KEY (`RESULT_ID`),
  UNIQUE KEY `UK_PRD_WORK_RESULT` (`RESULT_NO`),
  KEY `FK_PRD_RESULT_WORKER` (`WORKER_ID`),
  KEY `FK_PRD_RESULT_EQP` (`EQUIPMENT_CD`),
  KEY `IDX_PRD_WORK_RESULT_01` (`WO_ID`),
  KEY `IDX_PRD_WORK_RESULT_02` (`PLANT_CD`,`RESULT_DT`),
  KEY `IDX_PRD_WORK_RESULT_03` (`ITEM_CD`),
  KEY `IDX_PRD_WORK_RESULT_04` (`LOT_NO`),
  KEY `IDX_PRD_WORK_RESULT_05` (`WORKCENTER_CD`),
  CONSTRAINT `FK_PRD_RESULT_EQP` FOREIGN KEY (`EQUIPMENT_CD`) REFERENCES `MST_EQUIPMENT` (`EQUIPMENT_CD`),
  CONSTRAINT `FK_PRD_RESULT_ITEM` FOREIGN KEY (`ITEM_CD`) REFERENCES `MST_ITEM` (`ITEM_CD`),
  CONSTRAINT `FK_PRD_RESULT_PLANT` FOREIGN KEY (`PLANT_CD`) REFERENCES `MST_PLANT` (`PLANT_CD`),
  CONSTRAINT `FK_PRD_RESULT_WC` FOREIGN KEY (`WORKCENTER_CD`) REFERENCES `MST_WORKCENTER` (`WORKCENTER_CD`),
  CONSTRAINT `FK_PRD_RESULT_WO` FOREIGN KEY (`WO_ID`) REFERENCES `PLN_WORK_ORDER` (`WO_ID`),
  CONSTRAINT `FK_PRD_RESULT_WORKER` FOREIGN KEY (`WORKER_ID`) REFERENCES `MST_WORKER` (`WORKER_ID`)
) ENGINE=InnoDB AUTO_INCREMENT=38 DEFAULT CHARSET=utf8mb4 COLLATE=utf8mb4_general_ci COMMENT='작업실적';
/*!40101 SET character_set_client = @saved_cs_client */;

--
-- Dumping data for table `PRD_WORK_RESULT`
--

LOCK TABLES `PRD_WORK_RESULT` WRITE;
/*!40000 ALTER TABLE `PRD_WORK_RESULT` DISABLE KEYS */;
INSERT INTO `PRD_WORK_RESULT` VALUES (1,'P001','PR202501200001',1,'2025-01-20','주간','W003','WC001','EQ001','SF-CSL-001',500.000,495.000,5.000,'2025-01-20 08:05:00','2025-01-20 11:50:00',225.00,30.00,10.00,'SF-CSL-001-20250120-001','완료',NULL,'SYSTEM','2026-03-31 01:28:36',NULL,NULL),(2,'P001','PR202501200002',2,'2025-01-20','주간','W006','WC003','EQ005','SF-ASL-001',400.000,396.000,4.000,'2025-01-20 08:10:00','2025-01-20 11:25:00',195.00,25.00,5.00,'SF-ASL-001-20250120-001','완료',NULL,'SYSTEM','2026-03-31 01:28:36',NULL,NULL),(3,'P001','PR202501200003',3,'2025-01-20','주간','W002','WC002','EQ003','SF-CEL-001',800.000,784.000,16.000,'2025-01-20 08:15:00','2025-01-20 15:50:00',455.00,45.00,20.00,'SF-CEL-001-20250120-001','완료',NULL,'SYSTEM','2026-03-31 01:28:36',NULL,NULL),(4,'P001','PR202501200004',4,'2025-01-20','주간','W005','WC004','EQ007','SF-AEL-001',700.000,686.000,14.000,'2025-01-20 08:10:00','2025-01-20 14:55:00',405.00,40.00,15.00,'SF-AEL-001-20250120-001','완료',NULL,'SYSTEM','2026-03-31 01:28:36',NULL,NULL),(5,'P001','PR202501200005',5,'2025-01-20','주간','W005','WC005','EQ009','SF-CER-001',750.000,743.000,7.000,'2025-01-20 13:05:00','2025-01-20 16:50:00',225.00,20.00,5.00,'SF-CER-001-20250120-001','완료',NULL,'SYSTEM','2026-03-31 01:28:36',NULL,NULL),(6,'P001','PR202501200006',6,'2025-01-20','주간','W005','WC005','EQ010','SF-AER-001',650.000,644.000,6.000,'2025-01-20 08:10:00','2025-01-20 11:55:00',225.00,20.00,5.00,'SF-AER-001-20250120-001','완료',NULL,'SYSTEM','2026-03-31 01:28:36',NULL,NULL),(7,'P001','PR202501200007',7,'2025-01-20','주간','W007','WC007','EQ013','SF-JEL-001',2000.000,1960.000,40.000,'2025-01-20 08:05:00','2025-01-20 16:55:00',530.00,10.00,15.00,'SF-JEL-001-20250120-001','완료',NULL,'SYSTEM','2026-03-31 01:28:36',NULL,NULL),(8,'P001','PR202501200008',8,'2025-01-20','주간','W008','WC008','EQ015','SF-DRC-001',1800.000,1782.000,18.000,'2025-01-20 08:10:00','2025-01-20 16:50:00',520.00,5.00,10.00,'SF-DRC-001-20250120-001','완료',NULL,'SYSTEM','2026-03-31 01:28:36',NULL,NULL),(9,'P001','PR202501200009',9,'2025-01-20','주간','W009','WC009','EQ017','SF-WET-001',1500.000,1493.000,7.000,'2025-01-20 08:15:00','2025-01-20 16:45:00',510.00,10.00,5.00,'SF-WET-001-20250120-001','완료',NULL,'SYSTEM','2026-03-31 01:28:36',NULL,NULL),(10,'P001','PR202501200010',10,'2025-01-20','주야','W011','WC011','EQ021','SF-FMC-001',1200.000,1176.000,24.000,'2025-01-20 00:05:00','2025-01-20 23:50:00',1425.00,30.00,10.00,'SF-FMC-001-20250120-001','완료',NULL,'SYSTEM','2026-03-31 01:28:36',NULL,NULL),(11,'P001','PR202501200011',11,'2025-01-20','주간','W013','WC014','EQ027','FG-CEL-001',1100.000,1067.000,33.000,'2025-01-20 08:05:00','2025-01-20 13:50:00',345.00,5.00,0.00,'FG-CEL-001-20250120-001','완료',NULL,'SYSTEM','2026-03-31 01:28:36',NULL,NULL),(12,'P002','PR202501200012',12,'2025-01-20','주간','W019','WC016','EQ031','FG-MOD-001',20.000,20.000,0.000,'2025-01-20 08:10:00','2025-01-20 16:50:00',520.00,20.00,10.00,'FG-MOD-001-20250120-001','완료',NULL,'SYSTEM','2026-03-31 01:28:36',NULL,NULL),(13,'P002','PR202501200013',13,'2025-01-20','주간','W021','WC018','EQ034','FG-PCK-001',3.000,3.000,0.000,'2025-01-20 08:20:00','2025-01-20 16:40:00',500.00,30.00,20.00,'FG-PCK-001-20250120-001','완료',NULL,'SYSTEM','2026-03-31 01:28:36',NULL,NULL),(14,'P002','PR202501200014',14,'2025-01-20','주간','W023','WC019','EQ035','FG-PCK-001',3.000,3.000,0.000,'2025-01-20 13:10:00','2025-01-20 16:55:00',225.00,15.00,0.00,'FG-PCK-001-20250120-001','완료',NULL,'SYSTEM','2026-03-31 01:28:36',NULL,NULL),(15,'P001','PR202501210001',15,'2025-01-21','주간','W003','WC001','EQ001','SF-CSL-001',550.000,544.000,6.000,'2025-01-21 08:00:00','2025-01-21 12:50:00',290.00,30.00,10.00,'SF-CSL-001-20250121-001','완료',NULL,'SYSTEM','2026-03-31 01:28:36',NULL,NULL),(16,'P001','PR202501210002',16,'2025-01-21','주간','W003','WC001','EQ002','SF-CSL-002',300.000,297.000,3.000,'2025-01-21 13:35:00','2025-01-21 16:55:00',200.00,25.00,5.00,'SF-CSL-002-20250121-001','완료',NULL,'SYSTEM','2026-03-31 01:28:36',NULL,NULL),(17,'P001','PR202501210003',17,'2025-01-21','주간','W002','WC002','EQ003','SF-CEL-001',850.000,833.000,17.000,'2025-01-21 08:10:00','2025-01-21 16:50:00',520.00,45.00,15.00,'SF-CEL-001-20250121-001','완료',NULL,'SYSTEM','2026-03-31 01:28:36',NULL,NULL),(18,'P001','PR202501210004',18,'2025-01-21','주간','W005','WC004','EQ007','SF-AEL-001',750.000,735.000,15.000,'2025-01-21 08:05:00','2025-01-21 15:55:00',470.00,40.00,20.00,'SF-AEL-001-20250121-001','완료',NULL,'SYSTEM','2026-03-31 01:28:36',NULL,NULL),(19,'P001','PR202501210005',19,'2025-01-21','주간','W006','WC006','EQ011','SF-CES-001',3000.000,2940.000,60.000,'2025-01-21 08:05:00','2025-01-21 13:55:00',350.00,15.00,10.00,'SF-CES-001-20250121-001','완료',NULL,'SYSTEM','2026-03-31 01:28:36',NULL,NULL),(20,'P001','PR202501210006',20,'2025-01-21','주간','W006','WC006','EQ012','SF-AES-001',3100.000,3038.000,62.000,'2025-01-21 08:10:00','2025-01-21 14:05:00',355.00,10.00,5.00,'SF-AES-001-20250121-001','완료',NULL,'SYSTEM','2026-03-31 01:28:36',NULL,NULL),(21,'P001','PR202501210007',21,'2025-01-21','주간','W008','WC007','EQ014','SF-JEL-001',1800.000,1764.000,36.000,'2025-01-21 08:10:00','2025-01-21 16:50:00',520.00,10.00,10.00,'SF-JEL-001-20250121-001','완료',NULL,'SYSTEM','2026-03-31 01:28:36',NULL,NULL),(22,'P001','PR202501210008',22,'2025-01-21','주간','W009','WC009','EQ018','SF-WET-001',1400.000,1386.000,14.000,'2025-01-21 08:05:00','2025-01-21 16:55:00',530.00,10.00,10.00,'SF-WET-001-20250121-001','완료',NULL,'SYSTEM','2026-03-31 01:28:36',NULL,NULL),(23,'P001','PR202501210009',23,'2025-01-21','주야','W011','WC011','EQ022','SF-FMC-001',1300.000,1274.000,26.000,'2025-01-21 00:10:00','2025-01-21 23:55:00',1425.00,30.00,10.00,'SF-FMC-001-20250121-001','완료',NULL,'SYSTEM','2026-03-31 01:28:36',NULL,NULL),(24,'P001','PR202501210010',24,'2025-01-21','주간','W014','WC014','EQ027','FG-CEL-001',1200.000,1164.000,36.000,'2025-01-21 08:00:00','2025-01-21 14:50:00',410.00,5.00,5.00,'FG-CEL-001-20250121-001','완료',NULL,'SYSTEM','2026-03-31 01:28:36',NULL,NULL),(25,'P002','PR202501210011',25,'2025-01-21','주간','W020','WC016','EQ032','FG-MOD-001',22.000,22.000,0.000,'2025-01-21 08:05:00','2025-01-21 16:55:00',530.00,20.00,10.00,'FG-MOD-001-20250121-001','완료',NULL,'SYSTEM','2026-03-31 01:28:36',NULL,NULL),(26,'P002','PR202501210012',26,'2025-01-21','주간','W021','WC018','EQ034','FG-PCK-001',4.000,4.000,0.000,'2025-01-21 08:15:00','2025-01-21 16:45:00',510.00,30.00,10.00,'FG-PCK-001-20250121-001','완료',NULL,'SYSTEM','2026-03-31 01:28:36',NULL,NULL),(27,'P002','PR202501210013',27,'2025-01-21','주간','W022','WC018','EQ034','FG-PCK-002',3.000,3.000,0.000,'2025-01-21 08:20:00','2025-01-21 16:50:00',510.00,30.00,10.00,'FG-PCK-002-20250121-001','완료',NULL,'SYSTEM','2026-03-31 01:28:36',NULL,NULL),(28,'P001','PR202501220001',28,'2025-01-22','주간','W003','WC001','EQ001','SF-CSL-001',520.000,515.000,5.000,'2025-01-22 08:05:00','2025-01-22 12:25:00',260.00,30.00,5.00,'SF-CSL-001-20250122-001','완료',NULL,'SYSTEM','2026-03-31 01:28:36',NULL,NULL),(29,'P001','PR202501220002',29,'2025-01-22','주간','W006','WC003','EQ006','SF-ASL-001',420.000,416.000,4.000,'2025-01-22 08:10:00','2025-01-22 11:35:00',205.00,25.00,5.00,'SF-ASL-001-20250122-001','완료',NULL,'SYSTEM','2026-03-31 01:28:36',NULL,NULL),(30,'P001','PR202501220003',30,'2025-01-22','주간','W002','WC002','EQ004','SF-CEL-001',663.000,650.000,13.000,'2025-01-22 08:10:00',NULL,300.00,45.00,10.00,'SF-CEL-001-20250122-001','진행',NULL,'SYSTEM','2026-03-31 01:28:36',NULL,NULL),(31,'P001','PR202501220004',31,'2025-01-22','주간','W005','WC004','EQ008','SF-AEL-001',592.000,580.000,12.000,'2025-01-22 08:05:00',NULL,280.00,40.00,10.00,'SF-AEL-001-20250122-001','진행',NULL,'SYSTEM','2026-03-31 01:28:36',NULL,NULL),(32,'P001','PR202501220005',32,'2025-01-22','주간','W007','WC007','EQ013','SF-JEL-001',1530.000,1500.000,30.000,'2025-01-22 08:05:00',NULL,320.00,10.00,5.00,'SF-JEL-001-20250122-001','진행',NULL,'SYSTEM','2026-03-31 01:28:36',NULL,NULL),(33,'P001','PR202501220006',33,'2025-01-22','주간','W008','WC008','EQ015','SF-DRC-001',1111.000,1100.000,11.000,'2025-01-22 08:10:00',NULL,250.00,5.00,5.00,'SF-DRC-001-20250122-001','진행',NULL,'SYSTEM','2026-03-31 01:28:36',NULL,NULL),(34,'P001','PR202501220007',34,'2025-01-22','주간','W009','WC009','EQ017','SF-WET-001',804.000,800.000,4.000,'2025-01-22 13:05:00',NULL,180.00,10.00,0.00,'SF-WET-001-20250122-001','진행',NULL,'SYSTEM','2026-03-31 01:28:36',NULL,NULL),(35,'P001','PR202501220008',35,'2025-01-22','주야','W011','WC011','EQ021','SF-FMC-001',918.000,900.000,18.000,'2025-01-22 00:05:00',NULL,800.00,30.00,0.00,'SF-FMC-001-20250122-001','진행',NULL,'SYSTEM','2026-03-31 01:28:36',NULL,NULL),(36,'P002','PR202501220009',37,'2025-01-22','주간','W019','WC016','EQ031','FG-MOD-001',18.000,18.000,0.000,'2025-01-22 08:10:00',NULL,300.00,20.00,5.00,'FG-MOD-001-20250122-001','진행',NULL,'SYSTEM','2026-03-31 01:28:36',NULL,NULL),(37,'P002','PR202501220010',38,'2025-01-22','주간','W021','WC018','EQ034','FG-PCK-001',2.000,2.000,0.000,'2025-01-22 08:15:00',NULL,200.00,30.00,10.00,'FG-PCK-001-20250122-001','진행',NULL,'SYSTEM','2026-03-31 01:28:36',NULL,NULL);
/*!40000 ALTER TABLE `PRD_WORK_RESULT` ENABLE KEYS */;
UNLOCK TABLES;

--
-- Table structure for table `QC_CALIBRATION_HIS`
--

DROP TABLE IF EXISTS `QC_CALIBRATION_HIS`;
/*!40101 SET @saved_cs_client     = @@character_set_client */;
/*!50503 SET character_set_client = utf8mb4 */;
CREATE TABLE `QC_CALIBRATION_HIS` (
  `CAL_ID` bigint NOT NULL AUTO_INCREMENT COMMENT '교정ID',
  `MEASURE_EQUIP_CD` varchar(20) COLLATE utf8mb4_general_ci NOT NULL COMMENT '측정장비코드',
  `CAL_DT` date NOT NULL COMMENT '교정일자',
  `CAL_TYPE` varchar(20) COLLATE utf8mb4_general_ci NOT NULL COMMENT '교정유형',
  `CAL_AGENCY` varchar(100) COLLATE utf8mb4_general_ci DEFAULT NULL COMMENT '교정기관',
  `CAL_RESULT` varchar(20) COLLATE utf8mb4_general_ci NOT NULL COMMENT '교정결과',
  `CAL_CERT_NO` varchar(50) COLLATE utf8mb4_general_ci DEFAULT NULL COMMENT '교정성적서번호',
  `BEFORE_VALUE` varchar(100) COLLATE utf8mb4_general_ci DEFAULT NULL COMMENT '교정전값',
  `AFTER_VALUE` varchar(100) COLLATE utf8mb4_general_ci DEFAULT NULL COMMENT '교정후값',
  `NEXT_CAL_DT` date DEFAULT NULL COMMENT '다음교정예정일',
  `CAL_COST` decimal(18,2) DEFAULT NULL COMMENT '교정비용',
  `CAL_RMK` varchar(500) COLLATE utf8mb4_general_ci DEFAULT NULL COMMENT '비고',
  `REG_USER_ID` varchar(50) COLLATE utf8mb4_general_ci NOT NULL COMMENT '등록자ID',
  `REG_DTM` datetime NOT NULL DEFAULT CURRENT_TIMESTAMP COMMENT '등록일시',
  `UPD_USER_ID` varchar(50) COLLATE utf8mb4_general_ci DEFAULT NULL COMMENT '수정자ID',
  `UPD_DTM` datetime DEFAULT NULL ON UPDATE CURRENT_TIMESTAMP COMMENT '수정일시',
  PRIMARY KEY (`CAL_ID`),
  KEY `IDX_QC_CAL_HIS_01` (`MEASURE_EQUIP_CD`,`CAL_DT`),
  CONSTRAINT `FK_QC_CAL_HIS_EQUIP` FOREIGN KEY (`MEASURE_EQUIP_CD`) REFERENCES `QC_MEASURE_EQUIP` (`MEASURE_EQUIP_CD`)
) ENGINE=InnoDB DEFAULT CHARSET=utf8mb4 COLLATE=utf8mb4_general_ci COMMENT='측정장비교정이력';
/*!40101 SET character_set_client = @saved_cs_client */;

--
-- Dumping data for table `QC_CALIBRATION_HIS`
--

LOCK TABLES `QC_CALIBRATION_HIS` WRITE;
/*!40000 ALTER TABLE `QC_CALIBRATION_HIS` DISABLE KEYS */;
/*!40000 ALTER TABLE `QC_CALIBRATION_HIS` ENABLE KEYS */;
UNLOCK TABLES;

--
-- Table structure for table `QC_COA`
--

DROP TABLE IF EXISTS `QC_COA`;
/*!40101 SET @saved_cs_client     = @@character_set_client */;
/*!50503 SET character_set_client = utf8mb4 */;
CREATE TABLE `QC_COA` (
  `COA_ID` bigint NOT NULL AUTO_INCREMENT COMMENT '성적서ID',
  `PLANT_CD` varchar(20) COLLATE utf8mb4_general_ci NOT NULL COMMENT '공장코드',
  `COA_NO` varchar(30) COLLATE utf8mb4_general_ci NOT NULL COMMENT '성적서번호',
  `COA_DT` date NOT NULL COMMENT '발행일자',
  `INSPECT_ID` bigint NOT NULL COMMENT '검사ID',
  `ITEM_CD` varchar(50) COLLATE utf8mb4_general_ci NOT NULL COMMENT '품목코드',
  `LOT_NO` varchar(50) COLLATE utf8mb4_general_ci DEFAULT NULL COMMENT 'LOT번호',
  `SHIP_QTY` decimal(15,3) DEFAULT NULL COMMENT '출하수량',
  `CUSTOMER_CD` varchar(50) COLLATE utf8mb4_general_ci DEFAULT NULL COMMENT '고객코드',
  `CUSTOMER_NM` varchar(100) COLLATE utf8mb4_general_ci DEFAULT NULL COMMENT '고객명',
  `ORDER_NO` varchar(50) COLLATE utf8mb4_general_ci DEFAULT NULL COMMENT '주문번호',
  `ISSUE_USER_ID` varchar(20) COLLATE utf8mb4_general_ci NOT NULL COMMENT '발행자ID',
  `APPROVE_USER_ID` varchar(20) COLLATE utf8mb4_general_ci DEFAULT NULL COMMENT '승인자ID',
  `APPROVE_DTM` datetime DEFAULT NULL COMMENT '승인일시',
  `COA_STATUS` varchar(20) COLLATE utf8mb4_general_ci NOT NULL DEFAULT '발행' COMMENT '상태',
  `COA_RMK` varchar(500) COLLATE utf8mb4_general_ci DEFAULT NULL COMMENT '비고',
  `REG_USER_ID` varchar(50) COLLATE utf8mb4_general_ci NOT NULL COMMENT '등록자ID',
  `REG_DTM` datetime NOT NULL DEFAULT CURRENT_TIMESTAMP COMMENT '등록일시',
  `UPD_USER_ID` varchar(50) COLLATE utf8mb4_general_ci DEFAULT NULL COMMENT '수정자ID',
  `UPD_DTM` datetime DEFAULT NULL ON UPDATE CURRENT_TIMESTAMP COMMENT '수정일시',
  PRIMARY KEY (`COA_ID`),
  UNIQUE KEY `UK_QC_COA` (`COA_NO`),
  KEY `FK_QC_COA_ITEM` (`ITEM_CD`),
  KEY `IDX_QC_COA_01` (`PLANT_CD`,`COA_DT`),
  KEY `IDX_QC_COA_02` (`INSPECT_ID`),
  CONSTRAINT `FK_QC_COA_INSPECT` FOREIGN KEY (`INSPECT_ID`) REFERENCES `QC_INSPECT_RESULT` (`INSPECT_ID`),
  CONSTRAINT `FK_QC_COA_ITEM` FOREIGN KEY (`ITEM_CD`) REFERENCES `MST_ITEM` (`ITEM_CD`),
  CONSTRAINT `FK_QC_COA_PLANT` FOREIGN KEY (`PLANT_CD`) REFERENCES `MST_PLANT` (`PLANT_CD`)
) ENGINE=InnoDB DEFAULT CHARSET=utf8mb4 COLLATE=utf8mb4_general_ci COMMENT='품질성적서';
/*!40101 SET character_set_client = @saved_cs_client */;

--
-- Dumping data for table `QC_COA`
--

LOCK TABLES `QC_COA` WRITE;
/*!40000 ALTER TABLE `QC_COA` DISABLE KEYS */;
/*!40000 ALTER TABLE `QC_COA` ENABLE KEYS */;
UNLOCK TABLES;

--
-- Table structure for table `QC_DEFECT_CODE`
--

DROP TABLE IF EXISTS `QC_DEFECT_CODE`;
/*!40101 SET @saved_cs_client     = @@character_set_client */;
/*!50503 SET character_set_client = utf8mb4 */;
CREATE TABLE `QC_DEFECT_CODE` (
  `DEFECT_CD` varchar(20) COLLATE utf8mb4_general_ci NOT NULL COMMENT '불량코드',
  `PLANT_CD` varchar(20) COLLATE utf8mb4_general_ci NOT NULL COMMENT '공장코드',
  `DEFECT_NM` varchar(100) COLLATE utf8mb4_general_ci NOT NULL COMMENT '불량명',
  `DEFECT_TYPE` varchar(20) COLLATE utf8mb4_general_ci NOT NULL COMMENT '불량유형',
  `DEFECT_GRP` varchar(50) COLLATE utf8mb4_general_ci DEFAULT NULL COMMENT '불량그룹',
  `DEFECT_DESC` varchar(500) COLLATE utf8mb4_general_ci DEFAULT NULL COMMENT '불량설명',
  `SEVERITY` varchar(20) COLLATE utf8mb4_general_ci DEFAULT NULL COMMENT '심각도',
  `SORT_SEQ` int NOT NULL DEFAULT '0' COMMENT '정렬순서',
  `USE_YN` char(1) COLLATE utf8mb4_general_ci NOT NULL DEFAULT 'Y' COMMENT '사용여부',
  `REG_USER_ID` varchar(50) COLLATE utf8mb4_general_ci NOT NULL COMMENT '등록자ID',
  `REG_DTM` datetime NOT NULL DEFAULT CURRENT_TIMESTAMP COMMENT '등록일시',
  `UPD_USER_ID` varchar(50) COLLATE utf8mb4_general_ci DEFAULT NULL COMMENT '수정자ID',
  `UPD_DTM` datetime DEFAULT NULL ON UPDATE CURRENT_TIMESTAMP COMMENT '수정일시',
  PRIMARY KEY (`DEFECT_CD`),
  KEY `IDX_QC_DEFECT_CODE_01` (`PLANT_CD`,`DEFECT_TYPE`),
  CONSTRAINT `FK_QC_DEFECT_CODE_PLANT` FOREIGN KEY (`PLANT_CD`) REFERENCES `MST_PLANT` (`PLANT_CD`)
) ENGINE=InnoDB DEFAULT CHARSET=utf8mb4 COLLATE=utf8mb4_general_ci COMMENT='불량코드';
/*!40101 SET character_set_client = @saved_cs_client */;

--
-- Dumping data for table `QC_DEFECT_CODE`
--

LOCK TABLES `QC_DEFECT_CODE` WRITE;
/*!40000 ALTER TABLE `QC_DEFECT_CODE` DISABLE KEYS */;
INSERT INTO `QC_DEFECT_CODE` VALUES ('BD001','P001','슬러리점도불량','공정불량','전극불량','슬러리 점도가 규격 범위를 벗어남 (분산 불량)','중대',1,'Y','SYSTEM','2026-03-31 05:19:55',NULL,NULL),('BD002','P001','이물혼입','공정불량','전극불량','슬러리 또는 전극 내 이물질 혼입','치명',2,'Y','SYSTEM','2026-03-31 05:19:55',NULL,NULL),('BD003','P001','코팅두께불량','공정불량','전극불량','전극 코팅 두께가 규격 범위 벗어남','중대',3,'Y','SYSTEM','2026-03-31 05:19:55',NULL,NULL),('BD004','P001','핀홀','공정불량','전극불량','코팅면 핀홀(미세구멍) 발생','중대',4,'Y','SYSTEM','2026-03-31 05:19:55',NULL,NULL),('BD005','P001','포일주름','공정불량','전극불량','집전체 포일 주름 또는 접힘 발생','경미',5,'Y','SYSTEM','2026-03-31 05:19:55',NULL,NULL),('BD006','P001','스태킹정렬불량','공정불량','조립불량','전극 적층 시 탭 또는 전극 정렬 어긋남','중대',6,'Y','SYSTEM','2026-03-31 05:19:55',NULL,NULL),('BD007','P001','분리막손상','공정불량','조립불량','분리막 천공, 찢어짐, 접힘 발생','치명',7,'Y','SYSTEM','2026-03-31 05:19:55',NULL,NULL),('BD008','P001','전해액주입량불량','공정불량','조립불량','전해액 주입량 과다 또는 미달','중대',8,'Y','SYSTEM','2026-03-31 05:19:55',NULL,NULL),('BD009','P001','밀봉불량','공정불량','조립불량','파우치 히트실링 불량으로 전해액 누출 위험','치명',9,'Y','SYSTEM','2026-03-31 05:19:55',NULL,NULL),('BD010','P001','용량미달','공정불량','활성화불량','Formation 후 셀 용량이 규격 미달','중대',10,'Y','SYSTEM','2026-03-31 05:19:55',NULL,NULL),('BD011','P001','내부단락','공정불량','활성화불량','Formation 중 미세단락 또는 내부 쇼트 발생','치명',11,'Y','SYSTEM','2026-03-31 05:19:55',NULL,NULL),('BD012','P001','OCV불량','검사불량','셀검사불량','개방회로전압(OCV)이 규격 범위 이탈','중대',12,'Y','SYSTEM','2026-03-31 05:19:55',NULL,NULL),('BD013','P001','IR불량','검사불량','셀검사불량','내부저항(IR) 규격 상한 초과','중대',13,'Y','SYSTEM','2026-03-31 05:19:55',NULL,NULL),('BD014','P001','슬리팅치수불량','공정불량','전극불량','슬리팅 후 전극 폭 치수 규격 이탈','경미',14,'Y','SYSTEM','2026-03-31 05:19:55',NULL,NULL),('BD015','P001','노칭불량','공정불량','전극불량','노칭 탭 형상 불량 (절단면 버, 위치 편차)','경미',15,'Y','SYSTEM','2026-03-31 05:19:55',NULL,NULL),('BD016','P001','압연두께불량','공정불량','전극불량','압연 후 전극 두께/밀도 규격 이탈','중대',16,'Y','SYSTEM','2026-03-31 05:19:55',NULL,NULL),('BD017','P001','탭용접불량','공정불량','조립불량','전극 탭-리드 초음파 용접 불량','치명',17,'Y','SYSTEM','2026-03-31 05:19:55',NULL,NULL),('BD018','P001','가스발생','공정불량','활성화불량','에이징 중 과다 가스 발생 (스웰링)','중대',18,'Y','SYSTEM','2026-03-31 05:19:55',NULL,NULL),('BD019','P001','외관불량','검사불량','셀검사불량','셀 외관 손상 (찍힘, 긁힘, 변형)','경미',19,'Y','SYSTEM','2026-03-31 05:19:55',NULL,NULL),('BD020','P001','자기방전불량','검사불량','셀검사불량','에이징 후 자기방전율 규격 초과','치명',20,'Y','SYSTEM','2026-03-31 05:19:55',NULL,NULL),('BD021','P002','셀선별불량','검사불량','팩불량','셀 용량/전압/저항 매칭 불량','중대',1,'Y','SYSTEM','2026-03-31 05:19:55',NULL,NULL),('BD022','P002','모듈용접불량','공정불량','팩불량','셀간 버스바 레이저 용접 불량','치명',2,'Y','SYSTEM','2026-03-31 05:19:55',NULL,NULL),('BD023','P002','BMS통신불량','기능불량','팩불량','BMS 통신 오류 (CAN, UART)','치명',3,'Y','SYSTEM','2026-03-31 05:19:55',NULL,NULL),('BD024','P002','절연저항불량','검사불량','팩불량','팩 절연저항 규격 미달','치명',4,'Y','SYSTEM','2026-03-31 05:19:55',NULL,NULL),('BD025','P002','팩출력불량','검사불량','팩불량','팩 출력 전압/전류 규격 이탈','중대',5,'Y','SYSTEM','2026-03-31 05:19:55',NULL,NULL),('BD026','P002','체결불량','공정불량','팩불량','볼트 체결 토크 미달 또는 초과','경미',6,'Y','SYSTEM','2026-03-31 05:19:55',NULL,NULL),('BD027','P002','냉각불량','검사불량','팩불량','냉각 시스템 누수 또는 유량 부족','중대',7,'Y','SYSTEM','2026-03-31 05:19:55',NULL,NULL),('BD028','P002','외관손상','검사불량','팩불량','팩 케이스 찍힘, 긁힘, 변형','경미',8,'Y','SYSTEM','2026-03-31 05:19:55',NULL,NULL);
/*!40000 ALTER TABLE `QC_DEFECT_CODE` ENABLE KEYS */;
UNLOCK TABLES;

--
-- Table structure for table `QC_DEFECT_HIS`
--

DROP TABLE IF EXISTS `QC_DEFECT_HIS`;
/*!40101 SET @saved_cs_client     = @@character_set_client */;
/*!50503 SET character_set_client = utf8mb4 */;
CREATE TABLE `QC_DEFECT_HIS` (
  `QC_DEFECT_ID` bigint NOT NULL AUTO_INCREMENT COMMENT '품질불량ID',
  `PLANT_CD` varchar(20) COLLATE utf8mb4_general_ci NOT NULL COMMENT '공장코드',
  `INSPECT_ID` bigint NOT NULL COMMENT '검사ID',
  `DEFECT_DT` date NOT NULL COMMENT '불량발생일',
  `DEFECT_CD` varchar(20) COLLATE utf8mb4_general_ci NOT NULL COMMENT '불량코드',
  `DEFECT_NM` varchar(100) COLLATE utf8mb4_general_ci DEFAULT NULL COMMENT '불량명',
  `DEFECT_QTY` decimal(15,3) NOT NULL COMMENT '불량수량',
  `ITEM_CD` varchar(50) COLLATE utf8mb4_general_ci NOT NULL COMMENT '품목코드',
  `LOT_NO` varchar(50) COLLATE utf8mb4_general_ci DEFAULT NULL COMMENT 'LOT번호',
  `DEFECT_CAUSE` varchar(500) COLLATE utf8mb4_general_ci DEFAULT NULL COMMENT '불량원인',
  `CAUSE_CATEGORY` varchar(50) COLLATE utf8mb4_general_ci DEFAULT NULL COMMENT '원인구분(4M)',
  `CORRECTIVE_ACTION` varchar(500) COLLATE utf8mb4_general_ci DEFAULT NULL COMMENT '시정조치',
  `PREVENTIVE_ACTION` varchar(500) COLLATE utf8mb4_general_ci DEFAULT NULL COMMENT '예방조치',
  `ACTION_USER_ID` varchar(20) COLLATE utf8mb4_general_ci DEFAULT NULL COMMENT '조치담당자',
  `ACTION_DT` date DEFAULT NULL COMMENT '조치일자',
  `DISPOSITION` varchar(20) COLLATE utf8mb4_general_ci DEFAULT NULL COMMENT '처리방법',
  `DISPOSITION_QTY` decimal(15,3) DEFAULT NULL COMMENT '처리수량',
  `DISPOSITION_DT` date DEFAULT NULL COMMENT '처리일자',
  `DEFECT_RMK` varchar(500) COLLATE utf8mb4_general_ci DEFAULT NULL COMMENT '비고',
  `REG_USER_ID` varchar(50) COLLATE utf8mb4_general_ci NOT NULL COMMENT '등록자ID',
  `REG_DTM` datetime NOT NULL DEFAULT CURRENT_TIMESTAMP COMMENT '등록일시',
  `UPD_USER_ID` varchar(50) COLLATE utf8mb4_general_ci DEFAULT NULL COMMENT '수정자ID',
  `UPD_DTM` datetime DEFAULT NULL ON UPDATE CURRENT_TIMESTAMP COMMENT '수정일시',
  PRIMARY KEY (`QC_DEFECT_ID`),
  KEY `IDX_QC_DEFECT_HIS_01` (`PLANT_CD`,`DEFECT_DT`),
  KEY `IDX_QC_DEFECT_HIS_02` (`INSPECT_ID`),
  KEY `IDX_QC_DEFECT_HIS_03` (`DEFECT_CD`),
  KEY `IDX_QC_DEFECT_HIS_04` (`ITEM_CD`,`LOT_NO`),
  CONSTRAINT `FK_QC_DEFECT_HIS_CD` FOREIGN KEY (`DEFECT_CD`) REFERENCES `QC_DEFECT_CODE` (`DEFECT_CD`),
  CONSTRAINT `FK_QC_DEFECT_HIS_INSPECT` FOREIGN KEY (`INSPECT_ID`) REFERENCES `QC_INSPECT_RESULT` (`INSPECT_ID`),
  CONSTRAINT `FK_QC_DEFECT_HIS_ITEM` FOREIGN KEY (`ITEM_CD`) REFERENCES `MST_ITEM` (`ITEM_CD`),
  CONSTRAINT `FK_QC_DEFECT_HIS_PLANT` FOREIGN KEY (`PLANT_CD`) REFERENCES `MST_PLANT` (`PLANT_CD`)
) ENGINE=InnoDB AUTO_INCREMENT=12 DEFAULT CHARSET=utf8mb4 COLLATE=utf8mb4_general_ci COMMENT='품질불량이력';
/*!40101 SET character_set_client = @saved_cs_client */;

--
-- Dumping data for table `QC_DEFECT_HIS`
--

LOCK TABLES `QC_DEFECT_HIS` WRITE;
/*!40000 ALTER TABLE `QC_DEFECT_HIS` DISABLE KEYS */;
INSERT INTO `QC_DEFECT_HIS` VALUES (1,'P001',4,'2025-01-20','BD001','슬러리점도불량',3.000,'SF-CSL-001','SF-CSL-001-20250120-001','NCM811 입자 분산 시간 부족','Method','분산 시간 30분 추가','분산 시간 SOP 개정 (90분→120분)','W003','2025-01-20','폐기',3.000,'2025-01-20',NULL,'SYSTEM','2026-03-31 05:19:58',NULL,NULL),(2,'P001',4,'2025-01-20','BD002','이물혼입',2.000,'SF-CSL-001','SF-CSL-001-20250120-001','믹싱 챔버 잔류물','Machine','믹싱 챔버 분해 청소','배치 간 챔버 청소 의무화','W003','2025-01-20','폐기',2.000,'2025-01-20',NULL,'SYSTEM','2026-03-31 05:19:58',NULL,NULL),(3,'P001',5,'2025-01-20','BD003','코팅두께불량',10.000,'SF-CEL-001','SF-CEL-001-20250120-001','슬러리 공급 펌프 맥동','Machine','펌프 필터 청소 및 압력 안정화','펌프 정기점검 주기 단축','W002','2025-01-20','재작업',10.000,'2025-01-20',NULL,'SYSTEM','2026-03-31 05:19:58',NULL,NULL),(4,'P001',5,'2025-01-20','BD004','핀홀',6.000,'SF-CEL-001','SF-CEL-001-20250120-001','건조 온도 급변 (120→145℃)','Machine','건조 온도 프로파일 재설정','온도 제어 PID 파라미터 최적화','W002','2025-01-20','폐기',6.000,'2025-01-20',NULL,'SYSTEM','2026-03-31 05:19:58',NULL,NULL),(5,'P001',7,'2025-01-20','BD012','OCV불량',20.000,'FG-CEL-001','FG-CEL-001-20250120-001','에이징 후 전압 드롭 발생 셀','Material','에이징 조건 재검토','에이징 온도/시간 최적화','W013','2025-01-20','재검사',20.000,'2025-01-20',NULL,'SYSTEM','2026-03-31 05:19:58',NULL,NULL),(6,'P001',7,'2025-01-20','BD013','IR불량',13.000,'FG-CEL-001','FG-CEL-001-20250120-001','전극 코팅 두께 편차로 인한 내부저항 증가','Material','공정 파라미터 재설정','코팅 두께 관리 강화','W013','2025-01-20','특채',13.000,'2025-01-20',NULL,'SYSTEM','2026-03-31 05:19:58',NULL,NULL),(7,'P001',10,'2025-01-21','BD001','슬러리점도불량',4.000,'SF-CSL-001','SF-CSL-001-20250121-001','분산 조건 변경 후 부적합','Method','기존 분산 조건 복원','공정 변경 시 검증 절차 강화','W003','2025-01-21','폐기',4.000,'2025-01-21',NULL,'SYSTEM','2026-03-31 05:19:58',NULL,NULL),(8,'P001',12,'2025-01-21','BD014','슬리팅치수불량',35.000,'SF-CES-001','SF-CES-001-20250121-001','슬리터 칼날 마모','Machine','칼날 교체','칼날 사용횟수 기반 교체 기준 수립','W006','2025-01-21','폐기',35.000,'2025-01-21',NULL,'SYSTEM','2026-03-31 05:19:58',NULL,NULL),(9,'P001',12,'2025-01-21','BD015','노칭불량',25.000,'SF-CES-001','SF-CES-001-20250121-001','노칭기 펀치 마모','Machine','펀치 교체 및 정밀 조정','펀치 마모 모니터링 강화','W006','2025-01-21','폐기',25.000,'2025-01-21',NULL,'SYSTEM','2026-03-31 05:19:58',NULL,NULL),(10,'P001',13,'2025-01-21','BD012','OCV불량',22.000,'FG-CEL-001','FG-CEL-001-20250121-001','에이징 후 자기방전 발생','Material','원인 셀 분석 의뢰','자기방전 스크리닝 강화','W013','2025-01-21','재검사',22.000,'2025-01-21',NULL,'SYSTEM','2026-03-31 05:19:58',NULL,NULL),(11,'P001',13,'2025-01-21','BD013','IR불량',14.000,'FG-CEL-001','FG-CEL-001-20250121-001','IR 측정 상한 초과','Material','해당 LOT 추적 분석','전극 두께/밀도 공정 능력 개선','W013','2025-01-21','특채',14.000,'2025-01-21',NULL,'SYSTEM','2026-03-31 05:19:58',NULL,NULL);
/*!40000 ALTER TABLE `QC_DEFECT_HIS` ENABLE KEYS */;
UNLOCK TABLES;

--
-- Table structure for table `QC_INSPECT_DETAIL`
--

DROP TABLE IF EXISTS `QC_INSPECT_DETAIL`;
/*!40101 SET @saved_cs_client     = @@character_set_client */;
/*!50503 SET character_set_client = utf8mb4 */;
CREATE TABLE `QC_INSPECT_DETAIL` (
  `INSPECT_DTL_ID` bigint NOT NULL AUTO_INCREMENT COMMENT '검사상세ID',
  `INSPECT_ID` bigint NOT NULL COMMENT '검사ID',
  `INSPECT_STD_ID` bigint NOT NULL COMMENT '검사기준ID',
  `SAMPLE_NO` int NOT NULL DEFAULT '1' COMMENT '샘플번호',
  `INSPECT_ITEM` varchar(100) COLLATE utf8mb4_general_ci NOT NULL COMMENT '검사항목',
  `DATA_TYPE` varchar(20) COLLATE utf8mb4_general_ci NOT NULL COMMENT '데이터유형',
  `MEASURE_VALUE` decimal(15,5) DEFAULT NULL COMMENT '측정값(숫자)',
  `MEASURE_TEXT` varchar(200) COLLATE utf8mb4_general_ci DEFAULT NULL COMMENT '측정값(텍스트)',
  `LSL` decimal(15,5) DEFAULT NULL COMMENT '하한규격',
  `USL` decimal(15,5) DEFAULT NULL COMMENT '상한규격',
  `TARGET_VALUE` decimal(15,5) DEFAULT NULL COMMENT '목표값',
  `JUDGE_RESULT` varchar(20) COLLATE utf8mb4_general_ci NOT NULL COMMENT '판정결과',
  `DEFECT_CD` varchar(20) COLLATE utf8mb4_general_ci DEFAULT NULL COMMENT '불량코드',
  `DETAIL_RMK` varchar(500) COLLATE utf8mb4_general_ci DEFAULT NULL COMMENT '비고',
  `REG_USER_ID` varchar(50) COLLATE utf8mb4_general_ci NOT NULL COMMENT '등록자ID',
  `REG_DTM` datetime NOT NULL DEFAULT CURRENT_TIMESTAMP COMMENT '등록일시',
  PRIMARY KEY (`INSPECT_DTL_ID`),
  KEY `FK_QC_INSPECT_DTL_DEFECT` (`DEFECT_CD`),
  KEY `IDX_QC_INSPECT_DETAIL_01` (`INSPECT_ID`),
  KEY `IDX_QC_INSPECT_DETAIL_02` (`INSPECT_STD_ID`),
  CONSTRAINT `FK_QC_INSPECT_DTL_DEFECT` FOREIGN KEY (`DEFECT_CD`) REFERENCES `QC_DEFECT_CODE` (`DEFECT_CD`),
  CONSTRAINT `FK_QC_INSPECT_DTL_ID` FOREIGN KEY (`INSPECT_ID`) REFERENCES `QC_INSPECT_RESULT` (`INSPECT_ID`),
  CONSTRAINT `FK_QC_INSPECT_DTL_STD` FOREIGN KEY (`INSPECT_STD_ID`) REFERENCES `QC_INSPECT_STD` (`INSPECT_STD_ID`)
) ENGINE=InnoDB AUTO_INCREMENT=25 DEFAULT CHARSET=utf8mb4 COLLATE=utf8mb4_general_ci COMMENT='검사상세';
/*!40101 SET character_set_client = @saved_cs_client */;

--
-- Dumping data for table `QC_INSPECT_DETAIL`
--

LOCK TABLES `QC_INSPECT_DETAIL` WRITE;
/*!40000 ALTER TABLE `QC_INSPECT_DETAIL` DISABLE KEYS */;
INSERT INTO `QC_INSPECT_DETAIL` VALUES (1,1,1,1,'입도분석(D50)','NUMBER',12.10000,NULL,10.00000,14.00000,12.00000,'합격',NULL,NULL,'SYSTEM','2026-03-31 05:19:58'),(2,1,1,2,'입도분석(D50)','NUMBER',11.80000,NULL,10.00000,14.00000,12.00000,'합격',NULL,NULL,'SYSTEM','2026-03-31 05:19:58'),(3,1,1,3,'입도분석(D50)','NUMBER',12.30000,NULL,10.00000,14.00000,12.00000,'합격',NULL,NULL,'SYSTEM','2026-03-31 05:19:58'),(4,1,2,1,'수분함량','NUMBER',0.01200,NULL,0.00000,0.03000,0.01000,'합격',NULL,NULL,'SYSTEM','2026-03-31 05:19:58'),(5,1,2,2,'수분함량','NUMBER',0.00800,NULL,0.00000,0.03000,0.01000,'합격',NULL,NULL,'SYSTEM','2026-03-31 05:19:58'),(6,1,2,3,'수분함량','NUMBER',0.01500,NULL,0.00000,0.03000,0.01000,'합격',NULL,NULL,'SYSTEM','2026-03-31 05:19:58'),(7,4,11,1,'점도','NUMBER',5100.00000,NULL,4000.00000,6000.00000,5000.00000,'합격',NULL,NULL,'SYSTEM','2026-03-31 05:19:58'),(8,4,11,2,'점도','NUMBER',4950.00000,NULL,4000.00000,6000.00000,5000.00000,'합격',NULL,NULL,'SYSTEM','2026-03-31 05:19:58'),(9,4,11,3,'점도','NUMBER',5200.00000,NULL,4000.00000,6000.00000,5000.00000,'합격',NULL,NULL,'SYSTEM','2026-03-31 05:19:58'),(10,4,12,1,'고형분','NUMBER',72.10000,NULL,70.00000,74.00000,72.00000,'합격',NULL,NULL,'SYSTEM','2026-03-31 05:19:58'),(11,4,12,2,'고형분','NUMBER',71.80000,NULL,70.00000,74.00000,72.00000,'합격',NULL,NULL,'SYSTEM','2026-03-31 05:19:58'),(12,4,12,3,'고형분','NUMBER',72.30000,NULL,70.00000,74.00000,72.00000,'합격',NULL,NULL,'SYSTEM','2026-03-31 05:19:58'),(13,7,22,1,'방전용량','NUMBER',60.50000,NULL,58.00000,64.00000,60.00000,'합격',NULL,NULL,'SYSTEM','2026-03-31 05:19:58'),(14,7,23,1,'OCV','NUMBER',3.72000,NULL,3.60000,3.80000,3.70000,'합격',NULL,NULL,'SYSTEM','2026-03-31 05:19:58'),(15,7,24,1,'IR(내부저항)','NUMBER',0.85000,NULL,0.00000,1.50000,0.80000,'합격',NULL,NULL,'SYSTEM','2026-03-31 05:19:58'),(16,7,26,1,'두께/치수','NUMBER',10.10000,NULL,9.50000,10.50000,10.00000,'합격',NULL,NULL,'SYSTEM','2026-03-31 05:19:58'),(17,9,31,1,'팩전압','NUMBER',355.80000,NULL,345.60000,364.80000,355.20000,'합격',NULL,NULL,'SYSTEM','2026-03-31 05:19:58'),(18,9,32,1,'절연저항','NUMBER',1250.00000,NULL,500.00000,99999.00000,1000.00000,'합격',NULL,NULL,'SYSTEM','2026-03-31 05:19:58'),(19,9,34,1,'냉각성능','NUMBER',10.50000,NULL,5.00000,15.00000,10.00000,'합격',NULL,NULL,'SYSTEM','2026-03-31 05:19:58'),(20,9,35,1,'체결토크','NUMBER',10.20000,NULL,8.00000,12.00000,10.00000,'합격',NULL,NULL,'SYSTEM','2026-03-31 05:19:58'),(21,9,35,2,'체결토크','NUMBER',9.80000,NULL,8.00000,12.00000,10.00000,'합격',NULL,NULL,'SYSTEM','2026-03-31 05:19:58'),(22,9,35,3,'체결토크','NUMBER',10.10000,NULL,8.00000,12.00000,10.00000,'합격',NULL,NULL,'SYSTEM','2026-03-31 05:19:58'),(23,9,35,4,'체결토크','NUMBER',10.00000,NULL,8.00000,12.00000,10.00000,'합격',NULL,NULL,'SYSTEM','2026-03-31 05:19:58'),(24,9,35,5,'체결토크','NUMBER',9.90000,NULL,8.00000,12.00000,10.00000,'합격',NULL,NULL,'SYSTEM','2026-03-31 05:19:58');
/*!40000 ALTER TABLE `QC_INSPECT_DETAIL` ENABLE KEYS */;
UNLOCK TABLES;

--
-- Table structure for table `QC_INSPECT_RESULT`
--

DROP TABLE IF EXISTS `QC_INSPECT_RESULT`;
/*!40101 SET @saved_cs_client     = @@character_set_client */;
/*!50503 SET character_set_client = utf8mb4 */;
CREATE TABLE `QC_INSPECT_RESULT` (
  `INSPECT_ID` bigint NOT NULL AUTO_INCREMENT COMMENT '검사ID',
  `PLANT_CD` varchar(20) COLLATE utf8mb4_general_ci NOT NULL COMMENT '공장코드',
  `INSPECT_NO` varchar(30) COLLATE utf8mb4_general_ci NOT NULL COMMENT '검사번호',
  `INSPECT_TYPE` varchar(20) COLLATE utf8mb4_general_ci NOT NULL COMMENT '검사유형',
  `INSPECT_DT` date NOT NULL COMMENT '검사일자',
  `ITEM_CD` varchar(50) COLLATE utf8mb4_general_ci NOT NULL COMMENT '품목코드',
  `LOT_NO` varchar(50) COLLATE utf8mb4_general_ci DEFAULT NULL COMMENT 'LOT번호',
  `INSPECT_QTY` decimal(15,3) NOT NULL COMMENT '검사수량',
  `SAMPLE_QTY` decimal(15,3) DEFAULT NULL COMMENT '샘플수량',
  `PASS_QTY` decimal(15,3) DEFAULT '0.000' COMMENT '합격수량',
  `FAIL_QTY` decimal(15,3) DEFAULT '0.000' COMMENT '불합격수량',
  `INSPECTOR_ID` varchar(20) COLLATE utf8mb4_general_ci NOT NULL COMMENT '검사자ID',
  `WO_ID` bigint DEFAULT NULL COMMENT '작업지시ID',
  `RESULT_ID` bigint DEFAULT NULL COMMENT '작업실적ID',
  `RECEIVE_ID` bigint DEFAULT NULL COMMENT '입고ID',
  `VENDOR_CD` varchar(50) COLLATE utf8mb4_general_ci DEFAULT NULL COMMENT '거래처코드',
  `JUDGE_RESULT` varchar(20) COLLATE utf8mb4_general_ci NOT NULL DEFAULT '대기' COMMENT '판정결과',
  `JUDGE_USER_ID` varchar(50) COLLATE utf8mb4_general_ci DEFAULT NULL COMMENT '판정자ID',
  `JUDGE_DTM` datetime DEFAULT NULL COMMENT '판정일시',
  `PROCESS_CD` varchar(20) COLLATE utf8mb4_general_ci DEFAULT NULL COMMENT '공정코드',
  `INSPECT_RMK` varchar(500) COLLATE utf8mb4_general_ci DEFAULT NULL COMMENT '비고',
  `REG_USER_ID` varchar(50) COLLATE utf8mb4_general_ci NOT NULL COMMENT '등록자ID',
  `REG_DTM` datetime NOT NULL DEFAULT CURRENT_TIMESTAMP COMMENT '등록일시',
  `UPD_USER_ID` varchar(50) COLLATE utf8mb4_general_ci DEFAULT NULL COMMENT '수정자ID',
  `UPD_DTM` datetime DEFAULT NULL ON UPDATE CURRENT_TIMESTAMP COMMENT '수정일시',
  PRIMARY KEY (`INSPECT_ID`),
  UNIQUE KEY `UK_QC_INSPECT_RESULT` (`INSPECT_NO`),
  KEY `FK_QC_INSPECT_INSPECTOR` (`INSPECTOR_ID`),
  KEY `IDX_QC_INSPECT_RESULT_01` (`PLANT_CD`,`INSPECT_DT`),
  KEY `IDX_QC_INSPECT_RESULT_02` (`ITEM_CD`,`LOT_NO`),
  KEY `IDX_QC_INSPECT_RESULT_03` (`INSPECT_TYPE`,`JUDGE_RESULT`),
  KEY `IDX_QC_INSPECT_RESULT_04` (`WO_ID`),
  KEY `IDX_QC_INSPECT_RESULT_05` (`VENDOR_CD`),
  CONSTRAINT `FK_QC_INSPECT_INSPECTOR` FOREIGN KEY (`INSPECTOR_ID`) REFERENCES `MST_WORKER` (`WORKER_ID`),
  CONSTRAINT `FK_QC_INSPECT_ITEM` FOREIGN KEY (`ITEM_CD`) REFERENCES `MST_ITEM` (`ITEM_CD`),
  CONSTRAINT `FK_QC_INSPECT_PLANT` FOREIGN KEY (`PLANT_CD`) REFERENCES `MST_PLANT` (`PLANT_CD`),
  CONSTRAINT `FK_QC_INSPECT_VENDOR` FOREIGN KEY (`VENDOR_CD`) REFERENCES `MST_VENDOR` (`VENDOR_CD`),
  CONSTRAINT `FK_QC_INSPECT_WO` FOREIGN KEY (`WO_ID`) REFERENCES `PLN_WORK_ORDER` (`WO_ID`)
) ENGINE=InnoDB AUTO_INCREMENT=16 DEFAULT CHARSET=utf8mb4 COLLATE=utf8mb4_general_ci COMMENT='검사실적';
/*!40101 SET character_set_client = @saved_cs_client */;

--
-- Dumping data for table `QC_INSPECT_RESULT`
--

LOCK TABLES `QC_INSPECT_RESULT` WRITE;
/*!40000 ALTER TABLE `QC_INSPECT_RESULT` DISABLE KEYS */;
INSERT INTO `QC_INSPECT_RESULT` VALUES (1,'P001','QC202501180001','수입검사','2025-01-18','RM-NCM-001','RM-NCM-001-20250118-001',5000.000,9.000,5000.000,0.000,'W014',NULL,NULL,NULL,'V001','합격','W013','2025-01-18 14:00:00',NULL,NULL,'SYSTEM','2026-03-31 05:19:57',NULL,NULL),(2,'P001','QC202501180002','수입검사','2025-01-18','RM-ELY-001','RM-ELY-001-20250118-001',3000.000,9.000,3000.000,0.000,'W014',NULL,NULL,NULL,'V004','합격','W013','2025-01-18 15:00:00',NULL,NULL,'SYSTEM','2026-03-31 05:19:57',NULL,NULL),(3,'P001','QC202501180003','수입검사','2025-01-18','RM-SEP-001','RM-SEP-001-20250118-001',100.000,11.000,100.000,0.000,'W014',NULL,NULL,NULL,'V003','합격','W013','2025-01-18 16:00:00',NULL,NULL,'SYSTEM','2026-03-31 05:19:57',NULL,NULL),(4,'P001','QC202501200001','공정검사','2025-01-20','SF-CSL-001','SF-CSL-001-20250120-001',500.000,3.000,495.000,5.000,'W014',1,1,NULL,NULL,'합격','W013','2025-01-20 12:00:00','PR001',NULL,'SYSTEM','2026-03-31 05:19:57',NULL,NULL),(5,'P001','QC202501200002','공정검사','2025-01-20','SF-CEL-001','SF-CEL-001-20250120-001',800.000,5.000,784.000,16.000,'W014',3,3,NULL,NULL,'조건부합격','W013','2025-01-20 16:00:00','PR002',NULL,'SYSTEM','2026-03-31 05:19:57',NULL,NULL),(6,'P001','QC202501200003','공정검사','2025-01-20','SF-WET-001','SF-WET-001-20250120-001',1500.000,3.000,1493.000,7.000,'W014',9,9,NULL,NULL,'합격','W013','2025-01-20 17:00:00','PR011',NULL,'SYSTEM','2026-03-31 05:19:57',NULL,NULL),(7,'P001','QC202501200004','최종검사','2025-01-20','FG-CEL-001','FG-CEL-001-20250120-001',1100.000,1100.000,1067.000,33.000,'W013',11,11,NULL,NULL,'합격','W013','2025-01-20 14:00:00','PR017',NULL,'SYSTEM','2026-03-31 05:19:57',NULL,NULL),(8,'P002','QC202501200005','최종검사','2025-01-20','FG-MOD-001','FG-MOD-001-20250120-001',20.000,20.000,20.000,0.000,'W023',12,12,NULL,NULL,'합격','W023','2025-01-20 17:00:00','PR019',NULL,'SYSTEM','2026-03-31 05:19:57',NULL,NULL),(9,'P002','QC202501200006','최종검사','2025-01-20','FG-PCK-001','FG-PCK-001-20250120-001',3.000,3.000,3.000,0.000,'W023',14,14,NULL,NULL,'합격','W023','2025-01-20 17:10:00','PR022',NULL,'SYSTEM','2026-03-31 05:19:57',NULL,NULL),(10,'P001','QC202501210001','공정검사','2025-01-21','SF-CSL-001','SF-CSL-001-20250121-001',550.000,3.000,544.000,6.000,'W014',15,15,NULL,NULL,'합격','W013','2025-01-21 13:00:00','PR001',NULL,'SYSTEM','2026-03-31 05:19:57',NULL,NULL),(11,'P001','QC202501210002','공정검사','2025-01-21','SF-CEL-001','SF-CEL-001-20250121-001',850.000,5.000,833.000,17.000,'W014',17,17,NULL,NULL,'조건부합격','W013','2025-01-21 17:00:00','PR002',NULL,'SYSTEM','2026-03-31 05:19:57',NULL,NULL),(12,'P001','QC202501210003','공정검사','2025-01-21','SF-CES-001','SF-CES-001-20250121-001',3000.000,5.000,2940.000,60.000,'W014',19,19,NULL,NULL,'조건부합격','W013','2025-01-21 14:00:00','PR006',NULL,'SYSTEM','2026-03-31 05:19:57',NULL,NULL),(13,'P001','QC202501210004','최종검사','2025-01-21','FG-CEL-001','FG-CEL-001-20250121-001',1200.000,1200.000,1164.000,36.000,'W013',24,24,NULL,NULL,'합격','W013','2025-01-21 15:00:00','PR017',NULL,'SYSTEM','2026-03-31 05:19:57',NULL,NULL),(14,'P002','QC202501210005','최종검사','2025-01-21','FG-MOD-001','FG-MOD-001-20250121-001',22.000,22.000,22.000,0.000,'W023',25,25,NULL,NULL,'합격','W023','2025-01-21 17:00:00','PR019',NULL,'SYSTEM','2026-03-31 05:19:57',NULL,NULL),(15,'P002','QC202501210006','최종검사','2025-01-21','FG-PCK-001','FG-PCK-001-20250121-001',4.000,4.000,4.000,0.000,'W023',26,26,NULL,NULL,'합격','W023','2025-01-21 17:00:00','PR022',NULL,'SYSTEM','2026-03-31 05:19:57',NULL,NULL);
/*!40000 ALTER TABLE `QC_INSPECT_RESULT` ENABLE KEYS */;
UNLOCK TABLES;

--
-- Table structure for table `QC_INSPECT_STD`
--

DROP TABLE IF EXISTS `QC_INSPECT_STD`;
/*!40101 SET @saved_cs_client     = @@character_set_client */;
/*!50503 SET character_set_client = utf8mb4 */;
CREATE TABLE `QC_INSPECT_STD` (
  `INSPECT_STD_ID` bigint NOT NULL AUTO_INCREMENT COMMENT '검사기준ID',
  `PLANT_CD` varchar(20) COLLATE utf8mb4_general_ci NOT NULL COMMENT '공장코드',
  `ITEM_CD` varchar(50) COLLATE utf8mb4_general_ci NOT NULL COMMENT '품목코드',
  `INSPECT_TYPE` varchar(20) COLLATE utf8mb4_general_ci NOT NULL COMMENT '검사유형',
  `INSPECT_ITEM_SEQ` int NOT NULL COMMENT '검사항목순서',
  `INSPECT_ITEM` varchar(100) COLLATE utf8mb4_general_ci NOT NULL COMMENT '검사항목',
  `INSPECT_METHOD` varchar(500) COLLATE utf8mb4_general_ci DEFAULT NULL COMMENT '검사방법',
  `DATA_TYPE` varchar(20) COLLATE utf8mb4_general_ci NOT NULL DEFAULT 'NUMBER' COMMENT '데이터유형',
  `SPEC_VALUE` varchar(100) COLLATE utf8mb4_general_ci DEFAULT NULL COMMENT '규격값',
  `LSL` decimal(15,5) DEFAULT NULL COMMENT '하한규격',
  `USL` decimal(15,5) DEFAULT NULL COMMENT '상한규격',
  `TARGET_VALUE` decimal(15,5) DEFAULT NULL COMMENT '목표값',
  `UNIT` varchar(20) COLLATE utf8mb4_general_ci DEFAULT NULL COMMENT '단위',
  `SAMPLE_SIZE` int DEFAULT '1' COMMENT '샘플크기',
  `SAMPLE_METHOD` varchar(50) COLLATE utf8mb4_general_ci DEFAULT NULL COMMENT '샘플링방법',
  `INSPECT_TOOL` varchar(100) COLLATE utf8mb4_general_ci DEFAULT NULL COMMENT '검사도구',
  `MANDATORY_YN` char(1) COLLATE utf8mb4_general_ci NOT NULL DEFAULT 'Y' COMMENT '필수여부',
  `PROCESS_CD` varchar(20) COLLATE utf8mb4_general_ci DEFAULT NULL COMMENT '공정코드',
  `VALID_START_DT` date DEFAULT NULL COMMENT '유효시작일',
  `VALID_END_DT` date DEFAULT NULL COMMENT '유효종료일',
  `STD_RMK` varchar(500) COLLATE utf8mb4_general_ci DEFAULT NULL COMMENT '비고',
  `USE_YN` char(1) COLLATE utf8mb4_general_ci NOT NULL DEFAULT 'Y' COMMENT '사용여부',
  `REG_USER_ID` varchar(50) COLLATE utf8mb4_general_ci NOT NULL COMMENT '등록자ID',
  `REG_DTM` datetime NOT NULL DEFAULT CURRENT_TIMESTAMP COMMENT '등록일시',
  `UPD_USER_ID` varchar(50) COLLATE utf8mb4_general_ci DEFAULT NULL COMMENT '수정자ID',
  `UPD_DTM` datetime DEFAULT NULL ON UPDATE CURRENT_TIMESTAMP COMMENT '수정일시',
  PRIMARY KEY (`INSPECT_STD_ID`),
  UNIQUE KEY `UK_QC_INSPECT_STD` (`PLANT_CD`,`ITEM_CD`,`INSPECT_TYPE`,`INSPECT_ITEM_SEQ`),
  KEY `IDX_QC_INSPECT_STD_01` (`ITEM_CD`,`INSPECT_TYPE`),
  KEY `IDX_QC_INSPECT_STD_02` (`PLANT_CD`,`INSPECT_TYPE`),
  CONSTRAINT `FK_QC_INSPECT_STD_ITEM` FOREIGN KEY (`ITEM_CD`) REFERENCES `MST_ITEM` (`ITEM_CD`),
  CONSTRAINT `FK_QC_INSPECT_STD_PLANT` FOREIGN KEY (`PLANT_CD`) REFERENCES `MST_PLANT` (`PLANT_CD`)
) ENGINE=InnoDB AUTO_INCREMENT=37 DEFAULT CHARSET=utf8mb4 COLLATE=utf8mb4_general_ci COMMENT='검사기준';
/*!40101 SET character_set_client = @saved_cs_client */;

--
-- Dumping data for table `QC_INSPECT_STD`
--

LOCK TABLES `QC_INSPECT_STD` WRITE;
/*!40000 ALTER TABLE `QC_INSPECT_STD` DISABLE KEYS */;
INSERT INTO `QC_INSPECT_STD` VALUES (1,'P001','RM-NCM-001','수입검사',1,'입도분석(D50)','레이저입도분석기','NUMBER',NULL,10.00000,14.00000,12.00000,'um',3,NULL,NULL,'Y',NULL,NULL,NULL,NULL,'Y','SYSTEM','2026-03-31 05:19:56',NULL,NULL),(2,'P001','RM-NCM-001','수입검사',2,'수분함량','칼피셔수분측정기','NUMBER',NULL,0.00000,0.03000,0.01000,'%',3,NULL,NULL,'Y',NULL,NULL,NULL,NULL,'Y','SYSTEM','2026-03-31 05:19:56',NULL,NULL),(3,'P001','RM-NCM-001','수입검사',3,'성적서확인','서류검사','YN',NULL,NULL,NULL,NULL,NULL,1,NULL,NULL,'Y',NULL,NULL,NULL,NULL,'Y','SYSTEM','2026-03-31 05:19:56',NULL,NULL),(4,'P001','RM-NCM-001','수입검사',4,'외관검사','육안검사','YN',NULL,NULL,NULL,NULL,NULL,1,NULL,NULL,'Y',NULL,NULL,NULL,NULL,'Y','SYSTEM','2026-03-31 05:19:56',NULL,NULL),(5,'P001','RM-ELY-001','수입검사',1,'수분함량','칼피셔수분측정기','NUMBER',NULL,0.00000,0.00200,0.00100,'%',3,NULL,NULL,'Y',NULL,NULL,NULL,NULL,'Y','SYSTEM','2026-03-31 05:19:56',NULL,NULL),(6,'P001','RM-ELY-001','수입검사',2,'HF농도','이온크로마토그래피','NUMBER',NULL,0.00000,30.00000,10.00000,'ppm',3,NULL,NULL,'Y',NULL,NULL,NULL,NULL,'Y','SYSTEM','2026-03-31 05:19:56',NULL,NULL),(7,'P001','RM-ELY-001','수입검사',3,'밀도','밀도계','NUMBER',NULL,1.15000,1.25000,1.20000,'g/mL',3,NULL,NULL,'Y',NULL,NULL,NULL,NULL,'Y','SYSTEM','2026-03-31 05:19:56',NULL,NULL),(8,'P001','RM-SEP-001','수입검사',1,'두께','마이크로미터','NUMBER',NULL,11.50000,12.50000,12.00000,'um',5,NULL,NULL,'Y',NULL,NULL,NULL,NULL,'Y','SYSTEM','2026-03-31 05:19:56',NULL,NULL),(9,'P001','RM-SEP-001','수입검사',2,'통기도','걸리투과도시험기','NUMBER',NULL,150.00000,250.00000,200.00000,'sec/100cc',3,NULL,NULL,'Y',NULL,NULL,NULL,NULL,'Y','SYSTEM','2026-03-31 05:19:56',NULL,NULL),(10,'P001','RM-SEP-001','수입검사',3,'인장강도(MD)','인장시험기','NUMBER',NULL,1500.00000,2500.00000,2000.00000,'kgf/cm2',3,NULL,NULL,'Y',NULL,NULL,NULL,NULL,'Y','SYSTEM','2026-03-31 05:19:56',NULL,NULL),(11,'P001','SF-CSL-001','공정검사',1,'점도','점도계(B형)','NUMBER',NULL,4000.00000,6000.00000,5000.00000,'cP',3,NULL,NULL,'Y','PR001',NULL,NULL,NULL,'Y','SYSTEM','2026-03-31 05:19:56',NULL,NULL),(12,'P001','SF-CSL-001','공정검사',2,'고형분','건조중량법','NUMBER',NULL,70.00000,74.00000,72.00000,'%',3,NULL,NULL,'Y','PR001',NULL,NULL,NULL,'Y','SYSTEM','2026-03-31 05:19:56',NULL,NULL),(13,'P001','SF-CSL-001','공정검사',3,'이물검사','필터스크린','YN',NULL,NULL,NULL,NULL,NULL,1,NULL,NULL,'Y','PR001',NULL,NULL,NULL,'Y','SYSTEM','2026-03-31 05:19:56',NULL,NULL),(14,'P001','SF-CEL-001','공정검사',1,'코팅두께','베타선두께측정기','NUMBER',NULL,145.00000,155.00000,150.00000,'um',5,NULL,NULL,'Y','PR002',NULL,NULL,NULL,'Y','SYSTEM','2026-03-31 05:19:56',NULL,NULL),(15,'P001','SF-CEL-001','공정검사',2,'로딩량','전자저울','NUMBER',NULL,24.00000,26.00000,25.00000,'mg/cm2',5,NULL,NULL,'Y','PR002',NULL,NULL,NULL,'Y','SYSTEM','2026-03-31 05:19:56',NULL,NULL),(16,'P001','SF-CEL-001','공정검사',3,'외관검사','육안/카메라','YN',NULL,NULL,NULL,NULL,NULL,1,NULL,NULL,'Y','PR002',NULL,NULL,NULL,'Y','SYSTEM','2026-03-31 05:19:56',NULL,NULL),(17,'P001','SF-CER-001','공정검사',1,'압연두께','마이크로미터','NUMBER',NULL,118.00000,122.00000,120.00000,'um',5,NULL,NULL,'Y','PR005',NULL,NULL,NULL,'Y','SYSTEM','2026-03-31 05:19:56',NULL,NULL),(18,'P001','SF-CER-001','공정검사',2,'전극밀도','전자저울/캘리퍼스','NUMBER',NULL,3.40000,3.60000,3.50000,'g/cc',3,NULL,NULL,'Y','PR005',NULL,NULL,NULL,'Y','SYSTEM','2026-03-31 05:19:56',NULL,NULL),(19,'P001','SF-WET-001','공정검사',1,'주입량','전자저울','NUMBER',NULL,0.11500,0.12500,0.12000,'L',1,NULL,NULL,'Y','PR011',NULL,NULL,NULL,'Y','SYSTEM','2026-03-31 05:19:56',NULL,NULL),(20,'P001','SF-WET-001','공정검사',2,'실링강도','인장시험기','NUMBER',NULL,30.00000,60.00000,45.00000,'N/15mm',3,NULL,NULL,'Y','PR012',NULL,NULL,NULL,'Y','SYSTEM','2026-03-31 05:19:56',NULL,NULL),(21,'P001','SF-WET-001','공정검사',3,'기밀검사','진공리크테스터','YN',NULL,NULL,NULL,NULL,NULL,1,NULL,NULL,'Y','PR012',NULL,NULL,NULL,'Y','SYSTEM','2026-03-31 05:19:56',NULL,NULL),(22,'P001','FG-CEL-001','최종검사',1,'방전용량','충방전기','NUMBER',NULL,58.00000,64.00000,60.00000,'Ah',1,NULL,NULL,'Y','PR017',NULL,NULL,NULL,'Y','SYSTEM','2026-03-31 05:19:56',NULL,NULL),(23,'P001','FG-CEL-001','최종검사',2,'OCV','멀티미터','NUMBER',NULL,3.60000,3.80000,3.70000,'V',1,NULL,NULL,'Y','PR017',NULL,NULL,NULL,'Y','SYSTEM','2026-03-31 05:19:56',NULL,NULL),(24,'P001','FG-CEL-001','최종검사',3,'IR(내부저항)','IR측정기','NUMBER',NULL,0.00000,1.50000,0.80000,'mohm',1,NULL,NULL,'Y','PR017',NULL,NULL,NULL,'Y','SYSTEM','2026-03-31 05:19:56',NULL,NULL),(25,'P001','FG-CEL-001','최종검사',4,'외관검사','육안검사','YN',NULL,NULL,NULL,NULL,NULL,1,NULL,NULL,'Y','PR017',NULL,NULL,NULL,'Y','SYSTEM','2026-03-31 05:19:56',NULL,NULL),(26,'P001','FG-CEL-001','최종검사',5,'두께/치수','캘리퍼스','NUMBER',NULL,9.50000,10.50000,10.00000,'mm',1,NULL,NULL,'Y','PR017',NULL,NULL,NULL,'Y','SYSTEM','2026-03-31 05:19:56',NULL,NULL),(27,'P002','FG-MOD-001','최종검사',1,'모듈전압','고전압측정기','NUMBER',NULL,57.60000,60.80000,59.20000,'V',1,NULL,NULL,'Y','PR019',NULL,NULL,NULL,'Y','SYSTEM','2026-03-31 05:19:56',NULL,NULL),(28,'P002','FG-MOD-001','최종검사',2,'셀전압편차','멀티채널전압계','NUMBER',NULL,0.00000,0.02000,0.00000,'V',1,NULL,NULL,'Y','PR019',NULL,NULL,NULL,'Y','SYSTEM','2026-03-31 05:19:56',NULL,NULL),(29,'P002','FG-MOD-001','최종검사',3,'절연저항','절연저항계','NUMBER',NULL,100.00000,99999.00000,500.00000,'Mohm',1,NULL,NULL,'Y','PR019',NULL,NULL,NULL,'Y','SYSTEM','2026-03-31 05:19:56',NULL,NULL),(30,'P002','FG-MOD-001','최종검사',4,'외관검사','육안검사','YN',NULL,NULL,NULL,NULL,NULL,1,NULL,NULL,'Y','PR019',NULL,NULL,NULL,'Y','SYSTEM','2026-03-31 05:19:56',NULL,NULL),(31,'P002','FG-PCK-001','최종검사',1,'팩전압','고전압측정기','NUMBER',NULL,345.60000,364.80000,355.20000,'V',1,NULL,NULL,'Y','PR022',NULL,NULL,NULL,'Y','SYSTEM','2026-03-31 05:19:56',NULL,NULL),(32,'P002','FG-PCK-001','최종검사',2,'절연저항','절연저항계(히오키)','NUMBER',NULL,500.00000,99999.00000,1000.00000,'Mohm',1,NULL,NULL,'Y','PR022',NULL,NULL,NULL,'Y','SYSTEM','2026-03-31 05:19:56',NULL,NULL),(33,'P002','FG-PCK-001','최종검사',3,'BMS통신','CAN분석기','YN',NULL,NULL,NULL,NULL,NULL,1,NULL,NULL,'Y','PR022',NULL,NULL,NULL,'Y','SYSTEM','2026-03-31 05:19:56',NULL,NULL),(34,'P002','FG-PCK-001','최종검사',4,'냉각성능','유량계/온도계','NUMBER',NULL,5.00000,15.00000,10.00000,'L/min',1,NULL,NULL,'Y','PR022',NULL,NULL,NULL,'Y','SYSTEM','2026-03-31 05:19:56',NULL,NULL),(35,'P002','FG-PCK-001','최종검사',5,'체결토크','토크렌치','NUMBER',NULL,8.00000,12.00000,10.00000,'Nm',5,NULL,NULL,'Y','PR022',NULL,NULL,NULL,'Y','SYSTEM','2026-03-31 05:19:56',NULL,NULL),(36,'P002','FG-PCK-001','최종검사',6,'외관검사','육안검사','YN',NULL,NULL,NULL,NULL,NULL,1,NULL,NULL,'Y','PR022',NULL,NULL,NULL,'Y','SYSTEM','2026-03-31 05:19:56',NULL,NULL);
/*!40000 ALTER TABLE `QC_INSPECT_STD` ENABLE KEYS */;
UNLOCK TABLES;

--
-- Table structure for table `QC_MEASURE_EQUIP`
--

DROP TABLE IF EXISTS `QC_MEASURE_EQUIP`;
/*!40101 SET @saved_cs_client     = @@character_set_client */;
/*!50503 SET character_set_client = utf8mb4 */;
CREATE TABLE `QC_MEASURE_EQUIP` (
  `MEASURE_EQUIP_CD` varchar(20) COLLATE utf8mb4_general_ci NOT NULL COMMENT '측정장비코드',
  `PLANT_CD` varchar(20) COLLATE utf8mb4_general_ci NOT NULL COMMENT '공장코드',
  `MEASURE_EQUIP_NM` varchar(100) COLLATE utf8mb4_general_ci NOT NULL COMMENT '측정장비명',
  `EQUIP_TYPE` varchar(50) COLLATE utf8mb4_general_ci DEFAULT NULL COMMENT '장비유형',
  `MODEL_NM` varchar(100) COLLATE utf8mb4_general_ci DEFAULT NULL COMMENT '모델명',
  `MAKER` varchar(100) COLLATE utf8mb4_general_ci DEFAULT NULL COMMENT '제조사',
  `SERIAL_NO` varchar(100) COLLATE utf8mb4_general_ci DEFAULT NULL COMMENT '시리얼번호',
  `MEASURE_RANGE` varchar(100) COLLATE utf8mb4_general_ci DEFAULT NULL COMMENT '측정범위',
  `RESOLUTION` varchar(50) COLLATE utf8mb4_general_ci DEFAULT NULL COMMENT '분해능',
  `ACCURACY` varchar(50) COLLATE utf8mb4_general_ci DEFAULT NULL COMMENT '정확도',
  `PURCHASE_DT` date DEFAULT NULL COMMENT '구매일',
  `LAST_CAL_DT` date DEFAULT NULL COMMENT '최종교정일',
  `NEXT_CAL_DT` date DEFAULT NULL COMMENT '다음교정예정일',
  `CAL_CYCLE` int DEFAULT NULL COMMENT '교정주기(월)',
  `LOCATION` varchar(100) COLLATE utf8mb4_general_ci DEFAULT NULL COMMENT '보관위치',
  `MANAGER_ID` varchar(20) COLLATE utf8mb4_general_ci DEFAULT NULL COMMENT '담당자ID',
  `EQUIP_STATUS` varchar(20) COLLATE utf8mb4_general_ci NOT NULL DEFAULT '정상' COMMENT '장비상태',
  `USE_YN` char(1) COLLATE utf8mb4_general_ci NOT NULL DEFAULT 'Y' COMMENT '사용여부',
  `REG_USER_ID` varchar(50) COLLATE utf8mb4_general_ci NOT NULL COMMENT '등록자ID',
  `REG_DTM` datetime NOT NULL DEFAULT CURRENT_TIMESTAMP COMMENT '등록일시',
  `UPD_USER_ID` varchar(50) COLLATE utf8mb4_general_ci DEFAULT NULL COMMENT '수정자ID',
  `UPD_DTM` datetime DEFAULT NULL ON UPDATE CURRENT_TIMESTAMP COMMENT '수정일시',
  PRIMARY KEY (`MEASURE_EQUIP_CD`),
  KEY `IDX_QC_MEASURE_EQUIP_01` (`PLANT_CD`,`EQUIP_STATUS`),
  KEY `IDX_QC_MEASURE_EQUIP_02` (`NEXT_CAL_DT`),
  CONSTRAINT `FK_QC_MEASURE_EQUIP_PLANT` FOREIGN KEY (`PLANT_CD`) REFERENCES `MST_PLANT` (`PLANT_CD`)
) ENGINE=InnoDB DEFAULT CHARSET=utf8mb4 COLLATE=utf8mb4_general_ci COMMENT='측정장비';
/*!40101 SET character_set_client = @saved_cs_client */;

--
-- Dumping data for table `QC_MEASURE_EQUIP`
--

LOCK TABLES `QC_MEASURE_EQUIP` WRITE;
/*!40000 ALTER TABLE `QC_MEASURE_EQUIP` DISABLE KEYS */;
INSERT INTO `QC_MEASURE_EQUIP` VALUES ('ME-B001','P001','레이저입도분석기','입도분석','Mastersizer 3000','Malvern','MV-2022-001','0.01-3500um','0.01um','±0.5%','2022-03-01','2024-10-15','2025-04-15',6,'전극분석실','W013','정상','Y','SYSTEM','2026-03-31 05:19:59',NULL,NULL),('ME-B002','P001','칼피셔수분측정기','수분분석','KF-1000','Metrohm','MT-2022-001','0.001-100%','0.001%','±0.005%','2022-03-01','2024-11-01','2025-05-01',6,'전극분석실','W013','정상','Y','SYSTEM','2026-03-31 05:19:59',NULL,NULL),('ME-B003','P001','점도계(B형)','점도측정','DV2T','Brookfield','BF-2022-001','1-6000000cP','1cP','±1%','2022-04-01','2024-09-20','2025-03-20',6,'전극분석실','W013','정상','Y','SYSTEM','2026-03-31 05:19:59',NULL,NULL),('ME-B004','P001','베타선두께측정기','두께측정','Beta-5000','한국계측','KM-2022-001','0-500um','0.1um','±0.5um','2022-04-15','2024-10-01','2025-04-01',6,'코팅라인','W013','정상','Y','SYSTEM','2026-03-31 05:19:59',NULL,NULL),('ME-B005','P001','마이크로미터(전극)','두께측정','MDC-25MX','Mitutoyo','MT-2022-002','0-25mm','0.001mm','±0.002mm','2022-05-01','2024-11-15','2025-05-15',6,'검사실','W013','정상','Y','SYSTEM','2026-03-31 05:19:59',NULL,NULL),('ME-B006','P001','충방전기(검사용)','전기특성','BCS-100','피엔이솔루션','PE-2022-001','0-5V/0-100A','0.001V/0.01A','±0.05%','2022-06-01','2024-12-01','2025-06-01',6,'셀검사실','W013','정상','Y','SYSTEM','2026-03-31 05:19:59',NULL,NULL),('ME-B007','P001','OCV측정기(정밀)','전압측정','OCV-500P','한국계측','KM-2022-002','0-5V','0.0001V','±0.01%','2022-06-15','2024-12-10','2025-06-10',6,'셀검사실','W013','정상','Y','SYSTEM','2026-03-31 05:19:59',NULL,NULL),('ME-B008','P001','IR측정기(ACR)','저항측정','ACR-1000','히오키','HK-2022-001','0-100mohm','0.001mohm','±0.5%','2022-07-01','2024-11-20','2025-05-20',6,'셀검사실','W013','정상','Y','SYSTEM','2026-03-31 05:19:59',NULL,NULL),('ME-B009','P001','인장시험기','물성측정','UTM-5000','한국인장','KT-2022-001','0-5kN','0.01N','±0.5%','2022-08-01','2024-10-20','2025-04-20',6,'검사실','W013','정상','Y','SYSTEM','2026-03-31 05:19:59',NULL,NULL),('ME-B010','P001','진공리크테스터','기밀검사','LT-300','한국진공','KV-2022-001','1E-9 Pa·m3/s','N/A','N/A','2022-09-01','2024-12-15','2025-06-15',6,'조립검사실','W013','정상','Y','SYSTEM','2026-03-31 05:19:59',NULL,NULL),('ME-B011','P002','고전압측정기','전압측정','HV-1000','한국계측','KM-2023-001','0-1000V','0.01V','±0.02%','2023-01-15','2024-12-01','2025-06-01',6,'팩검사실','W023','정상','Y','SYSTEM','2026-03-31 05:19:59',NULL,NULL),('ME-B012','P002','절연저항계','저항측정','IR3455','히오키','HK-2023-001','0-5000Mohm','0.01Mohm','±2%','2023-02-01','2024-11-15','2025-05-15',6,'팩검사실','W023','정상','Y','SYSTEM','2026-03-31 05:19:59',NULL,NULL),('ME-B013','P002','CAN분석기','통신분석','CANalyzer','Vector','VT-2023-001','CAN2.0/FD','N/A','N/A','2023-02-15','2024-12-20','2025-06-20',6,'팩검사실','W023','정상','Y','SYSTEM','2026-03-31 05:19:59',NULL,NULL),('ME-B014','P002','토크렌치(디지털)','토크측정','CEM DT-200','CEM','CM-2023-001','2-200Nm','0.1Nm','±2%','2023-03-01','2024-11-01','2025-05-01',6,'팩조립실','W023','정상','Y','SYSTEM','2026-03-31 05:19:59',NULL,NULL),('ME-B015','P002','멀티채널전압계','전압측정','MV-32ch','한국전자','KE-2023-001','0-5V x 32ch','0.0001V','±0.01%','2023-03-15','2024-12-05','2025-06-05',6,'팩검사실','W023','정상','Y','SYSTEM','2026-03-31 05:19:59',NULL,NULL);
/*!40000 ALTER TABLE `QC_MEASURE_EQUIP` ENABLE KEYS */;
UNLOCK TABLES;

--
-- Temporary view structure for view `V_DAILY_PROD_SUMMARY`
--

DROP TABLE IF EXISTS `V_DAILY_PROD_SUMMARY`;
/*!50001 DROP VIEW IF EXISTS `V_DAILY_PROD_SUMMARY`*/;
SET @saved_cs_client     = @@character_set_client;
/*!50503 SET character_set_client = utf8mb4 */;
/*!50001 CREATE VIEW `V_DAILY_PROD_SUMMARY` AS SELECT 
 1 AS `PLANT_CD`,
 1 AS `RESULT_DT`,
 1 AS `ITEM_CD`,
 1 AS `ITEM_NM`,
 1 AS `ITEM_TYPE`,
 1 AS `WORKCENTER_CD`,
 1 AS `WORKCENTER_NM`,
 1 AS `WO_CNT`,
 1 AS `TOTAL_PROD_QTY`,
 1 AS `TOTAL_GOOD_QTY`,
 1 AS `TOTAL_DEFECT_QTY`,
 1 AS `YIELD_RATE`,
 1 AS `TOTAL_WORK_TIME`*/;
SET character_set_client = @saved_cs_client;

--
-- Temporary view structure for view `V_DEFECT_ANALYSIS`
--

DROP TABLE IF EXISTS `V_DEFECT_ANALYSIS`;
/*!50001 DROP VIEW IF EXISTS `V_DEFECT_ANALYSIS`*/;
SET @saved_cs_client     = @@character_set_client;
/*!50503 SET character_set_client = utf8mb4 */;
/*!50001 CREATE VIEW `V_DEFECT_ANALYSIS` AS SELECT 
 1 AS `PLANT_CD`,
 1 AS `DEFECT_DT`,
 1 AS `ITEM_CD`,
 1 AS `ITEM_NM`,
 1 AS `DEFECT_CD`,
 1 AS `DEFECT_NM`,
 1 AS `DEFECT_TYPE`,
 1 AS `PROCESS_CD`,
 1 AS `EQUIPMENT_CD`,
 1 AS `EQUIPMENT_NM`,
 1 AS `TOTAL_DEFECT_QTY`,
 1 AS `DEFECT_CNT`*/;
SET character_set_client = @saved_cs_client;

--
-- Temporary view structure for view `V_DOWNTIME_ANALYSIS`
--

DROP TABLE IF EXISTS `V_DOWNTIME_ANALYSIS`;
/*!50001 DROP VIEW IF EXISTS `V_DOWNTIME_ANALYSIS`*/;
SET @saved_cs_client     = @@character_set_client;
/*!50503 SET character_set_client = utf8mb4 */;
/*!50001 CREATE VIEW `V_DOWNTIME_ANALYSIS` AS SELECT 
 1 AS `PLANT_CD`,
 1 AS `EQUIPMENT_CD`,
 1 AS `EQUIPMENT_NM`,
 1 AS `DOWNTIME_DT`,
 1 AS `DOWNTIME_TYPE`,
 1 AS `DOWNTIME_CD`,
 1 AS `DOWNTIME_NM`,
 1 AS `TOTAL_DOWNTIME_MIN`,
 1 AS `DOWNTIME_CNT`,
 1 AS `PLANNED_YN`*/;
SET character_set_client = @saved_cs_client;

--
-- Temporary view structure for view `V_EQUIPMENT_UTILIZATION`
--

DROP TABLE IF EXISTS `V_EQUIPMENT_UTILIZATION`;
/*!50001 DROP VIEW IF EXISTS `V_EQUIPMENT_UTILIZATION`*/;
SET @saved_cs_client     = @@character_set_client;
/*!50503 SET character_set_client = utf8mb4 */;
/*!50001 CREATE VIEW `V_EQUIPMENT_UTILIZATION` AS SELECT 
 1 AS `PLANT_CD`,
 1 AS `EQUIPMENT_CD`,
 1 AS `EQUIPMENT_NM`,
 1 AS `EQUIPMENT_TYPE`,
 1 AS `OPER_DT`,
 1 AS `SHIFT`,
 1 AS `RUN_TIME`,
 1 AS `DOWN_TIME`,
 1 AS `IDLE_TIME`,
 1 AS `TOTAL_TIME`,
 1 AS `UTILIZATION_RATE`,
 1 AS `TOTAL_PROD_QTY`*/;
SET character_set_client = @saved_cs_client;

--
-- Temporary view structure for view `V_INSPECT_SUMMARY`
--

DROP TABLE IF EXISTS `V_INSPECT_SUMMARY`;
/*!50001 DROP VIEW IF EXISTS `V_INSPECT_SUMMARY`*/;
SET @saved_cs_client     = @@character_set_client;
/*!50503 SET character_set_client = utf8mb4 */;
/*!50001 CREATE VIEW `V_INSPECT_SUMMARY` AS SELECT 
 1 AS `PLANT_CD`,
 1 AS `INSPECT_DT`,
 1 AS `INSPECT_TYPE`,
 1 AS `ITEM_CD`,
 1 AS `ITEM_NM`,
 1 AS `INSPECT_CNT`,
 1 AS `TOTAL_INSPECT_QTY`,
 1 AS `TOTAL_PASS_QTY`,
 1 AS `TOTAL_FAIL_QTY`,
 1 AS `PASS_RATE`,
 1 AS `PASS_CNT`,
 1 AS `FAIL_CNT`,
 1 AS `COND_PASS_CNT`*/;
SET character_set_client = @saved_cs_client;

--
-- Temporary view structure for view `V_LOT_TRACKING`
--

DROP TABLE IF EXISTS `V_LOT_TRACKING`;
/*!50001 DROP VIEW IF EXISTS `V_LOT_TRACKING`*/;
SET @saved_cs_client     = @@character_set_client;
/*!50503 SET character_set_client = utf8mb4 */;
/*!50001 CREATE VIEW `V_LOT_TRACKING` AS SELECT 
 1 AS `LOT_NO`,
 1 AS `PLANT_CD`,
 1 AS `ITEM_CD`,
 1 AS `ITEM_NM`,
 1 AS `LOT_QTY`,
 1 AS `CURRENT_QTY`,
 1 AS `CREATE_DT`,
 1 AS `EXPIRE_DT`,
 1 AS `LOT_STATUS`,
 1 AS `VENDOR_CD`,
 1 AS `VENDOR_NM`,
 1 AS `VENDOR_LOT_NO`,
 1 AS `WO_ID`,
 1 AS `WO_NO`,
 1 AS `PARENT_LOT_NO`*/;
SET character_set_client = @saved_cs_client;

--
-- Temporary view structure for view `V_MAINT_SCHEDULE_ALERT`
--

DROP TABLE IF EXISTS `V_MAINT_SCHEDULE_ALERT`;
/*!50001 DROP VIEW IF EXISTS `V_MAINT_SCHEDULE_ALERT`*/;
SET @saved_cs_client     = @@character_set_client;
/*!50503 SET character_set_client = utf8mb4 */;
/*!50001 CREATE VIEW `V_MAINT_SCHEDULE_ALERT` AS SELECT 
 1 AS `MAINT_PLAN_ID`,
 1 AS `PLANT_CD`,
 1 AS `EQUIPMENT_CD`,
 1 AS `EQUIPMENT_NM`,
 1 AS `WORKCENTER_CD`,
 1 AS `WORKCENTER_NM`,
 1 AS `MAINT_PLAN_NM`,
 1 AS `MAINT_TYPE`,
 1 AS `NEXT_MAINT_DT`,
 1 AS `LAST_MAINT_DT`,
 1 AS `DAYS_UNTIL_MAINT`,
 1 AS `MAINT_ALERT_STATUS`,
 1 AS `MANAGER_ID`,
 1 AS `MANAGER_NM`*/;
SET character_set_client = @saved_cs_client;

--
-- Temporary view structure for view `V_STOCK_SUMMARY`
--

DROP TABLE IF EXISTS `V_STOCK_SUMMARY`;
/*!50001 DROP VIEW IF EXISTS `V_STOCK_SUMMARY`*/;
SET @saved_cs_client     = @@character_set_client;
/*!50503 SET character_set_client = utf8mb4 */;
/*!50001 CREATE VIEW `V_STOCK_SUMMARY` AS SELECT 
 1 AS `PLANT_CD`,
 1 AS `ITEM_CD`,
 1 AS `ITEM_NM`,
 1 AS `ITEM_TYPE`,
 1 AS `ITEM_GRP`,
 1 AS `UNIT`,
 1 AS `TOTAL_STOCK_QTY`,
 1 AS `TOTAL_RESERVED_QTY`,
 1 AS `TOTAL_AVAILABLE_QTY`,
 1 AS `SAFETY_STOCK_QTY`,
 1 AS `LOW_STOCK_YN`,
 1 AS `TOTAL_STOCK_AMT`*/;
SET character_set_client = @saved_cs_client;

--
-- Temporary view structure for view `V_VENDOR_INSPECT_STATUS`
--

DROP TABLE IF EXISTS `V_VENDOR_INSPECT_STATUS`;
/*!50001 DROP VIEW IF EXISTS `V_VENDOR_INSPECT_STATUS`*/;
SET @saved_cs_client     = @@character_set_client;
/*!50503 SET character_set_client = utf8mb4 */;
/*!50001 CREATE VIEW `V_VENDOR_INSPECT_STATUS` AS SELECT 
 1 AS `PLANT_CD`,
 1 AS `VENDOR_CD`,
 1 AS `VENDOR_NM`,
 1 AS `ITEM_CD`,
 1 AS `ITEM_NM`,
 1 AS `INSPECT_CNT`,
 1 AS `TOTAL_INSPECT_QTY`,
 1 AS `TOTAL_PASS_QTY`,
 1 AS `TOTAL_FAIL_QTY`,
 1 AS `PASS_RATE`*/;
SET character_set_client = @saved_cs_client;

--
-- Temporary view structure for view `V_WAREHOUSE_STOCK`
--

DROP TABLE IF EXISTS `V_WAREHOUSE_STOCK`;
/*!50001 DROP VIEW IF EXISTS `V_WAREHOUSE_STOCK`*/;
SET @saved_cs_client     = @@character_set_client;
/*!50503 SET character_set_client = utf8mb4 */;
/*!50001 CREATE VIEW `V_WAREHOUSE_STOCK` AS SELECT 
 1 AS `PLANT_CD`,
 1 AS `WAREHOUSE_CD`,
 1 AS `WAREHOUSE_NM`,
 1 AS `WAREHOUSE_TYPE`,
 1 AS `ITEM_CD`,
 1 AS `ITEM_NM`,
 1 AS `ITEM_TYPE`,
 1 AS `LOT_NO`,
 1 AS `STOCK_QTY`,
 1 AS `RESERVED_QTY`,
 1 AS `AVAILABLE_QTY`,
 1 AS `STOCK_STATUS`,
 1 AS `EXPIRE_DT`,
 1 AS `NEAR_EXPIRE_YN`*/;
SET character_set_client = @saved_cs_client;

--
-- Temporary view structure for view `V_WORK_ORDER_STATUS`
--

DROP TABLE IF EXISTS `V_WORK_ORDER_STATUS`;
/*!50001 DROP VIEW IF EXISTS `V_WORK_ORDER_STATUS`*/;
SET @saved_cs_client     = @@character_set_client;
/*!50503 SET character_set_client = utf8mb4 */;
/*!50001 CREATE VIEW `V_WORK_ORDER_STATUS` AS SELECT 
 1 AS `WO_ID`,
 1 AS `PLANT_CD`,
 1 AS `WO_NO`,
 1 AS `WO_DT`,
 1 AS `ITEM_CD`,
 1 AS `ITEM_NM`,
 1 AS `WO_QTY`,
 1 AS `GOOD_QTY`,
 1 AS `DEFECT_QTY`,
 1 AS `PROGRESS_RATE`,
 1 AS `WO_STATUS`,
 1 AS `WORKCENTER_CD`,
 1 AS `WORKCENTER_NM`,
 1 AS `EQUIPMENT_CD`,
 1 AS `EQUIPMENT_NM`,
 1 AS `WORKER_ID`,
 1 AS `WORKER_NM`,
 1 AS `PLAN_START_DTM`,
 1 AS `PLAN_END_DTM`,
 1 AS `ACTUAL_START_DTM`,
 1 AS `ACTUAL_END_DTM`,
 1 AS `LOT_NO`,
 1 AS `PRIORITY`*/;
SET character_set_client = @saved_cs_client;

--
-- Table structure for table `flyway_schema_history`
--

DROP TABLE IF EXISTS `flyway_schema_history`;
/*!40101 SET @saved_cs_client     = @@character_set_client */;
/*!50503 SET character_set_client = utf8mb4 */;
CREATE TABLE `flyway_schema_history` (
  `installed_rank` int NOT NULL,
  `version` varchar(50) DEFAULT NULL,
  `description` varchar(200) NOT NULL,
  `type` varchar(20) NOT NULL,
  `script` varchar(1000) NOT NULL,
  `checksum` int DEFAULT NULL,
  `installed_by` varchar(100) NOT NULL,
  `installed_on` timestamp NOT NULL DEFAULT CURRENT_TIMESTAMP,
  `execution_time` int NOT NULL,
  `success` tinyint(1) NOT NULL,
  PRIMARY KEY (`installed_rank`),
  KEY `flyway_schema_history_s_idx` (`success`)
) ENGINE=InnoDB DEFAULT CHARSET=utf8mb4 COLLATE=utf8mb4_0900_ai_ci;
/*!40101 SET character_set_client = @saved_cs_client */;

--
-- Dumping data for table `flyway_schema_history`
--

LOCK TABLES `flyway_schema_history` WRITE;
/*!40000 ALTER TABLE `flyway_schema_history` DISABLE KEYS */;
INSERT INTO `flyway_schema_history` VALUES (1,'1','<< Flyway Baseline >>','BASELINE','<< Flyway Baseline >>',NULL,'avnadmin','2026-03-31 01:43:37',0,1),(2,'2','baseline marker','SQL','V2__baseline_marker.sql',1742614519,'avnadmin','2026-03-31 01:43:49',1876,1),(3,'3','add master indexes','SQL','V3__add_master_indexes.sql',222035767,'avnadmin','2026-03-31 01:44:05',7940,1);
/*!40000 ALTER TABLE `flyway_schema_history` ENABLE KEYS */;
UNLOCK TABLES;

--
-- Dumping routines for database 'MES_DB'
--
/*!50003 DROP PROCEDURE IF EXISTS `SP_CREATE_WORK_ORDER` */;
/*!50003 SET @saved_cs_client      = @@character_set_client */ ;
/*!50003 SET @saved_cs_results     = @@character_set_results */ ;
/*!50003 SET @saved_col_connection = @@collation_connection */ ;
/*!50003 SET character_set_client  = utf8mb4 */ ;
/*!50003 SET character_set_results = utf8mb4 */ ;
/*!50003 SET collation_connection  = utf8mb4_0900_ai_ci */ ;
/*!50003 SET @saved_sql_mode       = @@sql_mode */ ;
/*!50003 SET sql_mode              = 'REAL_AS_FLOAT,PIPES_AS_CONCAT,ANSI_QUOTES,IGNORE_SPACE,ONLY_FULL_GROUP_BY,ANSI,STRICT_TRANS_TABLES,STRICT_ALL_TABLES,NO_ZERO_IN_DATE,NO_ZERO_DATE,ERROR_FOR_DIVISION_BY_ZERO,NO_ENGINE_SUBSTITUTION' */ ;
DELIMITER ;;
CREATE DEFINER="avnadmin"@"%" PROCEDURE "SP_CREATE_WORK_ORDER"(
    IN p_plant_cd VARCHAR(20),
    IN p_item_cd VARCHAR(50),
    IN p_wo_qty DECIMAL(15,3),
    IN p_plan_start_dtm DATETIME,
    IN p_plan_end_dtm DATETIME,
    IN p_workcenter_cd VARCHAR(20),
    IN p_user_id VARCHAR(50),
    OUT p_wo_id BIGINT,
    OUT p_wo_no VARCHAR(30)
)
BEGIN
    DECLARE v_wo_no VARCHAR(30);
    
    -- 작업지시번호 채번
    CALL SP_GET_WO_NO(v_wo_no);
    
    -- 작업지시 등록
    INSERT INTO PLN_WORK_ORDER (
        PLANT_CD, WO_NO, WO_DT, ITEM_CD, WO_QTY,
        WORKCENTER_CD, PLAN_START_DTM, PLAN_END_DTM,
        WO_STATUS, REG_USER_ID
    ) VALUES (
        p_plant_cd, v_wo_no, CURDATE(), p_item_cd, p_wo_qty,
        p_workcenter_cd, p_plan_start_dtm, p_plan_end_dtm,
        '대기', p_user_id
    );
    
    SET p_wo_id = LAST_INSERT_ID();
    SET p_wo_no = v_wo_no;
    
    -- 자재 소요량 자동 생성 (BOM 기반)
    INSERT INTO PLN_WO_MATERIAL (WO_ID, ITEM_CD, PLAN_QTY, REG_USER_ID)
    SELECT p_wo_id, 
           b.CHILD_ITEM_CD, 
           ROUND(p_wo_qty * b.BOM_QTY * (1 + COALESCE(b.LOSS_RATE, 0) / 100), 5),
           p_user_id
    FROM MST_BOM b
    WHERE b.PARENT_ITEM_CD = p_item_cd
      AND b.USE_YN = 'Y'
      AND CURDATE() BETWEEN b.START_DT AND COALESCE(b.END_DT, '9999-12-31');
    
END ;;
DELIMITER ;
/*!50003 SET sql_mode              = @saved_sql_mode */ ;
/*!50003 SET character_set_client  = @saved_cs_client */ ;
/*!50003 SET character_set_results = @saved_cs_results */ ;
/*!50003 SET collation_connection  = @saved_col_connection */ ;
/*!50003 DROP PROCEDURE IF EXISTS `SP_GET_LOT_NO` */;
/*!50003 SET @saved_cs_client      = @@character_set_client */ ;
/*!50003 SET @saved_cs_results     = @@character_set_results */ ;
/*!50003 SET @saved_col_connection = @@collation_connection */ ;
/*!50003 SET character_set_client  = utf8mb4 */ ;
/*!50003 SET character_set_results = utf8mb4 */ ;
/*!50003 SET collation_connection  = utf8mb4_0900_ai_ci */ ;
/*!50003 SET @saved_sql_mode       = @@sql_mode */ ;
/*!50003 SET sql_mode              = 'REAL_AS_FLOAT,PIPES_AS_CONCAT,ANSI_QUOTES,IGNORE_SPACE,ONLY_FULL_GROUP_BY,ANSI,STRICT_TRANS_TABLES,STRICT_ALL_TABLES,NO_ZERO_IN_DATE,NO_ZERO_DATE,ERROR_FOR_DIVISION_BY_ZERO,NO_ENGINE_SUBSTITUTION' */ ;
DELIMITER ;;
CREATE DEFINER="avnadmin"@"%" PROCEDURE "SP_GET_LOT_NO"(
    IN p_item_cd VARCHAR(50),
    OUT p_lot_no VARCHAR(50)
)
BEGIN
    DECLARE v_seq INT DEFAULT 0;
    DECLARE v_seq_dt DATE DEFAULT CURDATE();
    
    SELECT COALESCE(MAX(CAST(SUBSTRING(LOT_NO, -3) AS UNSIGNED)), 0) + 1 INTO v_seq
    FROM INV_LOT
    WHERE ITEM_CD = p_item_cd
      AND DATE(CREATE_DT) = v_seq_dt;
    
    SET p_lot_no = CONCAT(p_item_cd, '-', DATE_FORMAT(v_seq_dt, '%Y%m%d'), '-', LPAD(v_seq, 3, '0'));
END ;;
DELIMITER ;
/*!50003 SET sql_mode              = @saved_sql_mode */ ;
/*!50003 SET character_set_client  = @saved_cs_client */ ;
/*!50003 SET character_set_results = @saved_cs_results */ ;
/*!50003 SET collation_connection  = @saved_col_connection */ ;
/*!50003 DROP PROCEDURE IF EXISTS `SP_GET_SEQ_NO` */;
/*!50003 SET @saved_cs_client      = @@character_set_client */ ;
/*!50003 SET @saved_cs_results     = @@character_set_results */ ;
/*!50003 SET @saved_col_connection = @@collation_connection */ ;
/*!50003 SET character_set_client  = utf8mb4 */ ;
/*!50003 SET character_set_results = utf8mb4 */ ;
/*!50003 SET collation_connection  = utf8mb4_0900_ai_ci */ ;
/*!50003 SET @saved_sql_mode       = @@sql_mode */ ;
/*!50003 SET sql_mode              = 'REAL_AS_FLOAT,PIPES_AS_CONCAT,ANSI_QUOTES,IGNORE_SPACE,ONLY_FULL_GROUP_BY,ANSI,STRICT_TRANS_TABLES,STRICT_ALL_TABLES,NO_ZERO_IN_DATE,NO_ZERO_DATE,ERROR_FOR_DIVISION_BY_ZERO,NO_ENGINE_SUBSTITUTION' */ ;
DELIMITER ;;
CREATE DEFINER="avnadmin"@"%" PROCEDURE "SP_GET_SEQ_NO"(
    IN p_seq_type VARCHAR(20),
    IN p_prefix VARCHAR(10),
    IN p_seq_length INT,
    OUT p_seq_no VARCHAR(50)
)
BEGIN
    DECLARE v_current_seq INT DEFAULT 0;
    DECLARE v_seq_dt DATE DEFAULT CURDATE();
    
    -- 채번 테이블 잠금
    SELECT CURRENT_SEQ INTO v_current_seq
    FROM COM_SEQ_NO
    WHERE SEQ_TYPE = p_seq_type AND SEQ_DT = v_seq_dt
    FOR UPDATE;
    
    IF v_current_seq IS NULL THEN
        -- 신규 일자 채번 시작
        INSERT INTO COM_SEQ_NO (SEQ_TYPE, PREFIX, SEQ_DT, CURRENT_SEQ, SEQ_LENGTH)
        VALUES (p_seq_type, p_prefix, v_seq_dt, 1, p_seq_length);
        SET v_current_seq = 1;
    ELSE
        -- 기존 채번 증가
        UPDATE COM_SEQ_NO 
        SET CURRENT_SEQ = CURRENT_SEQ + 1
        WHERE SEQ_TYPE = p_seq_type AND SEQ_DT = v_seq_dt;
        SET v_current_seq = v_current_seq + 1;
    END IF;
    
    -- 채번 결과 생성
    SET p_seq_no = CONCAT(p_prefix, DATE_FORMAT(v_seq_dt, '%Y%m%d'), 
                          LPAD(v_current_seq, p_seq_length, '0'));
END ;;
DELIMITER ;
/*!50003 SET sql_mode              = @saved_sql_mode */ ;
/*!50003 SET character_set_client  = @saved_cs_client */ ;
/*!50003 SET character_set_results = @saved_cs_results */ ;
/*!50003 SET collation_connection  = @saved_col_connection */ ;
/*!50003 DROP PROCEDURE IF EXISTS `SP_GET_WO_NO` */;
/*!50003 SET @saved_cs_client      = @@character_set_client */ ;
/*!50003 SET @saved_cs_results     = @@character_set_results */ ;
/*!50003 SET @saved_col_connection = @@collation_connection */ ;
/*!50003 SET character_set_client  = utf8mb4 */ ;
/*!50003 SET character_set_results = utf8mb4 */ ;
/*!50003 SET collation_connection  = utf8mb4_0900_ai_ci */ ;
/*!50003 SET @saved_sql_mode       = @@sql_mode */ ;
/*!50003 SET sql_mode              = 'REAL_AS_FLOAT,PIPES_AS_CONCAT,ANSI_QUOTES,IGNORE_SPACE,ONLY_FULL_GROUP_BY,ANSI,STRICT_TRANS_TABLES,STRICT_ALL_TABLES,NO_ZERO_IN_DATE,NO_ZERO_DATE,ERROR_FOR_DIVISION_BY_ZERO,NO_ENGINE_SUBSTITUTION' */ ;
DELIMITER ;;
CREATE DEFINER="avnadmin"@"%" PROCEDURE "SP_GET_WO_NO"(
    OUT p_wo_no VARCHAR(30)
)
BEGIN
    CALL SP_GET_SEQ_NO('WO', 'WO', 4, p_wo_no);
END ;;
DELIMITER ;
/*!50003 SET sql_mode              = @saved_sql_mode */ ;
/*!50003 SET character_set_client  = @saved_cs_client */ ;
/*!50003 SET character_set_results = @saved_cs_results */ ;
/*!50003 SET collation_connection  = @saved_col_connection */ ;
/*!50003 DROP PROCEDURE IF EXISTS `SP_REG_WORK_RESULT` */;
/*!50003 SET @saved_cs_client      = @@character_set_client */ ;
/*!50003 SET @saved_cs_results     = @@character_set_results */ ;
/*!50003 SET @saved_col_connection = @@collation_connection */ ;
/*!50003 SET character_set_client  = utf8mb4 */ ;
/*!50003 SET character_set_results = utf8mb4 */ ;
/*!50003 SET collation_connection  = utf8mb4_0900_ai_ci */ ;
/*!50003 SET @saved_sql_mode       = @@sql_mode */ ;
/*!50003 SET sql_mode              = 'REAL_AS_FLOAT,PIPES_AS_CONCAT,ANSI_QUOTES,IGNORE_SPACE,ONLY_FULL_GROUP_BY,ANSI,STRICT_TRANS_TABLES,STRICT_ALL_TABLES,NO_ZERO_IN_DATE,NO_ZERO_DATE,ERROR_FOR_DIVISION_BY_ZERO,NO_ENGINE_SUBSTITUTION' */ ;
DELIMITER ;;
CREATE DEFINER="avnadmin"@"%" PROCEDURE "SP_REG_WORK_RESULT"(
    IN p_wo_id BIGINT,
    IN p_good_qty DECIMAL(15,3),
    IN p_defect_qty DECIMAL(15,3),
    IN p_worker_id VARCHAR(20),
    IN p_user_id VARCHAR(50),
    OUT p_result_id BIGINT
)
BEGIN
    DECLARE v_plant_cd VARCHAR(20);
    DECLARE v_item_cd VARCHAR(50);
    DECLARE v_workcenter_cd VARCHAR(20);
    DECLARE v_equipment_cd VARCHAR(20);
    DECLARE v_lot_no VARCHAR(50);
    DECLARE v_result_no VARCHAR(30);
    DECLARE v_prod_qty DECIMAL(15,3);
    
    SET v_prod_qty = p_good_qty + COALESCE(p_defect_qty, 0);
    
    -- 작업지시 정보 조회
    SELECT PLANT_CD, ITEM_CD, WORKCENTER_CD, EQUIPMENT_CD, LOT_NO
    INTO v_plant_cd, v_item_cd, v_workcenter_cd, v_equipment_cd, v_lot_no
    FROM PLN_WORK_ORDER
    WHERE WO_ID = p_wo_id;
    
    -- 실적번호 채번
    CALL SP_GET_SEQ_NO('PR', 'PR', 4, v_result_no);
    
    -- LOT번호 생성 (없는 경우)
    IF v_lot_no IS NULL THEN
        CALL SP_GET_LOT_NO(v_item_cd, v_lot_no);
        UPDATE PLN_WORK_ORDER SET LOT_NO = v_lot_no WHERE WO_ID = p_wo_id;
    END IF;
    
    -- 생산실적 등록
    INSERT INTO PRD_WORK_RESULT (
        PLANT_CD, RESULT_NO, WO_ID, RESULT_DT, SHIFT,
        WORKER_ID, WORKCENTER_CD, EQUIPMENT_CD, ITEM_CD,
        PROD_QTY, GOOD_QTY, DEFECT_QTY,
        START_DTM, LOT_NO, RESULT_STATUS, REG_USER_ID
    ) VALUES (
        v_plant_cd, v_result_no, p_wo_id, CURDATE(),
        CASE WHEN HOUR(NOW()) < 18 THEN '주간' ELSE '야간' END,
        p_worker_id, v_workcenter_cd, v_equipment_cd, v_item_cd,
        v_prod_qty, p_good_qty, p_defect_qty,
        NOW(), v_lot_no, '완료', p_user_id
    );
    
    SET p_result_id = LAST_INSERT_ID();
    
    -- 작업지시 수량 업데이트
    UPDATE PLN_WORK_ORDER
    SET GOOD_QTY = GOOD_QTY + p_good_qty,
        DEFECT_QTY = DEFECT_QTY + COALESCE(p_defect_qty, 0),
        UPD_USER_ID = p_user_id,
        UPD_DTM = NOW()
    WHERE WO_ID = p_wo_id;
    
    -- LOT 정보 생성/업데이트
    INSERT INTO INV_LOT (PLANT_CD, LOT_NO, ITEM_CD, LOT_QTY, CURRENT_QTY, 
                         CREATE_DT, WO_ID, LOT_TYPE, LOT_STATUS, REG_USER_ID)
    VALUES (v_plant_cd, v_lot_no, v_item_cd, p_good_qty, p_good_qty,
            CURDATE(), p_wo_id, '생산', '정상', p_user_id)
    ON DUPLICATE KEY UPDATE 
        LOT_QTY = LOT_QTY + p_good_qty,
        CURRENT_QTY = CURRENT_QTY + p_good_qty,
        UPD_USER_ID = p_user_id,
        UPD_DTM = NOW();
    
END ;;
DELIMITER ;
/*!50003 SET sql_mode              = @saved_sql_mode */ ;
/*!50003 SET character_set_client  = @saved_cs_client */ ;
/*!50003 SET character_set_results = @saved_cs_results */ ;
/*!50003 SET collation_connection  = @saved_col_connection */ ;
/*!50003 DROP PROCEDURE IF EXISTS `SP_START_WORK_ORDER` */;
/*!50003 SET @saved_cs_client      = @@character_set_client */ ;
/*!50003 SET @saved_cs_results     = @@character_set_results */ ;
/*!50003 SET @saved_col_connection = @@collation_connection */ ;
/*!50003 SET character_set_client  = utf8mb4 */ ;
/*!50003 SET character_set_results = utf8mb4 */ ;
/*!50003 SET collation_connection  = utf8mb4_0900_ai_ci */ ;
/*!50003 SET @saved_sql_mode       = @@sql_mode */ ;
/*!50003 SET sql_mode              = 'REAL_AS_FLOAT,PIPES_AS_CONCAT,ANSI_QUOTES,IGNORE_SPACE,ONLY_FULL_GROUP_BY,ANSI,STRICT_TRANS_TABLES,STRICT_ALL_TABLES,NO_ZERO_IN_DATE,NO_ZERO_DATE,ERROR_FOR_DIVISION_BY_ZERO,NO_ENGINE_SUBSTITUTION' */ ;
DELIMITER ;;
CREATE DEFINER="avnadmin"@"%" PROCEDURE "SP_START_WORK_ORDER"(
    IN p_wo_id BIGINT,
    IN p_worker_id VARCHAR(20),
    IN p_equipment_cd VARCHAR(20),
    IN p_user_id VARCHAR(50)
)
BEGIN
    -- 작업지시 상태 변경
    UPDATE PLN_WORK_ORDER
    SET WO_STATUS = '진행',
        ACTUAL_START_DTM = NOW(),
        WORKER_ID = p_worker_id,
        EQUIPMENT_CD = p_equipment_cd,
        UPD_USER_ID = p_user_id,
        UPD_DTM = NOW()
    WHERE WO_ID = p_wo_id;
    
    -- 설비 가동 시작 기록
    IF p_equipment_cd IS NOT NULL THEN
        INSERT INTO EQP_OPER_STATUS (
            PLANT_CD, EQUIPMENT_CD, OPER_DT, SHIFT, OPER_STATUS,
            START_DTM, WO_ID, WORKER_ID, REG_USER_ID
        )
        SELECT PLANT_CD, p_equipment_cd, CURDATE(), 
               CASE WHEN HOUR(NOW()) < 18 THEN '주간' ELSE '야간' END,
               '가동', NOW(), p_wo_id, p_worker_id, p_user_id
        FROM PLN_WORK_ORDER
        WHERE WO_ID = p_wo_id;
    END IF;
END ;;
DELIMITER ;
/*!50003 SET sql_mode              = @saved_sql_mode */ ;
/*!50003 SET character_set_client  = @saved_cs_client */ ;
/*!50003 SET character_set_results = @saved_cs_results */ ;
/*!50003 SET collation_connection  = @saved_col_connection */ ;
/*!50003 DROP PROCEDURE IF EXISTS `SP_STOCK_IN` */;
/*!50003 SET @saved_cs_client      = @@character_set_client */ ;
/*!50003 SET @saved_cs_results     = @@character_set_results */ ;
/*!50003 SET @saved_col_connection = @@collation_connection */ ;
/*!50003 SET character_set_client  = utf8mb4 */ ;
/*!50003 SET character_set_results = utf8mb4 */ ;
/*!50003 SET collation_connection  = utf8mb4_0900_ai_ci */ ;
/*!50003 SET @saved_sql_mode       = @@sql_mode */ ;
/*!50003 SET sql_mode              = 'REAL_AS_FLOAT,PIPES_AS_CONCAT,ANSI_QUOTES,IGNORE_SPACE,ONLY_FULL_GROUP_BY,ANSI,STRICT_TRANS_TABLES,STRICT_ALL_TABLES,NO_ZERO_IN_DATE,NO_ZERO_DATE,ERROR_FOR_DIVISION_BY_ZERO,NO_ENGINE_SUBSTITUTION' */ ;
DELIMITER ;;
CREATE DEFINER="avnadmin"@"%" PROCEDURE "SP_STOCK_IN"(
    IN p_plant_cd VARCHAR(20),
    IN p_warehouse_cd VARCHAR(20),
    IN p_item_cd VARCHAR(50),
    IN p_lot_no VARCHAR(50),
    IN p_qty DECIMAL(15,3),
    IN p_trans_reason VARCHAR(50),
    IN p_ref_type VARCHAR(20),
    IN p_ref_no VARCHAR(50),
    IN p_unit_price DECIMAL(18,4),
    IN p_user_id VARCHAR(50)
)
BEGIN
    DECLARE v_trans_no VARCHAR(30);
    DECLARE v_unit VARCHAR(20);
    DECLARE v_before_qty DECIMAL(15,3) DEFAULT 0;
    
    -- 품목 단위 조회
    SELECT UNIT INTO v_unit FROM MST_ITEM WHERE ITEM_CD = p_item_cd;
    
    -- 현재 재고 조회
    SELECT COALESCE(STOCK_QTY, 0) INTO v_before_qty
    FROM INV_STOCK
    WHERE PLANT_CD = p_plant_cd AND WAREHOUSE_CD = p_warehouse_cd 
      AND ITEM_CD = p_item_cd AND COALESCE(LOT_NO, '') = COALESCE(p_lot_no, '');
    
    -- 재고 증가
    INSERT INTO INV_STOCK (
        PLANT_CD, WAREHOUSE_CD, ITEM_CD, LOT_NO, STOCK_QTY, UNIT,
        STOCK_STATUS, LAST_IN_DT, UNIT_COST, STOCK_AMT, REG_USER_ID
    ) VALUES (
        p_plant_cd, p_warehouse_cd, p_item_cd, p_lot_no, p_qty, v_unit,
        '정상', CURDATE(), p_unit_price, p_qty * COALESCE(p_unit_price, 0), p_user_id
    )
    ON DUPLICATE KEY UPDATE
        STOCK_QTY = STOCK_QTY + p_qty,
        LAST_IN_DT = CURDATE(),
        STOCK_AMT = (STOCK_QTY + p_qty) * COALESCE(p_unit_price, UNIT_COST),
        UPD_USER_ID = p_user_id,
        UPD_DTM = NOW();
    
    -- 입출고 이력 등록
    CALL SP_GET_SEQ_NO('TR', 'TR', 4, v_trans_no);
    
    INSERT INTO INV_TRANS_HIS (
        PLANT_CD, TRANS_NO, TRANS_DT, TRANS_TYPE, TRANS_REASON,
        ITEM_CD, LOT_NO, TRANS_QTY, UNIT, TO_WAREHOUSE_CD,
        BEFORE_QTY, AFTER_QTY, REF_TYPE, REF_NO,
        UNIT_PRICE, TRANS_AMT, TRANS_USER_ID, REG_USER_ID
    ) VALUES (
        p_plant_cd, v_trans_no, CURDATE(), '입고', p_trans_reason,
        p_item_cd, p_lot_no, p_qty, v_unit, p_warehouse_cd,
        v_before_qty, v_before_qty + p_qty, p_ref_type, p_ref_no,
        p_unit_price, p_qty * COALESCE(p_unit_price, 0), p_user_id, p_user_id
    );
    
END ;;
DELIMITER ;
/*!50003 SET sql_mode              = @saved_sql_mode */ ;
/*!50003 SET character_set_client  = @saved_cs_client */ ;
/*!50003 SET character_set_results = @saved_cs_results */ ;
/*!50003 SET collation_connection  = @saved_col_connection */ ;
/*!50003 DROP PROCEDURE IF EXISTS `SP_STOCK_OUT` */;
/*!50003 SET @saved_cs_client      = @@character_set_client */ ;
/*!50003 SET @saved_cs_results     = @@character_set_results */ ;
/*!50003 SET @saved_col_connection = @@collation_connection */ ;
/*!50003 SET character_set_client  = utf8mb4 */ ;
/*!50003 SET character_set_results = utf8mb4 */ ;
/*!50003 SET collation_connection  = utf8mb4_0900_ai_ci */ ;
/*!50003 SET @saved_sql_mode       = @@sql_mode */ ;
/*!50003 SET sql_mode              = 'REAL_AS_FLOAT,PIPES_AS_CONCAT,ANSI_QUOTES,IGNORE_SPACE,ONLY_FULL_GROUP_BY,ANSI,STRICT_TRANS_TABLES,STRICT_ALL_TABLES,NO_ZERO_IN_DATE,NO_ZERO_DATE,ERROR_FOR_DIVISION_BY_ZERO,NO_ENGINE_SUBSTITUTION' */ ;
DELIMITER ;;
CREATE DEFINER="avnadmin"@"%" PROCEDURE "SP_STOCK_OUT"(
    IN p_plant_cd VARCHAR(20),
    IN p_warehouse_cd VARCHAR(20),
    IN p_item_cd VARCHAR(50),
    IN p_lot_no VARCHAR(50),
    IN p_qty DECIMAL(15,3),
    IN p_trans_reason VARCHAR(50),
    IN p_ref_type VARCHAR(20),
    IN p_ref_no VARCHAR(50),
    IN p_user_id VARCHAR(50),
    OUT p_result INT
)
BEGIN
    DECLARE v_trans_no VARCHAR(30);
    DECLARE v_unit VARCHAR(20);
    DECLARE v_stock_qty DECIMAL(15,3) DEFAULT 0;
    DECLARE v_unit_cost DECIMAL(18,4) DEFAULT 0;
    
    SET p_result = 0;
    
    -- 현재 재고 조회
    SELECT STOCK_QTY, UNIT_COST INTO v_stock_qty, v_unit_cost
    FROM INV_STOCK
    WHERE PLANT_CD = p_plant_cd AND WAREHOUSE_CD = p_warehouse_cd 
      AND ITEM_CD = p_item_cd AND COALESCE(LOT_NO, '') = COALESCE(p_lot_no, '')
      AND STOCK_STATUS = '정상';
    
    -- 재고 부족 체크
    IF v_stock_qty < p_qty THEN
        SET p_result = -1; -- 재고 부족
        SIGNAL SQLSTATE '45000' SET MESSAGE_TEXT = '재고가 부족합니다.';
    END IF;
    
    -- 품목 단위 조회
    SELECT UNIT INTO v_unit FROM MST_ITEM WHERE ITEM_CD = p_item_cd;
    
    -- 재고 차감
    UPDATE INV_STOCK
    SET STOCK_QTY = STOCK_QTY - p_qty,
        STOCK_AMT = (STOCK_QTY - p_qty) * COALESCE(UNIT_COST, 0),
        LAST_OUT_DT = CURDATE(),
        UPD_USER_ID = p_user_id,
        UPD_DTM = NOW()
    WHERE PLANT_CD = p_plant_cd AND WAREHOUSE_CD = p_warehouse_cd 
      AND ITEM_CD = p_item_cd AND COALESCE(LOT_NO, '') = COALESCE(p_lot_no, '');
    
    -- 입출고 이력 등록
    CALL SP_GET_SEQ_NO('TR', 'TR', 4, v_trans_no);
    
    INSERT INTO INV_TRANS_HIS (
        PLANT_CD, TRANS_NO, TRANS_DT, TRANS_TYPE, TRANS_REASON,
        ITEM_CD, LOT_NO, TRANS_QTY, UNIT, FROM_WAREHOUSE_CD,
        BEFORE_QTY, AFTER_QTY, REF_TYPE, REF_NO,
        UNIT_PRICE, TRANS_AMT, TRANS_USER_ID, REG_USER_ID
    ) VALUES (
        p_plant_cd, v_trans_no, CURDATE(), '출고', p_trans_reason,
        p_item_cd, p_lot_no, p_qty, v_unit, p_warehouse_cd,
        v_stock_qty, v_stock_qty - p_qty, p_ref_type, p_ref_no,
        v_unit_cost, p_qty * COALESCE(v_unit_cost, 0), p_user_id, p_user_id
    );
    
    -- LOT 현재수량 업데이트
    IF p_lot_no IS NOT NULL THEN
        UPDATE INV_LOT
        SET CURRENT_QTY = CURRENT_QTY - p_qty,
            UPD_USER_ID = p_user_id,
            UPD_DTM = NOW()
        WHERE LOT_NO = p_lot_no;
    END IF;
    
    SET p_result = 1; -- 성공
    
END ;;
DELIMITER ;
/*!50003 SET sql_mode              = @saved_sql_mode */ ;
/*!50003 SET character_set_client  = @saved_cs_client */ ;
/*!50003 SET character_set_results = @saved_cs_results */ ;
/*!50003 SET collation_connection  = @saved_col_connection */ ;

--
-- Final view structure for view `V_DAILY_PROD_SUMMARY`
--

/*!50001 DROP VIEW IF EXISTS `V_DAILY_PROD_SUMMARY`*/;
/*!50001 SET @saved_cs_client          = @@character_set_client */;
/*!50001 SET @saved_cs_results         = @@character_set_results */;
/*!50001 SET @saved_col_connection     = @@collation_connection */;
/*!50001 SET character_set_client      = utf8mb4 */;
/*!50001 SET character_set_results     = utf8mb4 */;
/*!50001 SET collation_connection      = utf8mb4_0900_ai_ci */;
/*!50001 CREATE ALGORITHM=UNDEFINED */
/*!50013 DEFINER=`avnadmin`@`%` SQL SECURITY DEFINER */
/*!50001 VIEW `V_DAILY_PROD_SUMMARY` AS select `r`.`PLANT_CD` AS `PLANT_CD`,`r`.`RESULT_DT` AS `RESULT_DT`,`r`.`ITEM_CD` AS `ITEM_CD`,`i`.`ITEM_NM` AS `ITEM_NM`,`i`.`ITEM_TYPE` AS `ITEM_TYPE`,`r`.`WORKCENTER_CD` AS `WORKCENTER_CD`,`wc`.`WORKCENTER_NM` AS `WORKCENTER_NM`,count(distinct `r`.`WO_ID`) AS `WO_CNT`,sum(`r`.`PROD_QTY`) AS `TOTAL_PROD_QTY`,sum(`r`.`GOOD_QTY`) AS `TOTAL_GOOD_QTY`,sum(`r`.`DEFECT_QTY`) AS `TOTAL_DEFECT_QTY`,round(((sum(`r`.`GOOD_QTY`) / nullif(sum(`r`.`PROD_QTY`),0)) * 100),2) AS `YIELD_RATE`,sum(`r`.`WORK_TIME`) AS `TOTAL_WORK_TIME` from ((`PRD_WORK_RESULT` `r` join `MST_ITEM` `i` on((`r`.`ITEM_CD` = `i`.`ITEM_CD`))) left join `MST_WORKCENTER` `wc` on((`r`.`WORKCENTER_CD` = `wc`.`WORKCENTER_CD`))) group by `r`.`PLANT_CD`,`r`.`RESULT_DT`,`r`.`ITEM_CD`,`i`.`ITEM_NM`,`i`.`ITEM_TYPE`,`r`.`WORKCENTER_CD`,`wc`.`WORKCENTER_NM` */;
/*!50001 SET character_set_client      = @saved_cs_client */;
/*!50001 SET character_set_results     = @saved_cs_results */;
/*!50001 SET collation_connection      = @saved_col_connection */;

--
-- Final view structure for view `V_DEFECT_ANALYSIS`
--

/*!50001 DROP VIEW IF EXISTS `V_DEFECT_ANALYSIS`*/;
/*!50001 SET @saved_cs_client          = @@character_set_client */;
/*!50001 SET @saved_cs_results         = @@character_set_results */;
/*!50001 SET @saved_col_connection     = @@collation_connection */;
/*!50001 SET character_set_client      = utf8mb4 */;
/*!50001 SET character_set_results     = utf8mb4 */;
/*!50001 SET collation_connection      = utf8mb4_0900_ai_ci */;
/*!50001 CREATE ALGORITHM=UNDEFINED */
/*!50013 DEFINER=`avnadmin`@`%` SQL SECURITY DEFINER */
/*!50001 VIEW `V_DEFECT_ANALYSIS` AS select `d`.`PLANT_CD` AS `PLANT_CD`,`d`.`DEFECT_DT` AS `DEFECT_DT`,`d`.`ITEM_CD` AS `ITEM_CD`,`i`.`ITEM_NM` AS `ITEM_NM`,`d`.`DEFECT_CD` AS `DEFECT_CD`,`dc`.`DEFECT_NM` AS `DEFECT_NM`,`d`.`DEFECT_TYPE` AS `DEFECT_TYPE`,`d`.`PROCESS_CD` AS `PROCESS_CD`,`d`.`EQUIPMENT_CD` AS `EQUIPMENT_CD`,`eq`.`EQUIPMENT_NM` AS `EQUIPMENT_NM`,sum(`d`.`DEFECT_QTY`) AS `TOTAL_DEFECT_QTY`,count(0) AS `DEFECT_CNT` from (((`PRD_DEFECT_HIS` `d` join `MST_ITEM` `i` on((`d`.`ITEM_CD` = `i`.`ITEM_CD`))) left join `QC_DEFECT_CODE` `dc` on((`d`.`DEFECT_CD` = `dc`.`DEFECT_CD`))) left join `MST_EQUIPMENT` `eq` on((`d`.`EQUIPMENT_CD` = `eq`.`EQUIPMENT_CD`))) group by `d`.`PLANT_CD`,`d`.`DEFECT_DT`,`d`.`ITEM_CD`,`i`.`ITEM_NM`,`d`.`DEFECT_CD`,`dc`.`DEFECT_NM`,`d`.`DEFECT_TYPE`,`d`.`PROCESS_CD`,`d`.`EQUIPMENT_CD`,`eq`.`EQUIPMENT_NM` */;
/*!50001 SET character_set_client      = @saved_cs_client */;
/*!50001 SET character_set_results     = @saved_cs_results */;
/*!50001 SET collation_connection      = @saved_col_connection */;

--
-- Final view structure for view `V_DOWNTIME_ANALYSIS`
--

/*!50001 DROP VIEW IF EXISTS `V_DOWNTIME_ANALYSIS`*/;
/*!50001 SET @saved_cs_client          = @@character_set_client */;
/*!50001 SET @saved_cs_results         = @@character_set_results */;
/*!50001 SET @saved_col_connection     = @@collation_connection */;
/*!50001 SET character_set_client      = utf8mb4 */;
/*!50001 SET character_set_results     = utf8mb4 */;
/*!50001 SET collation_connection      = utf8mb4_0900_ai_ci */;
/*!50001 CREATE ALGORITHM=UNDEFINED */
/*!50013 DEFINER=`avnadmin`@`%` SQL SECURITY DEFINER */
/*!50001 VIEW `V_DOWNTIME_ANALYSIS` AS select `d`.`PLANT_CD` AS `PLANT_CD`,`d`.`EQUIPMENT_CD` AS `EQUIPMENT_CD`,`e`.`EQUIPMENT_NM` AS `EQUIPMENT_NM`,`d`.`DOWNTIME_DT` AS `DOWNTIME_DT`,`d`.`DOWNTIME_TYPE` AS `DOWNTIME_TYPE`,`d`.`DOWNTIME_CD` AS `DOWNTIME_CD`,`dc`.`DOWNTIME_NM` AS `DOWNTIME_NM`,sum(`d`.`DOWNTIME_MIN`) AS `TOTAL_DOWNTIME_MIN`,count(0) AS `DOWNTIME_CNT`,`dc`.`PLANNED_YN` AS `PLANNED_YN` from ((`EQP_DOWNTIME` `d` join `MST_EQUIPMENT` `e` on((`d`.`EQUIPMENT_CD` = `e`.`EQUIPMENT_CD`))) join `EQP_DOWNTIME_CODE` `dc` on((`d`.`DOWNTIME_CD` = `dc`.`DOWNTIME_CD`))) group by `d`.`PLANT_CD`,`d`.`EQUIPMENT_CD`,`e`.`EQUIPMENT_NM`,`d`.`DOWNTIME_DT`,`d`.`DOWNTIME_TYPE`,`d`.`DOWNTIME_CD`,`dc`.`DOWNTIME_NM`,`dc`.`PLANNED_YN` */;
/*!50001 SET character_set_client      = @saved_cs_client */;
/*!50001 SET character_set_results     = @saved_cs_results */;
/*!50001 SET collation_connection      = @saved_col_connection */;

--
-- Final view structure for view `V_EQUIPMENT_UTILIZATION`
--

/*!50001 DROP VIEW IF EXISTS `V_EQUIPMENT_UTILIZATION`*/;
/*!50001 SET @saved_cs_client          = @@character_set_client */;
/*!50001 SET @saved_cs_results         = @@character_set_results */;
/*!50001 SET @saved_col_connection     = @@collation_connection */;
/*!50001 SET character_set_client      = utf8mb4 */;
/*!50001 SET character_set_results     = utf8mb4 */;
/*!50001 SET collation_connection      = utf8mb4_0900_ai_ci */;
/*!50001 CREATE ALGORITHM=UNDEFINED */
/*!50013 DEFINER=`avnadmin`@`%` SQL SECURITY DEFINER */
/*!50001 VIEW `V_EQUIPMENT_UTILIZATION` AS select `o`.`PLANT_CD` AS `PLANT_CD`,`o`.`EQUIPMENT_CD` AS `EQUIPMENT_CD`,`e`.`EQUIPMENT_NM` AS `EQUIPMENT_NM`,`e`.`EQUIPMENT_TYPE` AS `EQUIPMENT_TYPE`,`o`.`OPER_DT` AS `OPER_DT`,`o`.`SHIFT` AS `SHIFT`,sum((case when (`o`.`OPER_STATUS` = '가동') then `o`.`OPER_TIME` else 0 end)) AS `RUN_TIME`,sum((case when (`o`.`OPER_STATUS` = '비가동') then `o`.`OPER_TIME` else 0 end)) AS `DOWN_TIME`,sum((case when (`o`.`OPER_STATUS` = '대기') then `o`.`OPER_TIME` else 0 end)) AS `IDLE_TIME`,sum(`o`.`OPER_TIME`) AS `TOTAL_TIME`,round(((sum((case when (`o`.`OPER_STATUS` = '가동') then `o`.`OPER_TIME` else 0 end)) / nullif(sum(`o`.`OPER_TIME`),0)) * 100),2) AS `UTILIZATION_RATE`,sum(`o`.`PROD_QTY`) AS `TOTAL_PROD_QTY` from (`EQP_OPER_STATUS` `o` join `MST_EQUIPMENT` `e` on((`o`.`EQUIPMENT_CD` = `e`.`EQUIPMENT_CD`))) group by `o`.`PLANT_CD`,`o`.`EQUIPMENT_CD`,`e`.`EQUIPMENT_NM`,`e`.`EQUIPMENT_TYPE`,`o`.`OPER_DT`,`o`.`SHIFT` */;
/*!50001 SET character_set_client      = @saved_cs_client */;
/*!50001 SET character_set_results     = @saved_cs_results */;
/*!50001 SET collation_connection      = @saved_col_connection */;

--
-- Final view structure for view `V_INSPECT_SUMMARY`
--

/*!50001 DROP VIEW IF EXISTS `V_INSPECT_SUMMARY`*/;
/*!50001 SET @saved_cs_client          = @@character_set_client */;
/*!50001 SET @saved_cs_results         = @@character_set_results */;
/*!50001 SET @saved_col_connection     = @@collation_connection */;
/*!50001 SET character_set_client      = utf8mb4 */;
/*!50001 SET character_set_results     = utf8mb4 */;
/*!50001 SET collation_connection      = utf8mb4_0900_ai_ci */;
/*!50001 CREATE ALGORITHM=UNDEFINED */
/*!50013 DEFINER=`avnadmin`@`%` SQL SECURITY DEFINER */
/*!50001 VIEW `V_INSPECT_SUMMARY` AS select `ir`.`PLANT_CD` AS `PLANT_CD`,`ir`.`INSPECT_DT` AS `INSPECT_DT`,`ir`.`INSPECT_TYPE` AS `INSPECT_TYPE`,`ir`.`ITEM_CD` AS `ITEM_CD`,`i`.`ITEM_NM` AS `ITEM_NM`,count(0) AS `INSPECT_CNT`,sum(`ir`.`INSPECT_QTY`) AS `TOTAL_INSPECT_QTY`,sum(`ir`.`PASS_QTY`) AS `TOTAL_PASS_QTY`,sum(`ir`.`FAIL_QTY`) AS `TOTAL_FAIL_QTY`,round(((sum(`ir`.`PASS_QTY`) / nullif(sum(`ir`.`INSPECT_QTY`),0)) * 100),2) AS `PASS_RATE`,sum((case when (`ir`.`JUDGE_RESULT` = '합격') then 1 else 0 end)) AS `PASS_CNT`,sum((case when (`ir`.`JUDGE_RESULT` = '불합격') then 1 else 0 end)) AS `FAIL_CNT`,sum((case when (`ir`.`JUDGE_RESULT` = '조건부합격') then 1 else 0 end)) AS `COND_PASS_CNT` from (`QC_INSPECT_RESULT` `ir` join `MST_ITEM` `i` on((`ir`.`ITEM_CD` = `i`.`ITEM_CD`))) group by `ir`.`PLANT_CD`,`ir`.`INSPECT_DT`,`ir`.`INSPECT_TYPE`,`ir`.`ITEM_CD`,`i`.`ITEM_NM` */;
/*!50001 SET character_set_client      = @saved_cs_client */;
/*!50001 SET character_set_results     = @saved_cs_results */;
/*!50001 SET collation_connection      = @saved_col_connection */;

--
-- Final view structure for view `V_LOT_TRACKING`
--

/*!50001 DROP VIEW IF EXISTS `V_LOT_TRACKING`*/;
/*!50001 SET @saved_cs_client          = @@character_set_client */;
/*!50001 SET @saved_cs_results         = @@character_set_results */;
/*!50001 SET @saved_col_connection     = @@collation_connection */;
/*!50001 SET character_set_client      = utf8mb4 */;
/*!50001 SET character_set_results     = utf8mb4 */;
/*!50001 SET collation_connection      = utf8mb4_0900_ai_ci */;
/*!50001 CREATE ALGORITHM=UNDEFINED */
/*!50013 DEFINER=`avnadmin`@`%` SQL SECURITY DEFINER */
/*!50001 VIEW `V_LOT_TRACKING` AS select `l`.`LOT_NO` AS `LOT_NO`,`l`.`PLANT_CD` AS `PLANT_CD`,`l`.`ITEM_CD` AS `ITEM_CD`,`i`.`ITEM_NM` AS `ITEM_NM`,`l`.`LOT_QTY` AS `LOT_QTY`,`l`.`CURRENT_QTY` AS `CURRENT_QTY`,`l`.`CREATE_DT` AS `CREATE_DT`,`l`.`EXPIRE_DT` AS `EXPIRE_DT`,`l`.`LOT_STATUS` AS `LOT_STATUS`,`l`.`VENDOR_CD` AS `VENDOR_CD`,`v`.`VENDOR_NM` AS `VENDOR_NM`,`l`.`VENDOR_LOT_NO` AS `VENDOR_LOT_NO`,`l`.`WO_ID` AS `WO_ID`,`wo`.`WO_NO` AS `WO_NO`,`l`.`PARENT_LOT_NO` AS `PARENT_LOT_NO` from (((`INV_LOT` `l` join `MST_ITEM` `i` on((`l`.`ITEM_CD` = `i`.`ITEM_CD`))) left join `MST_VENDOR` `v` on((`l`.`VENDOR_CD` = `v`.`VENDOR_CD`))) left join `PLN_WORK_ORDER` `wo` on((`l`.`WO_ID` = `wo`.`WO_ID`))) */;
/*!50001 SET character_set_client      = @saved_cs_client */;
/*!50001 SET character_set_results     = @saved_cs_results */;
/*!50001 SET collation_connection      = @saved_col_connection */;

--
-- Final view structure for view `V_MAINT_SCHEDULE_ALERT`
--

/*!50001 DROP VIEW IF EXISTS `V_MAINT_SCHEDULE_ALERT`*/;
/*!50001 SET @saved_cs_client          = @@character_set_client */;
/*!50001 SET @saved_cs_results         = @@character_set_results */;
/*!50001 SET @saved_col_connection     = @@collation_connection */;
/*!50001 SET character_set_client      = utf8mb4 */;
/*!50001 SET character_set_results     = utf8mb4 */;
/*!50001 SET collation_connection      = utf8mb4_0900_ai_ci */;
/*!50001 CREATE ALGORITHM=UNDEFINED */
/*!50013 DEFINER=`avnadmin`@`%` SQL SECURITY DEFINER */
/*!50001 VIEW `V_MAINT_SCHEDULE_ALERT` AS select `mp`.`MAINT_PLAN_ID` AS `MAINT_PLAN_ID`,`mp`.`PLANT_CD` AS `PLANT_CD`,`mp`.`EQUIPMENT_CD` AS `EQUIPMENT_CD`,`e`.`EQUIPMENT_NM` AS `EQUIPMENT_NM`,`e`.`WORKCENTER_CD` AS `WORKCENTER_CD`,`wc`.`WORKCENTER_NM` AS `WORKCENTER_NM`,`mp`.`MAINT_PLAN_NM` AS `MAINT_PLAN_NM`,`mp`.`MAINT_TYPE` AS `MAINT_TYPE`,`mp`.`NEXT_MAINT_DT` AS `NEXT_MAINT_DT`,`mp`.`LAST_MAINT_DT` AS `LAST_MAINT_DT`,(to_days(`mp`.`NEXT_MAINT_DT`) - to_days(curdate())) AS `DAYS_UNTIL_MAINT`,(case when (`mp`.`NEXT_MAINT_DT` <= curdate()) then '지연' when (`mp`.`NEXT_MAINT_DT` <= (curdate() + interval `mp`.`LEAD_TIME` day)) then '임박' else '정상' end) AS `MAINT_ALERT_STATUS`,`mp`.`MANAGER_ID` AS `MANAGER_ID`,`w`.`WORKER_NM` AS `MANAGER_NM` from (((`EQP_MAINT_PLAN` `mp` join `MST_EQUIPMENT` `e` on((`mp`.`EQUIPMENT_CD` = `e`.`EQUIPMENT_CD`))) join `MST_WORKCENTER` `wc` on((`e`.`WORKCENTER_CD` = `wc`.`WORKCENTER_CD`))) left join `MST_WORKER` `w` on((`mp`.`MANAGER_ID` = `w`.`WORKER_ID`))) where ((`mp`.`USE_YN` = 'Y') and (`mp`.`NEXT_MAINT_DT` is not null)) */;
/*!50001 SET character_set_client      = @saved_cs_client */;
/*!50001 SET character_set_results     = @saved_cs_results */;
/*!50001 SET collation_connection      = @saved_col_connection */;

--
-- Final view structure for view `V_STOCK_SUMMARY`
--

/*!50001 DROP VIEW IF EXISTS `V_STOCK_SUMMARY`*/;
/*!50001 SET @saved_cs_client          = @@character_set_client */;
/*!50001 SET @saved_cs_results         = @@character_set_results */;
/*!50001 SET @saved_col_connection     = @@collation_connection */;
/*!50001 SET character_set_client      = utf8mb4 */;
/*!50001 SET character_set_results     = utf8mb4 */;
/*!50001 SET collation_connection      = utf8mb4_0900_ai_ci */;
/*!50001 CREATE ALGORITHM=UNDEFINED */
/*!50013 DEFINER=`avnadmin`@`%` SQL SECURITY DEFINER */
/*!50001 VIEW `V_STOCK_SUMMARY` AS select `s`.`PLANT_CD` AS `PLANT_CD`,`s`.`ITEM_CD` AS `ITEM_CD`,`i`.`ITEM_NM` AS `ITEM_NM`,`i`.`ITEM_TYPE` AS `ITEM_TYPE`,`i`.`ITEM_GRP` AS `ITEM_GRP`,`i`.`UNIT` AS `UNIT`,sum(`s`.`STOCK_QTY`) AS `TOTAL_STOCK_QTY`,sum(`s`.`RESERVED_QTY`) AS `TOTAL_RESERVED_QTY`,sum(`s`.`AVAILABLE_QTY`) AS `TOTAL_AVAILABLE_QTY`,`i`.`SAFETY_STOCK_QTY` AS `SAFETY_STOCK_QTY`,(case when (sum(`s`.`AVAILABLE_QTY`) < coalesce(`i`.`SAFETY_STOCK_QTY`,0)) then 'Y' else 'N' end) AS `LOW_STOCK_YN`,sum(`s`.`STOCK_AMT`) AS `TOTAL_STOCK_AMT` from (`INV_STOCK` `s` join `MST_ITEM` `i` on((`s`.`ITEM_CD` = `i`.`ITEM_CD`))) where (`s`.`STOCK_STATUS` = '정상') group by `s`.`PLANT_CD`,`s`.`ITEM_CD`,`i`.`ITEM_NM`,`i`.`ITEM_TYPE`,`i`.`ITEM_GRP`,`i`.`UNIT`,`i`.`SAFETY_STOCK_QTY` */;
/*!50001 SET character_set_client      = @saved_cs_client */;
/*!50001 SET character_set_results     = @saved_cs_results */;
/*!50001 SET collation_connection      = @saved_col_connection */;

--
-- Final view structure for view `V_VENDOR_INSPECT_STATUS`
--

/*!50001 DROP VIEW IF EXISTS `V_VENDOR_INSPECT_STATUS`*/;
/*!50001 SET @saved_cs_client          = @@character_set_client */;
/*!50001 SET @saved_cs_results         = @@character_set_results */;
/*!50001 SET @saved_col_connection     = @@collation_connection */;
/*!50001 SET character_set_client      = utf8mb4 */;
/*!50001 SET character_set_results     = utf8mb4 */;
/*!50001 SET collation_connection      = utf8mb4_0900_ai_ci */;
/*!50001 CREATE ALGORITHM=UNDEFINED */
/*!50013 DEFINER=`avnadmin`@`%` SQL SECURITY DEFINER */
/*!50001 VIEW `V_VENDOR_INSPECT_STATUS` AS select `ir`.`PLANT_CD` AS `PLANT_CD`,`ir`.`VENDOR_CD` AS `VENDOR_CD`,`v`.`VENDOR_NM` AS `VENDOR_NM`,`ir`.`ITEM_CD` AS `ITEM_CD`,`i`.`ITEM_NM` AS `ITEM_NM`,count(0) AS `INSPECT_CNT`,sum(`ir`.`INSPECT_QTY`) AS `TOTAL_INSPECT_QTY`,sum(`ir`.`PASS_QTY`) AS `TOTAL_PASS_QTY`,sum(`ir`.`FAIL_QTY`) AS `TOTAL_FAIL_QTY`,round(((sum(`ir`.`PASS_QTY`) / nullif(sum(`ir`.`INSPECT_QTY`),0)) * 100),2) AS `PASS_RATE` from ((`QC_INSPECT_RESULT` `ir` join `MST_ITEM` `i` on((`ir`.`ITEM_CD` = `i`.`ITEM_CD`))) join `MST_VENDOR` `v` on((`ir`.`VENDOR_CD` = `v`.`VENDOR_CD`))) where (`ir`.`INSPECT_TYPE` = '수입검사') group by `ir`.`PLANT_CD`,`ir`.`VENDOR_CD`,`v`.`VENDOR_NM`,`ir`.`ITEM_CD`,`i`.`ITEM_NM` */;
/*!50001 SET character_set_client      = @saved_cs_client */;
/*!50001 SET character_set_results     = @saved_cs_results */;
/*!50001 SET collation_connection      = @saved_col_connection */;

--
-- Final view structure for view `V_WAREHOUSE_STOCK`
--

/*!50001 DROP VIEW IF EXISTS `V_WAREHOUSE_STOCK`*/;
/*!50001 SET @saved_cs_client          = @@character_set_client */;
/*!50001 SET @saved_cs_results         = @@character_set_results */;
/*!50001 SET @saved_col_connection     = @@collation_connection */;
/*!50001 SET character_set_client      = utf8mb4 */;
/*!50001 SET character_set_results     = utf8mb4 */;
/*!50001 SET collation_connection      = utf8mb4_0900_ai_ci */;
/*!50001 CREATE ALGORITHM=UNDEFINED */
/*!50013 DEFINER=`avnadmin`@`%` SQL SECURITY DEFINER */
/*!50001 VIEW `V_WAREHOUSE_STOCK` AS select `s`.`PLANT_CD` AS `PLANT_CD`,`s`.`WAREHOUSE_CD` AS `WAREHOUSE_CD`,`wh`.`WAREHOUSE_NM` AS `WAREHOUSE_NM`,`wh`.`WAREHOUSE_TYPE` AS `WAREHOUSE_TYPE`,`s`.`ITEM_CD` AS `ITEM_CD`,`i`.`ITEM_NM` AS `ITEM_NM`,`i`.`ITEM_TYPE` AS `ITEM_TYPE`,`s`.`LOT_NO` AS `LOT_NO`,`s`.`STOCK_QTY` AS `STOCK_QTY`,`s`.`RESERVED_QTY` AS `RESERVED_QTY`,`s`.`AVAILABLE_QTY` AS `AVAILABLE_QTY`,`s`.`STOCK_STATUS` AS `STOCK_STATUS`,`s`.`EXPIRE_DT` AS `EXPIRE_DT`,(case when ((`s`.`EXPIRE_DT` is not null) and (`s`.`EXPIRE_DT` <= (curdate() + interval 30 day))) then 'Y' else 'N' end) AS `NEAR_EXPIRE_YN` from ((`INV_STOCK` `s` join `MST_ITEM` `i` on((`s`.`ITEM_CD` = `i`.`ITEM_CD`))) join `MST_WAREHOUSE` `wh` on((`s`.`WAREHOUSE_CD` = `wh`.`WAREHOUSE_CD`))) where (`s`.`STOCK_QTY` > 0) */;
/*!50001 SET character_set_client      = @saved_cs_client */;
/*!50001 SET character_set_results     = @saved_cs_results */;
/*!50001 SET collation_connection      = @saved_col_connection */;

--
-- Final view structure for view `V_WORK_ORDER_STATUS`
--

/*!50001 DROP VIEW IF EXISTS `V_WORK_ORDER_STATUS`*/;
/*!50001 SET @saved_cs_client          = @@character_set_client */;
/*!50001 SET @saved_cs_results         = @@character_set_results */;
/*!50001 SET @saved_col_connection     = @@collation_connection */;
/*!50001 SET character_set_client      = utf8mb4 */;
/*!50001 SET character_set_results     = utf8mb4 */;
/*!50001 SET collation_connection      = utf8mb4_0900_ai_ci */;
/*!50001 CREATE ALGORITHM=UNDEFINED */
/*!50013 DEFINER=`avnadmin`@`%` SQL SECURITY DEFINER */
/*!50001 VIEW `V_WORK_ORDER_STATUS` AS select `wo`.`WO_ID` AS `WO_ID`,`wo`.`PLANT_CD` AS `PLANT_CD`,`wo`.`WO_NO` AS `WO_NO`,`wo`.`WO_DT` AS `WO_DT`,`wo`.`ITEM_CD` AS `ITEM_CD`,`i`.`ITEM_NM` AS `ITEM_NM`,`wo`.`WO_QTY` AS `WO_QTY`,`wo`.`GOOD_QTY` AS `GOOD_QTY`,`wo`.`DEFECT_QTY` AS `DEFECT_QTY`,round(((`wo`.`GOOD_QTY` / nullif(`wo`.`WO_QTY`,0)) * 100),2) AS `PROGRESS_RATE`,`wo`.`WO_STATUS` AS `WO_STATUS`,`wo`.`WORKCENTER_CD` AS `WORKCENTER_CD`,`wc`.`WORKCENTER_NM` AS `WORKCENTER_NM`,`wo`.`EQUIPMENT_CD` AS `EQUIPMENT_CD`,`eq`.`EQUIPMENT_NM` AS `EQUIPMENT_NM`,`wo`.`WORKER_ID` AS `WORKER_ID`,`w`.`WORKER_NM` AS `WORKER_NM`,`wo`.`PLAN_START_DTM` AS `PLAN_START_DTM`,`wo`.`PLAN_END_DTM` AS `PLAN_END_DTM`,`wo`.`ACTUAL_START_DTM` AS `ACTUAL_START_DTM`,`wo`.`ACTUAL_END_DTM` AS `ACTUAL_END_DTM`,`wo`.`LOT_NO` AS `LOT_NO`,`wo`.`PRIORITY` AS `PRIORITY` from ((((`PLN_WORK_ORDER` `wo` join `MST_ITEM` `i` on((`wo`.`ITEM_CD` = `i`.`ITEM_CD`))) left join `MST_WORKCENTER` `wc` on((`wo`.`WORKCENTER_CD` = `wc`.`WORKCENTER_CD`))) left join `MST_EQUIPMENT` `eq` on((`wo`.`EQUIPMENT_CD` = `eq`.`EQUIPMENT_CD`))) left join `MST_WORKER` `w` on((`wo`.`WORKER_ID` = `w`.`WORKER_ID`))) */;
/*!50001 SET character_set_client      = @saved_cs_client */;
/*!50001 SET character_set_results     = @saved_cs_results */;
/*!50001 SET collation_connection      = @saved_col_connection */;
SET @@SESSION.SQL_LOG_BIN = @MYSQLDUMP_TEMP_LOG_BIN;
/*!40103 SET TIME_ZONE=@OLD_TIME_ZONE */;

/*!40101 SET SQL_MODE=@OLD_SQL_MODE */;
/*!40014 SET FOREIGN_KEY_CHECKS=@OLD_FOREIGN_KEY_CHECKS */;
/*!40014 SET UNIQUE_CHECKS=@OLD_UNIQUE_CHECKS */;
/*!40101 SET CHARACTER_SET_CLIENT=@OLD_CHARACTER_SET_CLIENT */;
/*!40101 SET CHARACTER_SET_RESULTS=@OLD_CHARACTER_SET_RESULTS */;
/*!40101 SET COLLATION_CONNECTION=@OLD_COLLATION_CONNECTION */;
/*!40111 SET SQL_NOTES=@OLD_SQL_NOTES */;

-- Dump completed on 2026-05-26 10:14:43
